[     319ms] [INFO] %cDownload the React DevTools for a better development experience: https://react.dev/link/react-devtools font-weight:bold @ http://127.0.0.1:3000/_next/static/chunks/node_modules_next_dist_f3530cac._.js:2297
[     444ms] [LOG] [HMR] connected @ http://127.0.0.1:3000/_next/static/chunks/node_modules_next_dist_f3530cac._.js:2297
[    2810ms] [LOG] [Fast Refresh] rebuilding @ http://127.0.0.1:3000/_next/static/chunks/node_modules_next_dist_f3530cac._.js:2297
[    3078ms] [LOG] [Fast Refresh] done in 369ms @ http://127.0.0.1:3000/_next/static/chunks/node_modules_next_dist_f3530cac._.js:2297
[  273886ms] [LOG] [Fast Refresh] rebuilding @ http://127.0.0.1:3000/_next/static/chunks/node_modules_next_dist_f3530cac._.js:2297
[  275361ms] [ERROR] %o

%s TypeError: Cannot read properties of undefined (reading 'games')
    at MobileHomeIntroSlide (http://127.0.0.1:3000/_next/static/chunks/src_007d6773._.js?id=%255Bproject%255D%252Fsrc%252Fcomponents%252Fhome%252Fmobile-home-intro-slide.tsx+%255Bapp-client%255D+%2528ecmascript%2529:134:26)
    at Object.react_stack_bottom_frame (http://127.0.0.1:3000/_next/static/chunks/node_modules_next_dist_compiled_react-dom_1e674e59._.js:14826:24)
    at renderWithHooks (http://127.0.0.1:3000/_next/static/chunks/node_modules_next_dist_compiled_react-dom_1e674e59._.js:4651:24)
    at updateFunctionComponent (http://127.0.0.1:3000/_next/static/chunks/node_modules_next_dist_compiled_react-dom_1e674e59._.js:6112:21)
    at beginWork (http://127.0.0.1:3000/_next/static/chunks/node_modules_next_dist_compiled_react-dom_1e674e59._.js:6708:24)
    at runWithFiberInDEV (http://127.0.0.1:3000/_next/static/chunks/node_modules_next_dist_compiled_react-dom_1e674e59._.js:965:74)
    at performUnitOfWork (http://127.0.0.1:3000/_next/static/chunks/node_modules_next_dist_compiled_react-dom_1e674e59._.js:9562:97)
    at workLoopSync (http://127.0.0.1:3000/_next/static/chunks/node_modules_next_dist_compiled_react-dom_1e674e59._.js:9456:40)
    at renderRootSync (http://127.0.0.1:3000/_next/static/chunks/node_modules_next_dist_compiled_react-dom_1e674e59._.js:9440:13)
    at performWorkOnRoot (http://127.0.0.1:3000/_next/static/chunks/node_modules_next_dist_compiled_react-dom_1e674e59._.js:9068:186)
    at performSyncWorkOnRoot (http://127.0.0.1:3000/_next/static/chunks/node_modules_next_dist_compiled_react-dom_1e674e59._.js:10238:9)
    at flushSyncWorkAcrossRoots_impl (http://127.0.0.1:3000/_next/static/chunks/node_modules_next_dist_compiled_react-dom_1e674e59._.js:10154:316)
    at flushSyncWork$1 (http://127.0.0.1:3000/_next/static/chunks/node_modules_next_dist_compiled_react-dom_1e674e59._.js:9237:86)
    at Object.scheduleRefresh (http://127.0.0.1:3000/_next/static/chunks/node_modules_next_dist_compiled_react-dom_1e674e59._.js:299:13)
    at http://127.0.0.1:3000/_next/static/chunks/node_modules_next_dist_compiled_a0e4c7b4._.js:391:33
    at Set.forEach (<anonymous>)
    at Object.performReactRefresh (http://127.0.0.1:3000/_next/static/chunks/node_modules_next_dist_compiled_a0e4c7b4._.js:384:38)
    at applyUpdate (http://127.0.0.1:3000/_next/static/chunks/node_modules_next_dist_compiled_a0e4c7b4._.js:878:31)
    at http://127.0.0.1:3000/_next/static/chunks/node_modules_next_dist_compiled_a0e4c7b4._.js:886:13 The above error occurred in the <MobileHomeIntroSlide> component. It was handled by the <ErrorBoundaryHandler> error boundary. @ http://127.0.0.1:3000/_next/static/chunks/node_modules_next_dist_client_17643121._.js:1342
[  275385ms] [ERROR] Unhandled error: TypeError: Cannot read properties of undefined (reading 'games')
    at MobileHomeIntroSlide (http://127.0.0.1:3000/_next/static/chunks/src_007d6773._.js?id=%255Bproject%255D%252Fsrc%252Fcomponents%252Fhome%252Fmobile-home-intro-slide.tsx+%255Bapp-client%255D+%2528ecmascript%2529:134:26)
    at Object.react_stack_bottom_frame (http://127.0.0.1:3000/_next/static/chunks/node_modules_next_dist_compiled_react-dom_1e674e59._.js:14826:24)
    at renderWithHooks (http://127.0.0.1:3000/_next/static/chunks/node_modules_next_dist_compiled_react-dom_1e674e59._.js:4651:24)
    at updateFunctionComponent (http://127.0.0.1:3000/_next/static/chunks/node_modules_next_dist_compiled_react-dom_1e674e59._.js:6112:21)
    at beginWork (http://127.0.0.1:3000/_next/static/chunks/node_modules_next_dist_compiled_react-dom_1e674e59._.js:6708:24)
    at runWithFiberInDEV (http://127.0.0.1:3000/_next/static/chunks/node_modules_next_dist_compiled_react-dom_1e674e59._.js:965:74)
    at performUnitOfWork (http://127.0.0.1:3000/_next/static/chunks/node_modules_next_dist_compiled_react-dom_1e674e59._.js:9562:97)
    at workLoopSync (http://127.0.0.1:3000/_next/static/chunks/node_modules_next_dist_compiled_react-dom_1e674e59._.js:9456:40)
    at renderRootSync (http://127.0.0.1:3000/_next/static/chunks/node_modules_next_dist_compiled_react-dom_1e674e59._.js:9440:13)
    at performWorkOnRoot (http://127.0.0.1:3000/_next/static/chunks/node_modules_next_dist_compiled_react-dom_1e674e59._.js:9068:186)
    at performSyncWorkOnRoot (http://127.0.0.1:3000/_next/static/chunks/node_modules_next_dist_compiled_react-dom_1e674e59._.js:10238:9)
    at flushSyncWorkAcrossRoots_impl (http://127.0.0.1:3000/_next/static/chunks/node_modules_next_dist_compiled_react-dom_1e674e59._.js:10154:316)
    at flushSyncWork$1 (http://127.0.0.1:3000/_next/static/chunks/node_modules_next_dist_compiled_react-dom_1e674e59._.js:9237:86)
    at Object.scheduleRefresh (http://127.0.0.1:3000/_next/static/chunks/node_modules_next_dist_compiled_react-dom_1e674e59._.js:299:13)
    at http://127.0.0.1:3000/_next/static/chunks/node_modules_next_dist_compiled_a0e4c7b4._.js:391:33
    at Set.forEach (<anonymous>)
    at Object.performReactRefresh (http://127.0.0.1:3000/_next/static/chunks/node_modules_next_dist_compiled_a0e4c7b4._.js:384:38)
    at applyUpdate (http://127.0.0.1:3000/_next/static/chunks/node_modules_next_dist_compiled_a0e4c7b4._.js:878:31)
    at http://127.0.0.1:3000/_next/static/chunks/node_modules_next_dist_compiled_a0e4c7b4._.js:886:13 @ http://127.0.0.1:3000/_next/static/chunks/node_modules_next_dist_f3530cac._.js:3127
[  275387ms] [ERROR] Unhandled error: TypeError: Cannot read properties of undefined (reading 'games')
    at MobileHomeIntroSlide (http://127.0.0.1:3000/_next/static/chunks/src_007d6773._.js?id=%255Bproject%255D%252Fsrc%252Fcomponents%252Fhome%252Fmobile-home-intro-slide.tsx+%255Bapp-client%255D+%2528ecmascript%2529:134:26)
    at Object.react_stack_bottom_frame (http://127.0.0.1:3000/_next/static/chunks/node_modules_next_dist_compiled_react-dom_1e674e59._.js:14826:24)
    at renderWithHooks (http://127.0.0.1:3000/_next/static/chunks/node_modules_next_dist_compiled_react-dom_1e674e59._.js:4651:24)
    at updateFunctionComponent (http://127.0.0.1:3000/_next/static/chunks/node_modules_next_dist_compiled_react-dom_1e674e59._.js:6112:21)
    at beginWork (http://127.0.0.1:3000/_next/static/chunks/node_modules_next_dist_compiled_react-dom_1e674e59._.js:6708:24)
    at runWithFiberInDEV (http://127.0.0.1:3000/_next/static/chunks/node_modules_next_dist_compiled_react-dom_1e674e59._.js:965:74)
    at performUnitOfWork (http://127.0.0.1:3000/_next/static/chunks/node_modules_next_dist_compiled_react-dom_1e674e59._.js:9562:97)
    at workLoopSync (http://127.0.0.1:3000/_next/static/chunks/node_modules_next_dist_compiled_react-dom_1e674e59._.js:9456:40)
    at renderRootSync (http://127.0.0.1:3000/_next/static/chunks/node_modules_next_dist_compiled_react-dom_1e674e59._.js:9440:13)
    at performWorkOnRoot (http://127.0.0.1:3000/_next/static/chunks/node_modules_next_dist_compiled_react-dom_1e674e59._.js:9068:186)
    at performSyncWorkOnRoot (http://127.0.0.1:3000/_next/static/chunks/node_modules_next_dist_compiled_react-dom_1e674e59._.js:10238:9)
    at flushSyncWorkAcrossRoots_impl (http://127.0.0.1:3000/_next/static/chunks/node_modules_next_dist_compiled_react-dom_1e674e59._.js:10154:316)
    at flushSyncWork$1 (http://127.0.0.1:3000/_next/static/chunks/node_modules_next_dist_compiled_react-dom_1e674e59._.js:9237:86)
    at Object.scheduleRefresh (http://127.0.0.1:3000/_next/static/chunks/node_modules_next_dist_compiled_react-dom_1e674e59._.js:299:13)
    at http://127.0.0.1:3000/_next/static/chunks/node_modules_next_dist_compiled_a0e4c7b4._.js:391:33
    at Set.forEach (<anonymous>)
    at Object.performReactRefresh (http://127.0.0.1:3000/_next/static/chunks/node_modules_next_dist_compiled_a0e4c7b4._.js:384:38)
    at applyUpdate (http://127.0.0.1:3000/_next/static/chunks/node_modules_next_dist_compiled_a0e4c7b4._.js:878:31)
    at http://127.0.0.1:3000/_next/static/chunks/node_modules_next_dist_compiled_a0e4c7b4._.js:886:13 @ http://127.0.0.1:3000/_next/static/chunks/node_modules_next_dist_f3530cac._.js:3127
[  275401ms] [LOG] [Fast Refresh] done in 1498ms @ http://127.0.0.1:3000/_next/static/chunks/node_modules_next_dist_f3530cac._.js:2297
[  275503ms] [LOG] [Fast Refresh] rebuilding @ http://127.0.0.1:3000/_next/static/chunks/node_modules_next_dist_f3530cac._.js:2297
[  276384ms] [LOG] [Fast Refresh] done in 983ms @ http://127.0.0.1:3000/_next/static/chunks/node_modules_next_dist_f3530cac._.js:2297
[  277950ms] [INFO] %cDownload the React DevTools for a better development experience: https://react.dev/link/react-devtools font-weight:bold @ http://127.0.0.1:3000/_next/static/chunks/node_modules_next_dist_f3530cac._.js:2297
[  278036ms] [LOG] [HMR] connected @ http://127.0.0.1:3000/_next/static/chunks/node_modules_next_dist_f3530cac._.js:2297
[  373002ms] [LOG] [Fast Refresh] rebuilding @ http://127.0.0.1:3000/_next/static/chunks/node_modules_next_dist_f3530cac._.js:2297
[  373596ms] [ERROR] ./src/app/page.tsx:8:1
Module not found: Can't resolve '@/components/home/home-hero-section'
   6 | import { ActiveJamBanner } from "@/components/jams/active-jam-banner"
   7 | import { HomeGameLane } from "@/components/home/home-game-lane"
>  8 | import { HomeHeroSection } from "@/components/home/home-hero-section"
     | ^^^^^^^^^^^^^^^^^^^^^^^^^^^^^^^^^^^^^^^^^^^^^^^^^^^^^^^^^^^^^^^^^^^^^
   9 | import {
  10 |   HomeCategoryBar,
  11 |   HomeCommunityCta,

Import map: aliased to relative './src/components/home/home-hero-section' inside of [project]/

https://nextjs.org/docs/messages/module-not-found @ http://127.0.0.1:3000/_next/static/chunks/node_modules_next_dist_f3530cac._.js:3127
[  373665ms] [ERROR] ./src/app/page.tsx:8:1
Module not found: Can't resolve '@/components/home/home-hero-section'
   6 | import { ActiveJamBanner } from "@/components/jams/active-jam-banner"
   7 | import { HomeGameLane } from "@/components/home/home-game-lane"
>  8 | import { HomeHeroSection } from "@/components/home/home-hero-section"
     | ^^^^^^^^^^^^^^^^^^^^^^^^^^^^^^^^^^^^^^^^^^^^^^^^^^^^^^^^^^^^^^^^^^^^^
   9 | import {
  10 |   HomeCategoryBar,
  11 |   HomeCommunityCta,

Import map: aliased to relative './src/components/home/home-hero-section' inside of [project]/

https://nextjs.org/docs/messages/module-not-found @ http://127.0.0.1:3000/_next/static/chunks/node_modules_next_dist_f3530cac._.js:3127
[  373729ms] [ERROR] ./src/app/page.tsx:8:1
Module not found: Can't resolve '@/components/home/home-hero-section'
   6 | import { ActiveJamBanner } from "@/components/jams/active-jam-banner"
   7 | import { HomeGameLane } from "@/components/home/home-game-lane"
>  8 | import { HomeHeroSection } from "@/components/home/home-hero-section"
     | ^^^^^^^^^^^^^^^^^^^^^^^^^^^^^^^^^^^^^^^^^^^^^^^^^^^^^^^^^^^^^^^^^^^^^
   9 | import {
  10 |   HomeCategoryBar,
  11 |   HomeCommunityCta,

Import map: aliased to relative './src/components/home/home-hero-section' inside of [project]/

https://nextjs.org/docs/messages/module-not-found @ http://127.0.0.1:3000/_next/static/chunks/node_modules_next_dist_f3530cac._.js:3127
[  373797ms] [ERROR] ./src/app/page.tsx:8:1
Module not found: Can't resolve '@/components/home/home-hero-section'
   6 | import { ActiveJamBanner } from "@/components/jams/active-jam-banner"
   7 | import { HomeGameLane } from "@/components/home/home-game-lane"
>  8 | import { HomeHeroSection } from "@/components/home/home-hero-section"
     | ^^^^^^^^^^^^^^^^^^^^^^^^^^^^^^^^^^^^^^^^^^^^^^^^^^^^^^^^^^^^^^^^^^^^^
   9 | import {
  10 |   HomeCategoryBar,
  11 |   HomeCommunityCta,

Import map: aliased to relative './src/components/home/home-hero-section' inside of [project]/

https://nextjs.org/docs/messages/module-not-found @ http://127.0.0.1:3000/_next/static/chunks/node_modules_next_dist_f3530cac._.js:3127
[  373859ms] [ERROR] ./src/app/page.tsx:8:1
Module not found: Can't resolve '@/components/home/home-hero-section'
   6 | import { ActiveJamBanner } from "@/components/jams/active-jam-banner"
   7 | import { HomeGameLane } from "@/components/home/home-game-lane"
>  8 | import { HomeHeroSection } from "@/components/home/home-hero-section"
     | ^^^^^^^^^^^^^^^^^^^^^^^^^^^^^^^^^^^^^^^^^^^^^^^^^^^^^^^^^^^^^^^^^^^^^
   9 | import {
  10 |   HomeCategoryBar,
  11 |   HomeCommunityCta,

Import map: aliased to relative './src/components/home/home-hero-section' inside of [project]/

https://nextjs.org/docs/messages/module-not-found @ http://127.0.0.1:3000/_next/static/chunks/node_modules_next_dist_f3530cac._.js:3127
[  373921ms] [ERROR] ./src/app/page.tsx:8:1
Module not found: Can't resolve '@/components/home/home-hero-section'
   6 | import { ActiveJamBanner } from "@/components/jams/active-jam-banner"
   7 | import { HomeGameLane } from "@/components/home/home-game-lane"
>  8 | import { HomeHeroSection } from "@/components/home/home-hero-section"
     | ^^^^^^^^^^^^^^^^^^^^^^^^^^^^^^^^^^^^^^^^^^^^^^^^^^^^^^^^^^^^^^^^^^^^^
   9 | import {
  10 |   HomeCategoryBar,
  11 |   HomeCommunityCta,

Import map: aliased to relative './src/components/home/home-hero-section' inside of [project]/

https://nextjs.org/docs/messages/module-not-found @ http://127.0.0.1:3000/_next/static/chunks/node_modules_next_dist_f3530cac._.js:3127
[  373986ms] [ERROR] ./src/app/page.tsx:8:1
Module not found: Can't resolve '@/components/home/home-hero-section'
   6 | import { ActiveJamBanner } from "@/components/jams/active-jam-banner"
   7 | import { HomeGameLane } from "@/components/home/home-game-lane"
>  8 | import { HomeHeroSection } from "@/components/home/home-hero-section"
     | ^^^^^^^^^^^^^^^^^^^^^^^^^^^^^^^^^^^^^^^^^^^^^^^^^^^^^^^^^^^^^^^^^^^^^
   9 | import {
  10 |   HomeCategoryBar,
  11 |   HomeCommunityCta,

Import map: aliased to relative './src/components/home/home-hero-section' inside of [project]/

https://nextjs.org/docs/messages/module-not-found @ http://127.0.0.1:3000/_next/static/chunks/node_modules_next_dist_f3530cac._.js:3127
[  374041ms] [ERROR] ./src/app/page.tsx:8:1
Module not found: Can't resolve '@/components/home/home-hero-section'
   6 | import { ActiveJamBanner } from "@/components/jams/active-jam-banner"
   7 | import { HomeGameLane } from "@/components/home/home-game-lane"
>  8 | import { HomeHeroSection } from "@/components/home/home-hero-section"
     | ^^^^^^^^^^^^^^^^^^^^^^^^^^^^^^^^^^^^^^^^^^^^^^^^^^^^^^^^^^^^^^^^^^^^^
   9 | import {
  10 |   HomeCategoryBar,
  11 |   HomeCommunityCta,

Import map: aliased to relative './src/components/home/home-hero-section' inside of [project]/

https://nextjs.org/docs/messages/module-not-found @ http://127.0.0.1:3000/_next/static/chunks/node_modules_next_dist_f3530cac._.js:3127
[  374099ms] [ERROR] ./src/app/page.tsx:8:1
Module not found: Can't resolve '@/components/home/home-hero-section'
   6 | import { ActiveJamBanner } from "@/components/jams/active-jam-banner"
   7 | import { HomeGameLane } from "@/components/home/home-game-lane"
>  8 | import { HomeHeroSection } from "@/components/home/home-hero-section"
     | ^^^^^^^^^^^^^^^^^^^^^^^^^^^^^^^^^^^^^^^^^^^^^^^^^^^^^^^^^^^^^^^^^^^^^
   9 | import {
  10 |   HomeCategoryBar,
  11 |   HomeCommunityCta,

Import map: aliased to relative './src/components/home/home-hero-section' inside of [project]/

https://nextjs.org/docs/messages/module-not-found @ http://127.0.0.1:3000/_next/static/chunks/node_modules_next_dist_f3530cac._.js:3127
[  374165ms] [ERROR] ./src/app/page.tsx:8:1
Module not found: Can't resolve '@/components/home/home-hero-section'
   6 | import { ActiveJamBanner } from "@/components/jams/active-jam-banner"
   7 | import { HomeGameLane } from "@/components/home/home-game-lane"
>  8 | import { HomeHeroSection } from "@/components/home/home-hero-section"
     | ^^^^^^^^^^^^^^^^^^^^^^^^^^^^^^^^^^^^^^^^^^^^^^^^^^^^^^^^^^^^^^^^^^^^^
   9 | import {
  10 |   HomeCategoryBar,
  11 |   HomeCommunityCta,

Import map: aliased to relative './src/components/home/home-hero-section' inside of [project]/

https://nextjs.org/docs/messages/module-not-found @ http://127.0.0.1:3000/_next/static/chunks/node_modules_next_dist_f3530cac._.js:3127
[  374234ms] [ERROR] ./src/app/page.tsx:8:1
Module not found: Can't resolve '@/components/home/home-hero-section'
   6 | import { ActiveJamBanner } from "@/components/jams/active-jam-banner"
   7 | import { HomeGameLane } from "@/components/home/home-game-lane"
>  8 | import { HomeHeroSection } from "@/components/home/home-hero-section"
     | ^^^^^^^^^^^^^^^^^^^^^^^^^^^^^^^^^^^^^^^^^^^^^^^^^^^^^^^^^^^^^^^^^^^^^
   9 | import {
  10 |   HomeCategoryBar,
  11 |   HomeCommunityCta,

Import map: aliased to relative './src/components/home/home-hero-section' inside of [project]/

https://nextjs.org/docs/messages/module-not-found @ http://127.0.0.1:3000/_next/static/chunks/node_modules_next_dist_f3530cac._.js:3127
[  374298ms] [ERROR] ./src/app/page.tsx:8:1
Module not found: Can't resolve '@/components/home/home-hero-section'
   6 | import { ActiveJamBanner } from "@/components/jams/active-jam-banner"
   7 | import { HomeGameLane } from "@/components/home/home-game-lane"
>  8 | import { HomeHeroSection } from "@/components/home/home-hero-section"
     | ^^^^^^^^^^^^^^^^^^^^^^^^^^^^^^^^^^^^^^^^^^^^^^^^^^^^^^^^^^^^^^^^^^^^^
   9 | import {
  10 |   HomeCategoryBar,
  11 |   HomeCommunityCta,

Import map: aliased to relative './src/components/home/home-hero-section' inside of [project]/

https://nextjs.org/docs/messages/module-not-found @ http://127.0.0.1:3000/_next/static/chunks/node_modules_next_dist_f3530cac._.js:3127
[  374352ms] [ERROR] ./src/app/page.tsx:8:1
Module not found: Can't resolve '@/components/home/home-hero-section'
   6 | import { ActiveJamBanner } from "@/components/jams/active-jam-banner"
   7 | import { HomeGameLane } from "@/components/home/home-game-lane"
>  8 | import { HomeHeroSection } from "@/components/home/home-hero-section"
     | ^^^^^^^^^^^^^^^^^^^^^^^^^^^^^^^^^^^^^^^^^^^^^^^^^^^^^^^^^^^^^^^^^^^^^
   9 | import {
  10 |   HomeCategoryBar,
  11 |   HomeCommunityCta,

Import map: aliased to relative './src/components/home/home-hero-section' inside of [project]/

https://nextjs.org/docs/messages/module-not-found @ http://127.0.0.1:3000/_next/static/chunks/node_modules_next_dist_f3530cac._.js:3127
[  374405ms] [ERROR] ./src/app/page.tsx:8:1
Module not found: Can't resolve '@/components/home/home-hero-section'
   6 | import { ActiveJamBanner } from "@/components/jams/active-jam-banner"
   7 | import { HomeGameLane } from "@/components/home/home-game-lane"
>  8 | import { HomeHeroSection } from "@/components/home/home-hero-section"
     | ^^^^^^^^^^^^^^^^^^^^^^^^^^^^^^^^^^^^^^^^^^^^^^^^^^^^^^^^^^^^^^^^^^^^^
   9 | import {
  10 |   HomeCategoryBar,
  11 |   HomeCommunityCta,

Import map: aliased to relative './src/components/home/home-hero-section' inside of [project]/

https://nextjs.org/docs/messages/module-not-found @ http://127.0.0.1:3000/_next/static/chunks/node_modules_next_dist_f3530cac._.js:3127
[  374465ms] [ERROR] ./src/app/page.tsx:8:1
Module not found: Can't resolve '@/components/home/home-hero-section'
   6 | import { ActiveJamBanner } from "@/components/jams/active-jam-banner"
   7 | import { HomeGameLane } from "@/components/home/home-game-lane"
>  8 | import { HomeHeroSection } from "@/components/home/home-hero-section"
     | ^^^^^^^^^^^^^^^^^^^^^^^^^^^^^^^^^^^^^^^^^^^^^^^^^^^^^^^^^^^^^^^^^^^^^
   9 | import {
  10 |   HomeCategoryBar,
  11 |   HomeCommunityCta,

Import map: aliased to relative './src/components/home/home-hero-section' inside of [project]/

https://nextjs.org/docs/messages/module-not-found @ http://127.0.0.1:3000/_next/static/chunks/node_modules_next_dist_f3530cac._.js:3127
[  374567ms] [ERROR] ./src/app/page.tsx:8:1
Module not found: Can't resolve '@/components/home/home-hero-section'
   6 | import { ActiveJamBanner } from "@/components/jams/active-jam-banner"
   7 | import { HomeGameLane } from "@/components/home/home-game-lane"
>  8 | import { HomeHeroSection } from "@/components/home/home-hero-section"
     | ^^^^^^^^^^^^^^^^^^^^^^^^^^^^^^^^^^^^^^^^^^^^^^^^^^^^^^^^^^^^^^^^^^^^^
   9 | import {
  10 |   HomeCategoryBar,
  11 |   HomeCommunityCta,

Import map: aliased to relative './src/components/home/home-hero-section' inside of [project]/

https://nextjs.org/docs/messages/module-not-found @ http://127.0.0.1:3000/_next/static/chunks/node_modules_next_dist_f3530cac._.js:3127
[  374697ms] [ERROR] ./src/app/page.tsx:8:1
Module not found: Can't resolve '@/components/home/home-hero-section'
   6 | import { ActiveJamBanner } from "@/components/jams/active-jam-banner"
   7 | import { HomeGameLane } from "@/components/home/home-game-lane"
>  8 | import { HomeHeroSection } from "@/components/home/home-hero-section"
     | ^^^^^^^^^^^^^^^^^^^^^^^^^^^^^^^^^^^^^^^^^^^^^^^^^^^^^^^^^^^^^^^^^^^^^
   9 | import {
  10 |   HomeCategoryBar,
  11 |   HomeCommunityCta,

Import map: aliased to relative './src/components/home/home-hero-section' inside of [project]/

https://nextjs.org/docs/messages/module-not-found @ http://127.0.0.1:3000/_next/static/chunks/node_modules_next_dist_f3530cac._.js:3127
[  374764ms] [ERROR] ./src/app/page.tsx:8:1
Module not found: Can't resolve '@/components/home/home-hero-section'
   6 | import { ActiveJamBanner } from "@/components/jams/active-jam-banner"
   7 | import { HomeGameLane } from "@/components/home/home-game-lane"
>  8 | import { HomeHeroSection } from "@/components/home/home-hero-section"
     | ^^^^^^^^^^^^^^^^^^^^^^^^^^^^^^^^^^^^^^^^^^^^^^^^^^^^^^^^^^^^^^^^^^^^^
   9 | import {
  10 |   HomeCategoryBar,
  11 |   HomeCommunityCta,

Import map: aliased to relative './src/components/home/home-hero-section' inside of [project]/

https://nextjs.org/docs/messages/module-not-found @ http://127.0.0.1:3000/_next/static/chunks/node_modules_next_dist_f3530cac._.js:3127
[  374831ms] [ERROR] ./src/app/page.tsx:8:1
Module not found: Can't resolve '@/components/home/home-hero-section'
   6 | import { ActiveJamBanner } from "@/components/jams/active-jam-banner"
   7 | import { HomeGameLane } from "@/components/home/home-game-lane"
>  8 | import { HomeHeroSection } from "@/components/home/home-hero-section"
     | ^^^^^^^^^^^^^^^^^^^^^^^^^^^^^^^^^^^^^^^^^^^^^^^^^^^^^^^^^^^^^^^^^^^^^
   9 | import {
  10 |   HomeCategoryBar,
  11 |   HomeCommunityCta,

Import map: aliased to relative './src/components/home/home-hero-section' inside of [project]/

https://nextjs.org/docs/messages/module-not-found @ http://127.0.0.1:3000/_next/static/chunks/node_modules_next_dist_f3530cac._.js:3127
[  374898ms] [ERROR] ./src/app/page.tsx:8:1
Module not found: Can't resolve '@/components/home/home-hero-section'
   6 | import { ActiveJamBanner } from "@/components/jams/active-jam-banner"
   7 | import { HomeGameLane } from "@/components/home/home-game-lane"
>  8 | import { HomeHeroSection } from "@/components/home/home-hero-section"
     | ^^^^^^^^^^^^^^^^^^^^^^^^^^^^^^^^^^^^^^^^^^^^^^^^^^^^^^^^^^^^^^^^^^^^^
   9 | import {
  10 |   HomeCategoryBar,
  11 |   HomeCommunityCta,

Import map: aliased to relative './src/components/home/home-hero-section' inside of [project]/

https://nextjs.org/docs/messages/module-not-found @ http://127.0.0.1:3000/_next/static/chunks/node_modules_next_dist_f3530cac._.js:3127
[  374958ms] [ERROR] ./src/app/page.tsx:8:1
Module not found: Can't resolve '@/components/home/home-hero-section'
   6 | import { ActiveJamBanner } from "@/components/jams/active-jam-banner"
   7 | import { HomeGameLane } from "@/components/home/home-game-lane"
>  8 | import { HomeHeroSection } from "@/components/home/home-hero-section"
     | ^^^^^^^^^^^^^^^^^^^^^^^^^^^^^^^^^^^^^^^^^^^^^^^^^^^^^^^^^^^^^^^^^^^^^
   9 | import {
  10 |   HomeCategoryBar,
  11 |   HomeCommunityCta,

Import map: aliased to relative './src/components/home/home-hero-section' inside of [project]/

https://nextjs.org/docs/messages/module-not-found @ http://127.0.0.1:3000/_next/static/chunks/node_modules_next_dist_f3530cac._.js:3127
[  375015ms] [ERROR] ./src/app/page.tsx:8:1
Module not found: Can't resolve '@/components/home/home-hero-section'
   6 | import { ActiveJamBanner } from "@/components/jams/active-jam-banner"
   7 | import { HomeGameLane } from "@/components/home/home-game-lane"
>  8 | import { HomeHeroSection } from "@/components/home/home-hero-section"
     | ^^^^^^^^^^^^^^^^^^^^^^^^^^^^^^^^^^^^^^^^^^^^^^^^^^^^^^^^^^^^^^^^^^^^^
   9 | import {
  10 |   HomeCategoryBar,
  11 |   HomeCommunityCta,

Import map: aliased to relative './src/components/home/home-hero-section' inside of [project]/

https://nextjs.org/docs/messages/module-not-found @ http://127.0.0.1:3000/_next/static/chunks/node_modules_next_dist_f3530cac._.js:3127
[  375079ms] [ERROR] ./src/app/page.tsx:8:1
Module not found: Can't resolve '@/components/home/home-hero-section'
   6 | import { ActiveJamBanner } from "@/components/jams/active-jam-banner"
   7 | import { HomeGameLane } from "@/components/home/home-game-lane"
>  8 | import { HomeHeroSection } from "@/components/home/home-hero-section"
     | ^^^^^^^^^^^^^^^^^^^^^^^^^^^^^^^^^^^^^^^^^^^^^^^^^^^^^^^^^^^^^^^^^^^^^
   9 | import {
  10 |   HomeCategoryBar,
  11 |   HomeCommunityCta,

Import map: aliased to relative './src/components/home/home-hero-section' inside of [project]/

https://nextjs.org/docs/messages/module-not-found @ http://127.0.0.1:3000/_next/static/chunks/node_modules_next_dist_f3530cac._.js:3127
[  375140ms] [ERROR] ./src/app/page.tsx:8:1
Module not found: Can't resolve '@/components/home/home-hero-section'
   6 | import { ActiveJamBanner } from "@/components/jams/active-jam-banner"
   7 | import { HomeGameLane } from "@/components/home/home-game-lane"
>  8 | import { HomeHeroSection } from "@/components/home/home-hero-section"
     | ^^^^^^^^^^^^^^^^^^^^^^^^^^^^^^^^^^^^^^^^^^^^^^^^^^^^^^^^^^^^^^^^^^^^^
   9 | import {
  10 |   HomeCategoryBar,
  11 |   HomeCommunityCta,

Import map: aliased to relative './src/components/home/home-hero-section' inside of [project]/

https://nextjs.org/docs/messages/module-not-found @ http://127.0.0.1:3000/_next/static/chunks/node_modules_next_dist_f3530cac._.js:3127
[  375202ms] [ERROR] ./src/app/page.tsx:8:1
Module not found: Can't resolve '@/components/home/home-hero-section'
   6 | import { ActiveJamBanner } from "@/components/jams/active-jam-banner"
   7 | import { HomeGameLane } from "@/components/home/home-game-lane"
>  8 | import { HomeHeroSection } from "@/components/home/home-hero-section"
     | ^^^^^^^^^^^^^^^^^^^^^^^^^^^^^^^^^^^^^^^^^^^^^^^^^^^^^^^^^^^^^^^^^^^^^
   9 | import {
  10 |   HomeCategoryBar,
  11 |   HomeCommunityCta,

Import map: aliased to relative './src/components/home/home-hero-section' inside of [project]/

https://nextjs.org/docs/messages/module-not-found @ http://127.0.0.1:3000/_next/static/chunks/node_modules_next_dist_f3530cac._.js:3127
[  375263ms] [ERROR] ./src/app/page.tsx:8:1
Module not found: Can't resolve '@/components/home/home-hero-section'
   6 | import { ActiveJamBanner } from "@/components/jams/active-jam-banner"
   7 | import { HomeGameLane } from "@/components/home/home-game-lane"
>  8 | import { HomeHeroSection } from "@/components/home/home-hero-section"
     | ^^^^^^^^^^^^^^^^^^^^^^^^^^^^^^^^^^^^^^^^^^^^^^^^^^^^^^^^^^^^^^^^^^^^^
   9 | import {
  10 |   HomeCategoryBar,
  11 |   HomeCommunityCta,

Import map: aliased to relative './src/components/home/home-hero-section' inside of [project]/

https://nextjs.org/docs/messages/module-not-found @ http://127.0.0.1:3000/_next/static/chunks/node_modules_next_dist_f3530cac._.js:3127
[  375329ms] [ERROR] ./src/app/page.tsx:8:1
Module not found: Can't resolve '@/components/home/home-hero-section'
   6 | import { ActiveJamBanner } from "@/components/jams/active-jam-banner"
   7 | import { HomeGameLane } from "@/components/home/home-game-lane"
>  8 | import { HomeHeroSection } from "@/components/home/home-hero-section"
     | ^^^^^^^^^^^^^^^^^^^^^^^^^^^^^^^^^^^^^^^^^^^^^^^^^^^^^^^^^^^^^^^^^^^^^
   9 | import {
  10 |   HomeCategoryBar,
  11 |   HomeCommunityCta,

Import map: aliased to relative './src/components/home/home-hero-section' inside of [project]/

https://nextjs.org/docs/messages/module-not-found @ http://127.0.0.1:3000/_next/static/chunks/node_modules_next_dist_f3530cac._.js:3127
[  375384ms] [ERROR] ./src/app/page.tsx:8:1
Module not found: Can't resolve '@/components/home/home-hero-section'
   6 | import { ActiveJamBanner } from "@/components/jams/active-jam-banner"
   7 | import { HomeGameLane } from "@/components/home/home-game-lane"
>  8 | import { HomeHeroSection } from "@/components/home/home-hero-section"
     | ^^^^^^^^^^^^^^^^^^^^^^^^^^^^^^^^^^^^^^^^^^^^^^^^^^^^^^^^^^^^^^^^^^^^^
   9 | import {
  10 |   HomeCategoryBar,
  11 |   HomeCommunityCta,

Import map: aliased to relative './src/components/home/home-hero-section' inside of [project]/

https://nextjs.org/docs/messages/module-not-found @ http://127.0.0.1:3000/_next/static/chunks/node_modules_next_dist_f3530cac._.js:3127
[  375447ms] [ERROR] ./src/app/page.tsx:8:1
Module not found: Can't resolve '@/components/home/home-hero-section'
   6 | import { ActiveJamBanner } from "@/components/jams/active-jam-banner"
   7 | import { HomeGameLane } from "@/components/home/home-game-lane"
>  8 | import { HomeHeroSection } from "@/components/home/home-hero-section"
     | ^^^^^^^^^^^^^^^^^^^^^^^^^^^^^^^^^^^^^^^^^^^^^^^^^^^^^^^^^^^^^^^^^^^^^
   9 | import {
  10 |   HomeCategoryBar,
  11 |   HomeCommunityCta,

Import map: aliased to relative './src/components/home/home-hero-section' inside of [project]/

https://nextjs.org/docs/messages/module-not-found @ http://127.0.0.1:3000/_next/static/chunks/node_modules_next_dist_f3530cac._.js:3127
[  375502ms] [ERROR] ./src/app/page.tsx:8:1
Module not found: Can't resolve '@/components/home/home-hero-section'
   6 | import { ActiveJamBanner } from "@/components/jams/active-jam-banner"
   7 | import { HomeGameLane } from "@/components/home/home-game-lane"
>  8 | import { HomeHeroSection } from "@/components/home/home-hero-section"
     | ^^^^^^^^^^^^^^^^^^^^^^^^^^^^^^^^^^^^^^^^^^^^^^^^^^^^^^^^^^^^^^^^^^^^^
   9 | import {
  10 |   HomeCategoryBar,
  11 |   HomeCommunityCta,

Import map: aliased to relative './src/components/home/home-hero-section' inside of [project]/

https://nextjs.org/docs/messages/module-not-found @ http://127.0.0.1:3000/_next/static/chunks/node_modules_next_dist_f3530cac._.js:3127
[  375564ms] [ERROR] ./src/app/page.tsx:8:1
Module not found: Can't resolve '@/components/home/home-hero-section'
   6 | import { ActiveJamBanner } from "@/components/jams/active-jam-banner"
   7 | import { HomeGameLane } from "@/components/home/home-game-lane"
>  8 | import { HomeHeroSection } from "@/components/home/home-hero-section"
     | ^^^^^^^^^^^^^^^^^^^^^^^^^^^^^^^^^^^^^^^^^^^^^^^^^^^^^^^^^^^^^^^^^^^^^
   9 | import {
  10 |   HomeCategoryBar,
  11 |   HomeCommunityCta,

Import map: aliased to relative './src/components/home/home-hero-section' inside of [project]/

https://nextjs.org/docs/messages/module-not-found @ http://127.0.0.1:3000/_next/static/chunks/node_modules_next_dist_f3530cac._.js:3127
[  375615ms] [ERROR] ./src/app/page.tsx:8:1
Module not found: Can't resolve '@/components/home/home-hero-section'
   6 | import { ActiveJamBanner } from "@/components/jams/active-jam-banner"
   7 | import { HomeGameLane } from "@/components/home/home-game-lane"
>  8 | import { HomeHeroSection } from "@/components/home/home-hero-section"
     | ^^^^^^^^^^^^^^^^^^^^^^^^^^^^^^^^^^^^^^^^^^^^^^^^^^^^^^^^^^^^^^^^^^^^^
   9 | import {
  10 |   HomeCategoryBar,
  11 |   HomeCommunityCta,

Import map: aliased to relative './src/components/home/home-hero-section' inside of [project]/

https://nextjs.org/docs/messages/module-not-found @ http://127.0.0.1:3000/_next/static/chunks/node_modules_next_dist_f3530cac._.js:3127
[  375681ms] [ERROR] ./src/app/page.tsx:8:1
Module not found: Can't resolve '@/components/home/home-hero-section'
   6 | import { ActiveJamBanner } from "@/components/jams/active-jam-banner"
   7 | import { HomeGameLane } from "@/components/home/home-game-lane"
>  8 | import { HomeHeroSection } from "@/components/home/home-hero-section"
     | ^^^^^^^^^^^^^^^^^^^^^^^^^^^^^^^^^^^^^^^^^^^^^^^^^^^^^^^^^^^^^^^^^^^^^
   9 | import {
  10 |   HomeCategoryBar,
  11 |   HomeCommunityCta,

Import map: aliased to relative './src/components/home/home-hero-section' inside of [project]/

https://nextjs.org/docs/messages/module-not-found @ http://127.0.0.1:3000/_next/static/chunks/node_modules_next_dist_f3530cac._.js:3127
[  375746ms] [ERROR] ./src/app/page.tsx:8:1
Module not found: Can't resolve '@/components/home/home-hero-section'
   6 | import { ActiveJamBanner } from "@/components/jams/active-jam-banner"
   7 | import { HomeGameLane } from "@/components/home/home-game-lane"
>  8 | import { HomeHeroSection } from "@/components/home/home-hero-section"
     | ^^^^^^^^^^^^^^^^^^^^^^^^^^^^^^^^^^^^^^^^^^^^^^^^^^^^^^^^^^^^^^^^^^^^^
   9 | import {
  10 |   HomeCategoryBar,
  11 |   HomeCommunityCta,

Import map: aliased to relative './src/components/home/home-hero-section' inside of [project]/

https://nextjs.org/docs/messages/module-not-found @ http://127.0.0.1:3000/_next/static/chunks/node_modules_next_dist_f3530cac._.js:3127
[  375816ms] [ERROR] ./src/app/page.tsx:8:1
Module not found: Can't resolve '@/components/home/home-hero-section'
   6 | import { ActiveJamBanner } from "@/components/jams/active-jam-banner"
   7 | import { HomeGameLane } from "@/components/home/home-game-lane"
>  8 | import { HomeHeroSection } from "@/components/home/home-hero-section"
     | ^^^^^^^^^^^^^^^^^^^^^^^^^^^^^^^^^^^^^^^^^^^^^^^^^^^^^^^^^^^^^^^^^^^^^
   9 | import {
  10 |   HomeCategoryBar,
  11 |   HomeCommunityCta,

Import map: aliased to relative './src/components/home/home-hero-section' inside of [project]/

https://nextjs.org/docs/messages/module-not-found @ http://127.0.0.1:3000/_next/static/chunks/node_modules_next_dist_f3530cac._.js:3127
[  375869ms] [ERROR] ./src/app/page.tsx:8:1
Module not found: Can't resolve '@/components/home/home-hero-section'
   6 | import { ActiveJamBanner } from "@/components/jams/active-jam-banner"
   7 | import { HomeGameLane } from "@/components/home/home-game-lane"
>  8 | import { HomeHeroSection } from "@/components/home/home-hero-section"
     | ^^^^^^^^^^^^^^^^^^^^^^^^^^^^^^^^^^^^^^^^^^^^^^^^^^^^^^^^^^^^^^^^^^^^^
   9 | import {
  10 |   HomeCategoryBar,
  11 |   HomeCommunityCta,

Import map: aliased to relative './src/components/home/home-hero-section' inside of [project]/

https://nextjs.org/docs/messages/module-not-found @ http://127.0.0.1:3000/_next/static/chunks/node_modules_next_dist_f3530cac._.js:3127
[  375927ms] [ERROR] ./src/app/page.tsx:8:1
Module not found: Can't resolve '@/components/home/home-hero-section'
   6 | import { ActiveJamBanner } from "@/components/jams/active-jam-banner"
   7 | import { HomeGameLane } from "@/components/home/home-game-lane"
>  8 | import { HomeHeroSection } from "@/components/home/home-hero-section"
     | ^^^^^^^^^^^^^^^^^^^^^^^^^^^^^^^^^^^^^^^^^^^^^^^^^^^^^^^^^^^^^^^^^^^^^
   9 | import {
  10 |   HomeCategoryBar,
  11 |   HomeCommunityCta,

Import map: aliased to relative './src/components/home/home-hero-section' inside of [project]/

https://nextjs.org/docs/messages/module-not-found @ http://127.0.0.1:3000/_next/static/chunks/node_modules_next_dist_f3530cac._.js:3127
[  375983ms] [ERROR] ./src/app/page.tsx:8:1
Module not found: Can't resolve '@/components/home/home-hero-section'
   6 | import { ActiveJamBanner } from "@/components/jams/active-jam-banner"
   7 | import { HomeGameLane } from "@/components/home/home-game-lane"
>  8 | import { HomeHeroSection } from "@/components/home/home-hero-section"
     | ^^^^^^^^^^^^^^^^^^^^^^^^^^^^^^^^^^^^^^^^^^^^^^^^^^^^^^^^^^^^^^^^^^^^^
   9 | import {
  10 |   HomeCategoryBar,
  11 |   HomeCommunityCta,

Import map: aliased to relative './src/components/home/home-hero-section' inside of [project]/

https://nextjs.org/docs/messages/module-not-found @ http://127.0.0.1:3000/_next/static/chunks/node_modules_next_dist_f3530cac._.js:3127
[  376034ms] [ERROR] ./src/app/page.tsx:8:1
Module not found: Can't resolve '@/components/home/home-hero-section'
   6 | import { ActiveJamBanner } from "@/components/jams/active-jam-banner"
   7 | import { HomeGameLane } from "@/components/home/home-game-lane"
>  8 | import { HomeHeroSection } from "@/components/home/home-hero-section"
     | ^^^^^^^^^^^^^^^^^^^^^^^^^^^^^^^^^^^^^^^^^^^^^^^^^^^^^^^^^^^^^^^^^^^^^
   9 | import {
  10 |   HomeCategoryBar,
  11 |   HomeCommunityCta,

Import map: aliased to relative './src/components/home/home-hero-section' inside of [project]/

https://nextjs.org/docs/messages/module-not-found @ http://127.0.0.1:3000/_next/static/chunks/node_modules_next_dist_f3530cac._.js:3127
[  376096ms] [ERROR] ./src/app/page.tsx:8:1
Module not found: Can't resolve '@/components/home/home-hero-section'
   6 | import { ActiveJamBanner } from "@/components/jams/active-jam-banner"
   7 | import { HomeGameLane } from "@/components/home/home-game-lane"
>  8 | import { HomeHeroSection } from "@/components/home/home-hero-section"
     | ^^^^^^^^^^^^^^^^^^^^^^^^^^^^^^^^^^^^^^^^^^^^^^^^^^^^^^^^^^^^^^^^^^^^^
   9 | import {
  10 |   HomeCategoryBar,
  11 |   HomeCommunityCta,

Import map: aliased to relative './src/components/home/home-hero-section' inside of [project]/

https://nextjs.org/docs/messages/module-not-found @ http://127.0.0.1:3000/_next/static/chunks/node_modules_next_dist_f3530cac._.js:3127
[  376160ms] [ERROR] ./src/app/page.tsx:8:1
Module not found: Can't resolve '@/components/home/home-hero-section'
   6 | import { ActiveJamBanner } from "@/components/jams/active-jam-banner"
   7 | import { HomeGameLane } from "@/components/home/home-game-lane"
>  8 | import { HomeHeroSection } from "@/components/home/home-hero-section"
     | ^^^^^^^^^^^^^^^^^^^^^^^^^^^^^^^^^^^^^^^^^^^^^^^^^^^^^^^^^^^^^^^^^^^^^
   9 | import {
  10 |   HomeCategoryBar,
  11 |   HomeCommunityCta,

Import map: aliased to relative './src/components/home/home-hero-section' inside of [project]/

https://nextjs.org/docs/messages/module-not-found @ http://127.0.0.1:3000/_next/static/chunks/node_modules_next_dist_f3530cac._.js:3127
[  376227ms] [ERROR] ./src/app/page.tsx:8:1
Module not found: Can't resolve '@/components/home/home-hero-section'
   6 | import { ActiveJamBanner } from "@/components/jams/active-jam-banner"
   7 | import { HomeGameLane } from "@/components/home/home-game-lane"
>  8 | import { HomeHeroSection } from "@/components/home/home-hero-section"
     | ^^^^^^^^^^^^^^^^^^^^^^^^^^^^^^^^^^^^^^^^^^^^^^^^^^^^^^^^^^^^^^^^^^^^^
   9 | import {
  10 |   HomeCategoryBar,
  11 |   HomeCommunityCta,

Import map: aliased to relative './src/components/home/home-hero-section' inside of [project]/

https://nextjs.org/docs/messages/module-not-found @ http://127.0.0.1:3000/_next/static/chunks/node_modules_next_dist_f3530cac._.js:3127
[  376293ms] [ERROR] ./src/app/page.tsx:8:1
Module not found: Can't resolve '@/components/home/home-hero-section'
   6 | import { ActiveJamBanner } from "@/components/jams/active-jam-banner"
   7 | import { HomeGameLane } from "@/components/home/home-game-lane"
>  8 | import { HomeHeroSection } from "@/components/home/home-hero-section"
     | ^^^^^^^^^^^^^^^^^^^^^^^^^^^^^^^^^^^^^^^^^^^^^^^^^^^^^^^^^^^^^^^^^^^^^
   9 | import {
  10 |   HomeCategoryBar,
  11 |   HomeCommunityCta,

Import map: aliased to relative './src/components/home/home-hero-section' inside of [project]/

https://nextjs.org/docs/messages/module-not-found @ http://127.0.0.1:3000/_next/static/chunks/node_modules_next_dist_f3530cac._.js:3127
[  376347ms] [ERROR] ./src/app/page.tsx:8:1
Module not found: Can't resolve '@/components/home/home-hero-section'
   6 | import { ActiveJamBanner } from "@/components/jams/active-jam-banner"
   7 | import { HomeGameLane } from "@/components/home/home-game-lane"
>  8 | import { HomeHeroSection } from "@/components/home/home-hero-section"
     | ^^^^^^^^^^^^^^^^^^^^^^^^^^^^^^^^^^^^^^^^^^^^^^^^^^^^^^^^^^^^^^^^^^^^^
   9 | import {
  10 |   HomeCategoryBar,
  11 |   HomeCommunityCta,

Import map: aliased to relative './src/components/home/home-hero-section' inside of [project]/

https://nextjs.org/docs/messages/module-not-found @ http://127.0.0.1:3000/_next/static/chunks/node_modules_next_dist_f3530cac._.js:3127
[  376410ms] [ERROR] ./src/app/page.tsx:8:1
Module not found: Can't resolve '@/components/home/home-hero-section'
   6 | import { ActiveJamBanner } from "@/components/jams/active-jam-banner"
   7 | import { HomeGameLane } from "@/components/home/home-game-lane"
>  8 | import { HomeHeroSection } from "@/components/home/home-hero-section"
     | ^^^^^^^^^^^^^^^^^^^^^^^^^^^^^^^^^^^^^^^^^^^^^^^^^^^^^^^^^^^^^^^^^^^^^
   9 | import {
  10 |   HomeCategoryBar,
  11 |   HomeCommunityCta,

Import map: aliased to relative './src/components/home/home-hero-section' inside of [project]/

https://nextjs.org/docs/messages/module-not-found @ http://127.0.0.1:3000/_next/static/chunks/node_modules_next_dist_f3530cac._.js:3127
[  376470ms] [ERROR] ./src/app/page.tsx:8:1
Module not found: Can't resolve '@/components/home/home-hero-section'
   6 | import { ActiveJamBanner } from "@/components/jams/active-jam-banner"
   7 | import { HomeGameLane } from "@/components/home/home-game-lane"
>  8 | import { HomeHeroSection } from "@/components/home/home-hero-section"
     | ^^^^^^^^^^^^^^^^^^^^^^^^^^^^^^^^^^^^^^^^^^^^^^^^^^^^^^^^^^^^^^^^^^^^^
   9 | import {
  10 |   HomeCategoryBar,
  11 |   HomeCommunityCta,

Import map: aliased to relative './src/components/home/home-hero-section' inside of [project]/

https://nextjs.org/docs/messages/module-not-found @ http://127.0.0.1:3000/_next/static/chunks/node_modules_next_dist_f3530cac._.js:3127
[  376527ms] [ERROR] ./src/app/page.tsx:8:1
Module not found: Can't resolve '@/components/home/home-hero-section'
   6 | import { ActiveJamBanner } from "@/components/jams/active-jam-banner"
   7 | import { HomeGameLane } from "@/components/home/home-game-lane"
>  8 | import { HomeHeroSection } from "@/components/home/home-hero-section"
     | ^^^^^^^^^^^^^^^^^^^^^^^^^^^^^^^^^^^^^^^^^^^^^^^^^^^^^^^^^^^^^^^^^^^^^
   9 | import {
  10 |   HomeCategoryBar,
  11 |   HomeCommunityCta,

Import map: aliased to relative './src/components/home/home-hero-section' inside of [project]/

https://nextjs.org/docs/messages/module-not-found @ http://127.0.0.1:3000/_next/static/chunks/node_modules_next_dist_f3530cac._.js:3127
[  376594ms] [ERROR] ./src/app/page.tsx:8:1
Module not found: Can't resolve '@/components/home/home-hero-section'
   6 | import { ActiveJamBanner } from "@/components/jams/active-jam-banner"
   7 | import { HomeGameLane } from "@/components/home/home-game-lane"
>  8 | import { HomeHeroSection } from "@/components/home/home-hero-section"
     | ^^^^^^^^^^^^^^^^^^^^^^^^^^^^^^^^^^^^^^^^^^^^^^^^^^^^^^^^^^^^^^^^^^^^^
   9 | import {
  10 |   HomeCategoryBar,
  11 |   HomeCommunityCta,

Import map: aliased to relative './src/components/home/home-hero-section' inside of [project]/

https://nextjs.org/docs/messages/module-not-found @ http://127.0.0.1:3000/_next/static/chunks/node_modules_next_dist_f3530cac._.js:3127
[  376660ms] [ERROR] ./src/app/page.tsx:8:1
Module not found: Can't resolve '@/components/home/home-hero-section'
   6 | import { ActiveJamBanner } from "@/components/jams/active-jam-banner"
   7 | import { HomeGameLane } from "@/components/home/home-game-lane"
>  8 | import { HomeHeroSection } from "@/components/home/home-hero-section"
     | ^^^^^^^^^^^^^^^^^^^^^^^^^^^^^^^^^^^^^^^^^^^^^^^^^^^^^^^^^^^^^^^^^^^^^
   9 | import {
  10 |   HomeCategoryBar,
  11 |   HomeCommunityCta,

Import map: aliased to relative './src/components/home/home-hero-section' inside of [project]/

https://nextjs.org/docs/messages/module-not-found @ http://127.0.0.1:3000/_next/static/chunks/node_modules_next_dist_f3530cac._.js:3127
[  376728ms] [ERROR] ./src/app/page.tsx:8:1
Module not found: Can't resolve '@/components/home/home-hero-section'
   6 | import { ActiveJamBanner } from "@/components/jams/active-jam-banner"
   7 | import { HomeGameLane } from "@/components/home/home-game-lane"
>  8 | import { HomeHeroSection } from "@/components/home/home-hero-section"
     | ^^^^^^^^^^^^^^^^^^^^^^^^^^^^^^^^^^^^^^^^^^^^^^^^^^^^^^^^^^^^^^^^^^^^^
   9 | import {
  10 |   HomeCategoryBar,
  11 |   HomeCommunityCta,

Import map: aliased to relative './src/components/home/home-hero-section' inside of [project]/

https://nextjs.org/docs/messages/module-not-found @ http://127.0.0.1:3000/_next/static/chunks/node_modules_next_dist_f3530cac._.js:3127
[  376780ms] [ERROR] ./src/app/page.tsx:8:1
Module not found: Can't resolve '@/components/home/home-hero-section'
   6 | import { ActiveJamBanner } from "@/components/jams/active-jam-banner"
   7 | import { HomeGameLane } from "@/components/home/home-game-lane"
>  8 | import { HomeHeroSection } from "@/components/home/home-hero-section"
     | ^^^^^^^^^^^^^^^^^^^^^^^^^^^^^^^^^^^^^^^^^^^^^^^^^^^^^^^^^^^^^^^^^^^^^
   9 | import {
  10 |   HomeCategoryBar,
  11 |   HomeCommunityCta,

Import map: aliased to relative './src/components/home/home-hero-section' inside of [project]/

https://nextjs.org/docs/messages/module-not-found @ http://127.0.0.1:3000/_next/static/chunks/node_modules_next_dist_f3530cac._.js:3127
[  376841ms] [ERROR] ./src/app/page.tsx:8:1
Module not found: Can't resolve '@/components/home/home-hero-section'
   6 | import { ActiveJamBanner } from "@/components/jams/active-jam-banner"
   7 | import { HomeGameLane } from "@/components/home/home-game-lane"
>  8 | import { HomeHeroSection } from "@/components/home/home-hero-section"
     | ^^^^^^^^^^^^^^^^^^^^^^^^^^^^^^^^^^^^^^^^^^^^^^^^^^^^^^^^^^^^^^^^^^^^^
   9 | import {
  10 |   HomeCategoryBar,
  11 |   HomeCommunityCta,

Import map: aliased to relative './src/components/home/home-hero-section' inside of [project]/

https://nextjs.org/docs/messages/module-not-found @ http://127.0.0.1:3000/_next/static/chunks/node_modules_next_dist_f3530cac._.js:3127
[  376909ms] [ERROR] ./src/app/page.tsx:8:1
Module not found: Can't resolve '@/components/home/home-hero-section'
   6 | import { ActiveJamBanner } from "@/components/jams/active-jam-banner"
   7 | import { HomeGameLane } from "@/components/home/home-game-lane"
>  8 | import { HomeHeroSection } from "@/components/home/home-hero-section"
     | ^^^^^^^^^^^^^^^^^^^^^^^^^^^^^^^^^^^^^^^^^^^^^^^^^^^^^^^^^^^^^^^^^^^^^
   9 | import {
  10 |   HomeCategoryBar,
  11 |   HomeCommunityCta,

Import map: aliased to relative './src/components/home/home-hero-section' inside of [project]/

https://nextjs.org/docs/messages/module-not-found @ http://127.0.0.1:3000/_next/static/chunks/node_modules_next_dist_f3530cac._.js:3127
[  376987ms] [ERROR] ./src/app/page.tsx:8:1
Module not found: Can't resolve '@/components/home/home-hero-section'
   6 | import { ActiveJamBanner } from "@/components/jams/active-jam-banner"
   7 | import { HomeGameLane } from "@/components/home/home-game-lane"
>  8 | import { HomeHeroSection } from "@/components/home/home-hero-section"
     | ^^^^^^^^^^^^^^^^^^^^^^^^^^^^^^^^^^^^^^^^^^^^^^^^^^^^^^^^^^^^^^^^^^^^^
   9 | import {
  10 |   HomeCategoryBar,
  11 |   HomeCommunityCta,

Import map: aliased to relative './src/components/home/home-hero-section' inside of [project]/

https://nextjs.org/docs/messages/module-not-found @ http://127.0.0.1:3000/_next/static/chunks/node_modules_next_dist_f3530cac._.js:3127
[  377065ms] [ERROR] ./src/app/page.tsx:8:1
Module not found: Can't resolve '@/components/home/home-hero-section'
   6 | import { ActiveJamBanner } from "@/components/jams/active-jam-banner"
   7 | import { HomeGameLane } from "@/components/home/home-game-lane"
>  8 | import { HomeHeroSection } from "@/components/home/home-hero-section"
     | ^^^^^^^^^^^^^^^^^^^^^^^^^^^^^^^^^^^^^^^^^^^^^^^^^^^^^^^^^^^^^^^^^^^^^
   9 | import {
  10 |   HomeCategoryBar,
  11 |   HomeCommunityCta,

Import map: aliased to relative './src/components/home/home-hero-section' inside of [project]/

https://nextjs.org/docs/messages/module-not-found @ http://127.0.0.1:3000/_next/static/chunks/node_modules_next_dist_f3530cac._.js:3127
[  377128ms] [ERROR] ./src/app/page.tsx:8:1
Module not found: Can't resolve '@/components/home/home-hero-section'
   6 | import { ActiveJamBanner } from "@/components/jams/active-jam-banner"
   7 | import { HomeGameLane } from "@/components/home/home-game-lane"
>  8 | import { HomeHeroSection } from "@/components/home/home-hero-section"
     | ^^^^^^^^^^^^^^^^^^^^^^^^^^^^^^^^^^^^^^^^^^^^^^^^^^^^^^^^^^^^^^^^^^^^^
   9 | import {
  10 |   HomeCategoryBar,
  11 |   HomeCommunityCta,

Import map: aliased to relative './src/components/home/home-hero-section' inside of [project]/

https://nextjs.org/docs/messages/module-not-found @ http://127.0.0.1:3000/_next/static/chunks/node_modules_next_dist_f3530cac._.js:3127
[  377191ms] [ERROR] ./src/app/page.tsx:8:1
Module not found: Can't resolve '@/components/home/home-hero-section'
   6 | import { ActiveJamBanner } from "@/components/jams/active-jam-banner"
   7 | import { HomeGameLane } from "@/components/home/home-game-lane"
>  8 | import { HomeHeroSection } from "@/components/home/home-hero-section"
     | ^^^^^^^^^^^^^^^^^^^^^^^^^^^^^^^^^^^^^^^^^^^^^^^^^^^^^^^^^^^^^^^^^^^^^
   9 | import {
  10 |   HomeCategoryBar,
  11 |   HomeCommunityCta,

Import map: aliased to relative './src/components/home/home-hero-section' inside of [project]/

https://nextjs.org/docs/messages/module-not-found @ http://127.0.0.1:3000/_next/static/chunks/node_modules_next_dist_f3530cac._.js:3127
[  377260ms] [ERROR] ./src/app/page.tsx:8:1
Module not found: Can't resolve '@/components/home/home-hero-section'
   6 | import { ActiveJamBanner } from "@/components/jams/active-jam-banner"
   7 | import { HomeGameLane } from "@/components/home/home-game-lane"
>  8 | import { HomeHeroSection } from "@/components/home/home-hero-section"
     | ^^^^^^^^^^^^^^^^^^^^^^^^^^^^^^^^^^^^^^^^^^^^^^^^^^^^^^^^^^^^^^^^^^^^^
   9 | import {
  10 |   HomeCategoryBar,
  11 |   HomeCommunityCta,

Import map: aliased to relative './src/components/home/home-hero-section' inside of [project]/

https://nextjs.org/docs/messages/module-not-found @ http://127.0.0.1:3000/_next/static/chunks/node_modules_next_dist_f3530cac._.js:3127
[  377324ms] [ERROR] ./src/app/page.tsx:8:1
Module not found: Can't resolve '@/components/home/home-hero-section'
   6 | import { ActiveJamBanner } from "@/components/jams/active-jam-banner"
   7 | import { HomeGameLane } from "@/components/home/home-game-lane"
>  8 | import { HomeHeroSection } from "@/components/home/home-hero-section"
     | ^^^^^^^^^^^^^^^^^^^^^^^^^^^^^^^^^^^^^^^^^^^^^^^^^^^^^^^^^^^^^^^^^^^^^
   9 | import {
  10 |   HomeCategoryBar,
  11 |   HomeCommunityCta,

Import map: aliased to relative './src/components/home/home-hero-section' inside of [project]/

https://nextjs.org/docs/messages/module-not-found @ http://127.0.0.1:3000/_next/static/chunks/node_modules_next_dist_f3530cac._.js:3127
[  377376ms] [ERROR] ./src/app/page.tsx:8:1
Module not found: Can't resolve '@/components/home/home-hero-section'
   6 | import { ActiveJamBanner } from "@/components/jams/active-jam-banner"
   7 | import { HomeGameLane } from "@/components/home/home-game-lane"
>  8 | import { HomeHeroSection } from "@/components/home/home-hero-section"
     | ^^^^^^^^^^^^^^^^^^^^^^^^^^^^^^^^^^^^^^^^^^^^^^^^^^^^^^^^^^^^^^^^^^^^^
   9 | import {
  10 |   HomeCategoryBar,
  11 |   HomeCommunityCta,

Import map: aliased to relative './src/components/home/home-hero-section' inside of [project]/

https://nextjs.org/docs/messages/module-not-found @ http://127.0.0.1:3000/_next/static/chunks/node_modules_next_dist_f3530cac._.js:3127
[  377441ms] [ERROR] ./src/app/page.tsx:8:1
Module not found: Can't resolve '@/components/home/home-hero-section'
   6 | import { ActiveJamBanner } from "@/components/jams/active-jam-banner"
   7 | import { HomeGameLane } from "@/components/home/home-game-lane"
>  8 | import { HomeHeroSection } from "@/components/home/home-hero-section"
     | ^^^^^^^^^^^^^^^^^^^^^^^^^^^^^^^^^^^^^^^^^^^^^^^^^^^^^^^^^^^^^^^^^^^^^
   9 | import {
  10 |   HomeCategoryBar,
  11 |   HomeCommunityCta,

Import map: aliased to relative './src/components/home/home-hero-section' inside of [project]/

https://nextjs.org/docs/messages/module-not-found @ http://127.0.0.1:3000/_next/static/chunks/node_modules_next_dist_f3530cac._.js:3127
[  377507ms] [ERROR] ./src/app/page.tsx:8:1
Module not found: Can't resolve '@/components/home/home-hero-section'
   6 | import { ActiveJamBanner } from "@/components/jams/active-jam-banner"
   7 | import { HomeGameLane } from "@/components/home/home-game-lane"
>  8 | import { HomeHeroSection } from "@/components/home/home-hero-section"
     | ^^^^^^^^^^^^^^^^^^^^^^^^^^^^^^^^^^^^^^^^^^^^^^^^^^^^^^^^^^^^^^^^^^^^^
   9 | import {
  10 |   HomeCategoryBar,
  11 |   HomeCommunityCta,

Import map: aliased to relative './src/components/home/home-hero-section' inside of [project]/

https://nextjs.org/docs/messages/module-not-found @ http://127.0.0.1:3000/_next/static/chunks/node_modules_next_dist_f3530cac._.js:3127
[  377574ms] [ERROR] ./src/app/page.tsx:8:1
Module not found: Can't resolve '@/components/home/home-hero-section'
   6 | import { ActiveJamBanner } from "@/components/jams/active-jam-banner"
   7 | import { HomeGameLane } from "@/components/home/home-game-lane"
>  8 | import { HomeHeroSection } from "@/components/home/home-hero-section"
     | ^^^^^^^^^^^^^^^^^^^^^^^^^^^^^^^^^^^^^^^^^^^^^^^^^^^^^^^^^^^^^^^^^^^^^
   9 | import {
  10 |   HomeCategoryBar,
  11 |   HomeCommunityCta,

Import map: aliased to relative './src/components/home/home-hero-section' inside of [project]/

https://nextjs.org/docs/messages/module-not-found @ http://127.0.0.1:3000/_next/static/chunks/node_modules_next_dist_f3530cac._.js:3127
[  377640ms] [ERROR] ./src/app/page.tsx:8:1
Module not found: Can't resolve '@/components/home/home-hero-section'
   6 | import { ActiveJamBanner } from "@/components/jams/active-jam-banner"
   7 | import { HomeGameLane } from "@/components/home/home-game-lane"
>  8 | import { HomeHeroSection } from "@/components/home/home-hero-section"
     | ^^^^^^^^^^^^^^^^^^^^^^^^^^^^^^^^^^^^^^^^^^^^^^^^^^^^^^^^^^^^^^^^^^^^^
   9 | import {
  10 |   HomeCategoryBar,
  11 |   HomeCommunityCta,

Import map: aliased to relative './src/components/home/home-hero-section' inside of [project]/

https://nextjs.org/docs/messages/module-not-found @ http://127.0.0.1:3000/_next/static/chunks/node_modules_next_dist_f3530cac._.js:3127
[  377707ms] [ERROR] ./src/app/page.tsx:8:1
Module not found: Can't resolve '@/components/home/home-hero-section'
   6 | import { ActiveJamBanner } from "@/components/jams/active-jam-banner"
   7 | import { HomeGameLane } from "@/components/home/home-game-lane"
>  8 | import { HomeHeroSection } from "@/components/home/home-hero-section"
     | ^^^^^^^^^^^^^^^^^^^^^^^^^^^^^^^^^^^^^^^^^^^^^^^^^^^^^^^^^^^^^^^^^^^^^
   9 | import {
  10 |   HomeCategoryBar,
  11 |   HomeCommunityCta,

Import map: aliased to relative './src/components/home/home-hero-section' inside of [project]/

https://nextjs.org/docs/messages/module-not-found @ http://127.0.0.1:3000/_next/static/chunks/node_modules_next_dist_f3530cac._.js:3127
[  377775ms] [ERROR] ./src/app/page.tsx:8:1
Module not found: Can't resolve '@/components/home/home-hero-section'
   6 | import { ActiveJamBanner } from "@/components/jams/active-jam-banner"
   7 | import { HomeGameLane } from "@/components/home/home-game-lane"
>  8 | import { HomeHeroSection } from "@/components/home/home-hero-section"
     | ^^^^^^^^^^^^^^^^^^^^^^^^^^^^^^^^^^^^^^^^^^^^^^^^^^^^^^^^^^^^^^^^^^^^^
   9 | import {
  10 |   HomeCategoryBar,
  11 |   HomeCommunityCta,

Import map: aliased to relative './src/components/home/home-hero-section' inside of [project]/

https://nextjs.org/docs/messages/module-not-found @ http://127.0.0.1:3000/_next/static/chunks/node_modules_next_dist_f3530cac._.js:3127
[  377842ms] [ERROR] ./src/app/page.tsx:8:1
Module not found: Can't resolve '@/components/home/home-hero-section'
   6 | import { ActiveJamBanner } from "@/components/jams/active-jam-banner"
   7 | import { HomeGameLane } from "@/components/home/home-game-lane"
>  8 | import { HomeHeroSection } from "@/components/home/home-hero-section"
     | ^^^^^^^^^^^^^^^^^^^^^^^^^^^^^^^^^^^^^^^^^^^^^^^^^^^^^^^^^^^^^^^^^^^^^
   9 | import {
  10 |   HomeCategoryBar,
  11 |   HomeCommunityCta,

Import map: aliased to relative './src/components/home/home-hero-section' inside of [project]/

https://nextjs.org/docs/messages/module-not-found @ http://127.0.0.1:3000/_next/static/chunks/node_modules_next_dist_f3530cac._.js:3127
[  377909ms] [ERROR] ./src/app/page.tsx:8:1
Module not found: Can't resolve '@/components/home/home-hero-section'
   6 | import { ActiveJamBanner } from "@/components/jams/active-jam-banner"
   7 | import { HomeGameLane } from "@/components/home/home-game-lane"
>  8 | import { HomeHeroSection } from "@/components/home/home-hero-section"
     | ^^^^^^^^^^^^^^^^^^^^^^^^^^^^^^^^^^^^^^^^^^^^^^^^^^^^^^^^^^^^^^^^^^^^^
   9 | import {
  10 |   HomeCategoryBar,
  11 |   HomeCommunityCta,

Import map: aliased to relative './src/components/home/home-hero-section' inside of [project]/

https://nextjs.org/docs/messages/module-not-found @ http://127.0.0.1:3000/_next/static/chunks/node_modules_next_dist_f3530cac._.js:3127
[  377979ms] [ERROR] ./src/app/page.tsx:8:1
Module not found: Can't resolve '@/components/home/home-hero-section'
   6 | import { ActiveJamBanner } from "@/components/jams/active-jam-banner"
   7 | import { HomeGameLane } from "@/components/home/home-game-lane"
>  8 | import { HomeHeroSection } from "@/components/home/home-hero-section"
     | ^^^^^^^^^^^^^^^^^^^^^^^^^^^^^^^^^^^^^^^^^^^^^^^^^^^^^^^^^^^^^^^^^^^^^
   9 | import {
  10 |   HomeCategoryBar,
  11 |   HomeCommunityCta,

Import map: aliased to relative './src/components/home/home-hero-section' inside of [project]/

https://nextjs.org/docs/messages/module-not-found @ http://127.0.0.1:3000/_next/static/chunks/node_modules_next_dist_f3530cac._.js:3127
[  378045ms] [ERROR] ./src/app/page.tsx:8:1
Module not found: Can't resolve '@/components/home/home-hero-section'
   6 | import { ActiveJamBanner } from "@/components/jams/active-jam-banner"
   7 | import { HomeGameLane } from "@/components/home/home-game-lane"
>  8 | import { HomeHeroSection } from "@/components/home/home-hero-section"
     | ^^^^^^^^^^^^^^^^^^^^^^^^^^^^^^^^^^^^^^^^^^^^^^^^^^^^^^^^^^^^^^^^^^^^^
   9 | import {
  10 |   HomeCategoryBar,
  11 |   HomeCommunityCta,

Import map: aliased to relative './src/components/home/home-hero-section' inside of [project]/

https://nextjs.org/docs/messages/module-not-found @ http://127.0.0.1:3000/_next/static/chunks/node_modules_next_dist_f3530cac._.js:3127
[  378111ms] [ERROR] ./src/app/page.tsx:8:1
Module not found: Can't resolve '@/components/home/home-hero-section'
   6 | import { ActiveJamBanner } from "@/components/jams/active-jam-banner"
   7 | import { HomeGameLane } from "@/components/home/home-game-lane"
>  8 | import { HomeHeroSection } from "@/components/home/home-hero-section"
     | ^^^^^^^^^^^^^^^^^^^^^^^^^^^^^^^^^^^^^^^^^^^^^^^^^^^^^^^^^^^^^^^^^^^^^
   9 | import {
  10 |   HomeCategoryBar,
  11 |   HomeCommunityCta,

Import map: aliased to relative './src/components/home/home-hero-section' inside of [project]/

https://nextjs.org/docs/messages/module-not-found @ http://127.0.0.1:3000/_next/static/chunks/node_modules_next_dist_f3530cac._.js:3127
[  378168ms] [ERROR] ./src/app/page.tsx:8:1
Module not found: Can't resolve '@/components/home/home-hero-section'
   6 | import { ActiveJamBanner } from "@/components/jams/active-jam-banner"
   7 | import { HomeGameLane } from "@/components/home/home-game-lane"
>  8 | import { HomeHeroSection } from "@/components/home/home-hero-section"
     | ^^^^^^^^^^^^^^^^^^^^^^^^^^^^^^^^^^^^^^^^^^^^^^^^^^^^^^^^^^^^^^^^^^^^^
   9 | import {
  10 |   HomeCategoryBar,
  11 |   HomeCommunityCta,

Import map: aliased to relative './src/components/home/home-hero-section' inside of [project]/

https://nextjs.org/docs/messages/module-not-found @ http://127.0.0.1:3000/_next/static/chunks/node_modules_next_dist_f3530cac._.js:3127
[  378223ms] [ERROR] ./src/app/page.tsx:8:1
Module not found: Can't resolve '@/components/home/home-hero-section'
   6 | import { ActiveJamBanner } from "@/components/jams/active-jam-banner"
   7 | import { HomeGameLane } from "@/components/home/home-game-lane"
>  8 | import { HomeHeroSection } from "@/components/home/home-hero-section"
     | ^^^^^^^^^^^^^^^^^^^^^^^^^^^^^^^^^^^^^^^^^^^^^^^^^^^^^^^^^^^^^^^^^^^^^
   9 | import {
  10 |   HomeCategoryBar,
  11 |   HomeCommunityCta,

Import map: aliased to relative './src/components/home/home-hero-section' inside of [project]/

https://nextjs.org/docs/messages/module-not-found @ http://127.0.0.1:3000/_next/static/chunks/node_modules_next_dist_f3530cac._.js:3127
[  378289ms] [ERROR] ./src/app/page.tsx:8:1
Module not found: Can't resolve '@/components/home/home-hero-section'
   6 | import { ActiveJamBanner } from "@/components/jams/active-jam-banner"
   7 | import { HomeGameLane } from "@/components/home/home-game-lane"
>  8 | import { HomeHeroSection } from "@/components/home/home-hero-section"
     | ^^^^^^^^^^^^^^^^^^^^^^^^^^^^^^^^^^^^^^^^^^^^^^^^^^^^^^^^^^^^^^^^^^^^^
   9 | import {
  10 |   HomeCategoryBar,
  11 |   HomeCommunityCta,

Import map: aliased to relative './src/components/home/home-hero-section' inside of [project]/

https://nextjs.org/docs/messages/module-not-found @ http://127.0.0.1:3000/_next/static/chunks/node_modules_next_dist_f3530cac._.js:3127
[  378342ms] [ERROR] ./src/app/page.tsx:8:1
Module not found: Can't resolve '@/components/home/home-hero-section'
   6 | import { ActiveJamBanner } from "@/components/jams/active-jam-banner"
   7 | import { HomeGameLane } from "@/components/home/home-game-lane"
>  8 | import { HomeHeroSection } from "@/components/home/home-hero-section"
     | ^^^^^^^^^^^^^^^^^^^^^^^^^^^^^^^^^^^^^^^^^^^^^^^^^^^^^^^^^^^^^^^^^^^^^
   9 | import {
  10 |   HomeCategoryBar,
  11 |   HomeCommunityCta,

Import map: aliased to relative './src/components/home/home-hero-section' inside of [project]/

https://nextjs.org/docs/messages/module-not-found @ http://127.0.0.1:3000/_next/static/chunks/node_modules_next_dist_f3530cac._.js:3127
[  378409ms] [ERROR] ./src/app/page.tsx:8:1
Module not found: Can't resolve '@/components/home/home-hero-section'
   6 | import { ActiveJamBanner } from "@/components/jams/active-jam-banner"
   7 | import { HomeGameLane } from "@/components/home/home-game-lane"
>  8 | import { HomeHeroSection } from "@/components/home/home-hero-section"
     | ^^^^^^^^^^^^^^^^^^^^^^^^^^^^^^^^^^^^^^^^^^^^^^^^^^^^^^^^^^^^^^^^^^^^^
   9 | import {
  10 |   HomeCategoryBar,
  11 |   HomeCommunityCta,

Import map: aliased to relative './src/components/home/home-hero-section' inside of [project]/

https://nextjs.org/docs/messages/module-not-found @ http://127.0.0.1:3000/_next/static/chunks/node_modules_next_dist_f3530cac._.js:3127
[  378475ms] [ERROR] ./src/app/page.tsx:8:1
Module not found: Can't resolve '@/components/home/home-hero-section'
   6 | import { ActiveJamBanner } from "@/components/jams/active-jam-banner"
   7 | import { HomeGameLane } from "@/components/home/home-game-lane"
>  8 | import { HomeHeroSection } from "@/components/home/home-hero-section"
     | ^^^^^^^^^^^^^^^^^^^^^^^^^^^^^^^^^^^^^^^^^^^^^^^^^^^^^^^^^^^^^^^^^^^^^
   9 | import {
  10 |   HomeCategoryBar,
  11 |   HomeCommunityCta,

Import map: aliased to relative './src/components/home/home-hero-section' inside of [project]/

https://nextjs.org/docs/messages/module-not-found @ http://127.0.0.1:3000/_next/static/chunks/node_modules_next_dist_f3530cac._.js:3127
[  378544ms] [ERROR] ./src/app/page.tsx:8:1
Module not found: Can't resolve '@/components/home/home-hero-section'
   6 | import { ActiveJamBanner } from "@/components/jams/active-jam-banner"
   7 | import { HomeGameLane } from "@/components/home/home-game-lane"
>  8 | import { HomeHeroSection } from "@/components/home/home-hero-section"
     | ^^^^^^^^^^^^^^^^^^^^^^^^^^^^^^^^^^^^^^^^^^^^^^^^^^^^^^^^^^^^^^^^^^^^^
   9 | import {
  10 |   HomeCategoryBar,
  11 |   HomeCommunityCta,

Import map: aliased to relative './src/components/home/home-hero-section' inside of [project]/

https://nextjs.org/docs/messages/module-not-found @ http://127.0.0.1:3000/_next/static/chunks/node_modules_next_dist_f3530cac._.js:3127
[  378606ms] [ERROR] ./src/app/page.tsx:8:1
Module not found: Can't resolve '@/components/home/home-hero-section'
   6 | import { ActiveJamBanner } from "@/components/jams/active-jam-banner"
   7 | import { HomeGameLane } from "@/components/home/home-game-lane"
>  8 | import { HomeHeroSection } from "@/components/home/home-hero-section"
     | ^^^^^^^^^^^^^^^^^^^^^^^^^^^^^^^^^^^^^^^^^^^^^^^^^^^^^^^^^^^^^^^^^^^^^
   9 | import {
  10 |   HomeCategoryBar,
  11 |   HomeCommunityCta,

Import map: aliased to relative './src/components/home/home-hero-section' inside of [project]/

https://nextjs.org/docs/messages/module-not-found @ http://127.0.0.1:3000/_next/static/chunks/node_modules_next_dist_f3530cac._.js:3127
[  378672ms] [ERROR] ./src/app/page.tsx:8:1
Module not found: Can't resolve '@/components/home/home-hero-section'
   6 | import { ActiveJamBanner } from "@/components/jams/active-jam-banner"
   7 | import { HomeGameLane } from "@/components/home/home-game-lane"
>  8 | import { HomeHeroSection } from "@/components/home/home-hero-section"
     | ^^^^^^^^^^^^^^^^^^^^^^^^^^^^^^^^^^^^^^^^^^^^^^^^^^^^^^^^^^^^^^^^^^^^^
   9 | import {
  10 |   HomeCategoryBar,
  11 |   HomeCommunityCta,

Import map: aliased to relative './src/components/home/home-hero-section' inside of [project]/

https://nextjs.org/docs/messages/module-not-found @ http://127.0.0.1:3000/_next/static/chunks/node_modules_next_dist_f3530cac._.js:3127
[  378740ms] [ERROR] ./src/app/page.tsx:8:1
Module not found: Can't resolve '@/components/home/home-hero-section'
   6 | import { ActiveJamBanner } from "@/components/jams/active-jam-banner"
   7 | import { HomeGameLane } from "@/components/home/home-game-lane"
>  8 | import { HomeHeroSection } from "@/components/home/home-hero-section"
     | ^^^^^^^^^^^^^^^^^^^^^^^^^^^^^^^^^^^^^^^^^^^^^^^^^^^^^^^^^^^^^^^^^^^^^
   9 | import {
  10 |   HomeCategoryBar,
  11 |   HomeCommunityCta,

Import map: aliased to relative './src/components/home/home-hero-section' inside of [project]/

https://nextjs.org/docs/messages/module-not-found @ http://127.0.0.1:3000/_next/static/chunks/node_modules_next_dist_f3530cac._.js:3127
[  378806ms] [ERROR] ./src/app/page.tsx:8:1
Module not found: Can't resolve '@/components/home/home-hero-section'
   6 | import { ActiveJamBanner } from "@/components/jams/active-jam-banner"
   7 | import { HomeGameLane } from "@/components/home/home-game-lane"
>  8 | import { HomeHeroSection } from "@/components/home/home-hero-section"
     | ^^^^^^^^^^^^^^^^^^^^^^^^^^^^^^^^^^^^^^^^^^^^^^^^^^^^^^^^^^^^^^^^^^^^^
   9 | import {
  10 |   HomeCategoryBar,
  11 |   HomeCommunityCta,

Import map: aliased to relative './src/components/home/home-hero-section' inside of [project]/

https://nextjs.org/docs/messages/module-not-found @ http://127.0.0.1:3000/_next/static/chunks/node_modules_next_dist_f3530cac._.js:3127
[  378873ms] [ERROR] ./src/app/page.tsx:8:1
Module not found: Can't resolve '@/components/home/home-hero-section'
   6 | import { ActiveJamBanner } from "@/components/jams/active-jam-banner"
   7 | import { HomeGameLane } from "@/components/home/home-game-lane"
>  8 | import { HomeHeroSection } from "@/components/home/home-hero-section"
     | ^^^^^^^^^^^^^^^^^^^^^^^^^^^^^^^^^^^^^^^^^^^^^^^^^^^^^^^^^^^^^^^^^^^^^
   9 | import {
  10 |   HomeCategoryBar,
  11 |   HomeCommunityCta,

Import map: aliased to relative './src/components/home/home-hero-section' inside of [project]/

https://nextjs.org/docs/messages/module-not-found @ http://127.0.0.1:3000/_next/static/chunks/node_modules_next_dist_f3530cac._.js:3127
[  378940ms] [ERROR] ./src/app/page.tsx:8:1
Module not found: Can't resolve '@/components/home/home-hero-section'
   6 | import { ActiveJamBanner } from "@/components/jams/active-jam-banner"
   7 | import { HomeGameLane } from "@/components/home/home-game-lane"
>  8 | import { HomeHeroSection } from "@/components/home/home-hero-section"
     | ^^^^^^^^^^^^^^^^^^^^^^^^^^^^^^^^^^^^^^^^^^^^^^^^^^^^^^^^^^^^^^^^^^^^^
   9 | import {
  10 |   HomeCategoryBar,
  11 |   HomeCommunityCta,

Import map: aliased to relative './src/components/home/home-hero-section' inside of [project]/

https://nextjs.org/docs/messages/module-not-found @ http://127.0.0.1:3000/_next/static/chunks/node_modules_next_dist_f3530cac._.js:3127
[  379015ms] [ERROR] ./src/app/page.tsx:8:1
Module not found: Can't resolve '@/components/home/home-hero-section'
   6 | import { ActiveJamBanner } from "@/components/jams/active-jam-banner"
   7 | import { HomeGameLane } from "@/components/home/home-game-lane"
>  8 | import { HomeHeroSection } from "@/components/home/home-hero-section"
     | ^^^^^^^^^^^^^^^^^^^^^^^^^^^^^^^^^^^^^^^^^^^^^^^^^^^^^^^^^^^^^^^^^^^^^
   9 | import {
  10 |   HomeCategoryBar,
  11 |   HomeCommunityCta,

Import map: aliased to relative './src/components/home/home-hero-section' inside of [project]/

https://nextjs.org/docs/messages/module-not-found @ http://127.0.0.1:3000/_next/static/chunks/node_modules_next_dist_f3530cac._.js:3127
[  379078ms] [ERROR] ./src/app/page.tsx:8:1
Module not found: Can't resolve '@/components/home/home-hero-section'
   6 | import { ActiveJamBanner } from "@/components/jams/active-jam-banner"
   7 | import { HomeGameLane } from "@/components/home/home-game-lane"
>  8 | import { HomeHeroSection } from "@/components/home/home-hero-section"
     | ^^^^^^^^^^^^^^^^^^^^^^^^^^^^^^^^^^^^^^^^^^^^^^^^^^^^^^^^^^^^^^^^^^^^^
   9 | import {
  10 |   HomeCategoryBar,
  11 |   HomeCommunityCta,

Import map: aliased to relative './src/components/home/home-hero-section' inside of [project]/

https://nextjs.org/docs/messages/module-not-found @ http://127.0.0.1:3000/_next/static/chunks/node_modules_next_dist_f3530cac._.js:3127
[  379145ms] [ERROR] ./src/app/page.tsx:8:1
Module not found: Can't resolve '@/components/home/home-hero-section'
   6 | import { ActiveJamBanner } from "@/components/jams/active-jam-banner"
   7 | import { HomeGameLane } from "@/components/home/home-game-lane"
>  8 | import { HomeHeroSection } from "@/components/home/home-hero-section"
     | ^^^^^^^^^^^^^^^^^^^^^^^^^^^^^^^^^^^^^^^^^^^^^^^^^^^^^^^^^^^^^^^^^^^^^
   9 | import {
  10 |   HomeCategoryBar,
  11 |   HomeCommunityCta,

Import map: aliased to relative './src/components/home/home-hero-section' inside of [project]/

https://nextjs.org/docs/messages/module-not-found @ http://127.0.0.1:3000/_next/static/chunks/node_modules_next_dist_f3530cac._.js:3127
[  379205ms] [ERROR] ./src/app/page.tsx:8:1
Module not found: Can't resolve '@/components/home/home-hero-section'
   6 | import { ActiveJamBanner } from "@/components/jams/active-jam-banner"
   7 | import { HomeGameLane } from "@/components/home/home-game-lane"
>  8 | import { HomeHeroSection } from "@/components/home/home-hero-section"
     | ^^^^^^^^^^^^^^^^^^^^^^^^^^^^^^^^^^^^^^^^^^^^^^^^^^^^^^^^^^^^^^^^^^^^^
   9 | import {
  10 |   HomeCategoryBar,
  11 |   HomeCommunityCta,

Import map: aliased to relative './src/components/home/home-hero-section' inside of [project]/

https://nextjs.org/docs/messages/module-not-found @ http://127.0.0.1:3000/_next/static/chunks/node_modules_next_dist_f3530cac._.js:3127
[  379271ms] [ERROR] ./src/app/page.tsx:8:1
Module not found: Can't resolve '@/components/home/home-hero-section'
   6 | import { ActiveJamBanner } from "@/components/jams/active-jam-banner"
   7 | import { HomeGameLane } from "@/components/home/home-game-lane"
>  8 | import { HomeHeroSection } from "@/components/home/home-hero-section"
     | ^^^^^^^^^^^^^^^^^^^^^^^^^^^^^^^^^^^^^^^^^^^^^^^^^^^^^^^^^^^^^^^^^^^^^
   9 | import {
  10 |   HomeCategoryBar,
  11 |   HomeCommunityCta,

Import map: aliased to relative './src/components/home/home-hero-section' inside of [project]/

https://nextjs.org/docs/messages/module-not-found @ http://127.0.0.1:3000/_next/static/chunks/node_modules_next_dist_f3530cac._.js:3127
[  379345ms] [ERROR] ./src/app/page.tsx:8:1
Module not found: Can't resolve '@/components/home/home-hero-section'
   6 | import { ActiveJamBanner } from "@/components/jams/active-jam-banner"
   7 | import { HomeGameLane } from "@/components/home/home-game-lane"
>  8 | import { HomeHeroSection } from "@/components/home/home-hero-section"
     | ^^^^^^^^^^^^^^^^^^^^^^^^^^^^^^^^^^^^^^^^^^^^^^^^^^^^^^^^^^^^^^^^^^^^^
   9 | import {
  10 |   HomeCategoryBar,
  11 |   HomeCommunityCta,

Import map: aliased to relative './src/components/home/home-hero-section' inside of [project]/

https://nextjs.org/docs/messages/module-not-found @ http://127.0.0.1:3000/_next/static/chunks/node_modules_next_dist_f3530cac._.js:3127
[  379392ms] [ERROR] ./src/app/page.tsx:8:1
Module not found: Can't resolve '@/components/home/home-hero-section'
   6 | import { ActiveJamBanner } from "@/components/jams/active-jam-banner"
   7 | import { HomeGameLane } from "@/components/home/home-game-lane"
>  8 | import { HomeHeroSection } from "@/components/home/home-hero-section"
     | ^^^^^^^^^^^^^^^^^^^^^^^^^^^^^^^^^^^^^^^^^^^^^^^^^^^^^^^^^^^^^^^^^^^^^
   9 | import {
  10 |   HomeCategoryBar,
  11 |   HomeCommunityCta,

Import map: aliased to relative './src/components/home/home-hero-section' inside of [project]/

https://nextjs.org/docs/messages/module-not-found @ http://127.0.0.1:3000/_next/static/chunks/node_modules_next_dist_f3530cac._.js:3127
[  379480ms] [ERROR] ./src/app/page.tsx:8:1
Module not found: Can't resolve '@/components/home/home-hero-section'
   6 | import { ActiveJamBanner } from "@/components/jams/active-jam-banner"
   7 | import { HomeGameLane } from "@/components/home/home-game-lane"
>  8 | import { HomeHeroSection } from "@/components/home/home-hero-section"
     | ^^^^^^^^^^^^^^^^^^^^^^^^^^^^^^^^^^^^^^^^^^^^^^^^^^^^^^^^^^^^^^^^^^^^^
   9 | import {
  10 |   HomeCategoryBar,
  11 |   HomeCommunityCta,

Import map: aliased to relative './src/components/home/home-hero-section' inside of [project]/

https://nextjs.org/docs/messages/module-not-found @ http://127.0.0.1:3000/_next/static/chunks/node_modules_next_dist_f3530cac._.js:3127
[  379562ms] [ERROR] ./src/app/page.tsx:8:1
Module not found: Can't resolve '@/components/home/home-hero-section'
   6 | import { ActiveJamBanner } from "@/components/jams/active-jam-banner"
   7 | import { HomeGameLane } from "@/components/home/home-game-lane"
>  8 | import { HomeHeroSection } from "@/components/home/home-hero-section"
     | ^^^^^^^^^^^^^^^^^^^^^^^^^^^^^^^^^^^^^^^^^^^^^^^^^^^^^^^^^^^^^^^^^^^^^
   9 | import {
  10 |   HomeCategoryBar,
  11 |   HomeCommunityCta,

Import map: aliased to relative './src/components/home/home-hero-section' inside of [project]/

https://nextjs.org/docs/messages/module-not-found @ http://127.0.0.1:3000/_next/static/chunks/node_modules_next_dist_f3530cac._.js:3127
[  379619ms] [ERROR] ./src/app/page.tsx:8:1
Module not found: Can't resolve '@/components/home/home-hero-section'
   6 | import { ActiveJamBanner } from "@/components/jams/active-jam-banner"
   7 | import { HomeGameLane } from "@/components/home/home-game-lane"
>  8 | import { HomeHeroSection } from "@/components/home/home-hero-section"
     | ^^^^^^^^^^^^^^^^^^^^^^^^^^^^^^^^^^^^^^^^^^^^^^^^^^^^^^^^^^^^^^^^^^^^^
   9 | import {
  10 |   HomeCategoryBar,
  11 |   HomeCommunityCta,

Import map: aliased to relative './src/components/home/home-hero-section' inside of [project]/

https://nextjs.org/docs/messages/module-not-found @ http://127.0.0.1:3000/_next/static/chunks/node_modules_next_dist_f3530cac._.js:3127
[  379679ms] [ERROR] ./src/app/page.tsx:8:1
Module not found: Can't resolve '@/components/home/home-hero-section'
   6 | import { ActiveJamBanner } from "@/components/jams/active-jam-banner"
   7 | import { HomeGameLane } from "@/components/home/home-game-lane"
>  8 | import { HomeHeroSection } from "@/components/home/home-hero-section"
     | ^^^^^^^^^^^^^^^^^^^^^^^^^^^^^^^^^^^^^^^^^^^^^^^^^^^^^^^^^^^^^^^^^^^^^
   9 | import {
  10 |   HomeCategoryBar,
  11 |   HomeCommunityCta,

Import map: aliased to relative './src/components/home/home-hero-section' inside of [project]/

https://nextjs.org/docs/messages/module-not-found @ http://127.0.0.1:3000/_next/static/chunks/node_modules_next_dist_f3530cac._.js:3127
[  379737ms] [ERROR] ./src/app/page.tsx:8:1
Module not found: Can't resolve '@/components/home/home-hero-section'
   6 | import { ActiveJamBanner } from "@/components/jams/active-jam-banner"
   7 | import { HomeGameLane } from "@/components/home/home-game-lane"
>  8 | import { HomeHeroSection } from "@/components/home/home-hero-section"
     | ^^^^^^^^^^^^^^^^^^^^^^^^^^^^^^^^^^^^^^^^^^^^^^^^^^^^^^^^^^^^^^^^^^^^^
   9 | import {
  10 |   HomeCategoryBar,
  11 |   HomeCommunityCta,

Import map: aliased to relative './src/components/home/home-hero-section' inside of [project]/

https://nextjs.org/docs/messages/module-not-found @ http://127.0.0.1:3000/_next/static/chunks/node_modules_next_dist_f3530cac._.js:3127
[  379788ms] [ERROR] ./src/app/page.tsx:8:1
Module not found: Can't resolve '@/components/home/home-hero-section'
   6 | import { ActiveJamBanner } from "@/components/jams/active-jam-banner"
   7 | import { HomeGameLane } from "@/components/home/home-game-lane"
>  8 | import { HomeHeroSection } from "@/components/home/home-hero-section"
     | ^^^^^^^^^^^^^^^^^^^^^^^^^^^^^^^^^^^^^^^^^^^^^^^^^^^^^^^^^^^^^^^^^^^^^
   9 | import {
  10 |   HomeCategoryBar,
  11 |   HomeCommunityCta,

Import map: aliased to relative './src/components/home/home-hero-section' inside of [project]/

https://nextjs.org/docs/messages/module-not-found @ http://127.0.0.1:3000/_next/static/chunks/node_modules_next_dist_f3530cac._.js:3127
[  379853ms] [ERROR] ./src/app/page.tsx:8:1
Module not found: Can't resolve '@/components/home/home-hero-section'
   6 | import { ActiveJamBanner } from "@/components/jams/active-jam-banner"
   7 | import { HomeGameLane } from "@/components/home/home-game-lane"
>  8 | import { HomeHeroSection } from "@/components/home/home-hero-section"
     | ^^^^^^^^^^^^^^^^^^^^^^^^^^^^^^^^^^^^^^^^^^^^^^^^^^^^^^^^^^^^^^^^^^^^^
   9 | import {
  10 |   HomeCategoryBar,
  11 |   HomeCommunityCta,

Import map: aliased to relative './src/components/home/home-hero-section' inside of [project]/

https://nextjs.org/docs/messages/module-not-found @ http://127.0.0.1:3000/_next/static/chunks/node_modules_next_dist_f3530cac._.js:3127
[  379904ms] [ERROR] ./src/app/page.tsx:8:1
Module not found: Can't resolve '@/components/home/home-hero-section'
   6 | import { ActiveJamBanner } from "@/components/jams/active-jam-banner"
   7 | import { HomeGameLane } from "@/components/home/home-game-lane"
>  8 | import { HomeHeroSection } from "@/components/home/home-hero-section"
     | ^^^^^^^^^^^^^^^^^^^^^^^^^^^^^^^^^^^^^^^^^^^^^^^^^^^^^^^^^^^^^^^^^^^^^
   9 | import {
  10 |   HomeCategoryBar,
  11 |   HomeCommunityCta,

Import map: aliased to relative './src/components/home/home-hero-section' inside of [project]/

https://nextjs.org/docs/messages/module-not-found @ http://127.0.0.1:3000/_next/static/chunks/node_modules_next_dist_f3530cac._.js:3127
[  379964ms] [ERROR] ./src/app/page.tsx:8:1
Module not found: Can't resolve '@/components/home/home-hero-section'
   6 | import { ActiveJamBanner } from "@/components/jams/active-jam-banner"
   7 | import { HomeGameLane } from "@/components/home/home-game-lane"
>  8 | import { HomeHeroSection } from "@/components/home/home-hero-section"
     | ^^^^^^^^^^^^^^^^^^^^^^^^^^^^^^^^^^^^^^^^^^^^^^^^^^^^^^^^^^^^^^^^^^^^^
   9 | import {
  10 |   HomeCategoryBar,
  11 |   HomeCommunityCta,

Import map: aliased to relative './src/components/home/home-hero-section' inside of [project]/

https://nextjs.org/docs/messages/module-not-found @ http://127.0.0.1:3000/_next/static/chunks/node_modules_next_dist_f3530cac._.js:3127
[  380029ms] [ERROR] ./src/app/page.tsx:8:1
Module not found: Can't resolve '@/components/home/home-hero-section'
   6 | import { ActiveJamBanner } from "@/components/jams/active-jam-banner"
   7 | import { HomeGameLane } from "@/components/home/home-game-lane"
>  8 | import { HomeHeroSection } from "@/components/home/home-hero-section"
     | ^^^^^^^^^^^^^^^^^^^^^^^^^^^^^^^^^^^^^^^^^^^^^^^^^^^^^^^^^^^^^^^^^^^^^
   9 | import {
  10 |   HomeCategoryBar,
  11 |   HomeCommunityCta,

Import map: aliased to relative './src/components/home/home-hero-section' inside of [project]/

https://nextjs.org/docs/messages/module-not-found @ http://127.0.0.1:3000/_next/static/chunks/node_modules_next_dist_f3530cac._.js:3127
[  380088ms] [ERROR] ./src/app/page.tsx:8:1
Module not found: Can't resolve '@/components/home/home-hero-section'
   6 | import { ActiveJamBanner } from "@/components/jams/active-jam-banner"
   7 | import { HomeGameLane } from "@/components/home/home-game-lane"
>  8 | import { HomeHeroSection } from "@/components/home/home-hero-section"
     | ^^^^^^^^^^^^^^^^^^^^^^^^^^^^^^^^^^^^^^^^^^^^^^^^^^^^^^^^^^^^^^^^^^^^^
   9 | import {
  10 |   HomeCategoryBar,
  11 |   HomeCommunityCta,

Import map: aliased to relative './src/components/home/home-hero-section' inside of [project]/

https://nextjs.org/docs/messages/module-not-found @ http://127.0.0.1:3000/_next/static/chunks/node_modules_next_dist_f3530cac._.js:3127
[  380153ms] [ERROR] ./src/app/page.tsx:8:1
Module not found: Can't resolve '@/components/home/home-hero-section'
   6 | import { ActiveJamBanner } from "@/components/jams/active-jam-banner"
   7 | import { HomeGameLane } from "@/components/home/home-game-lane"
>  8 | import { HomeHeroSection } from "@/components/home/home-hero-section"
     | ^^^^^^^^^^^^^^^^^^^^^^^^^^^^^^^^^^^^^^^^^^^^^^^^^^^^^^^^^^^^^^^^^^^^^
   9 | import {
  10 |   HomeCategoryBar,
  11 |   HomeCommunityCta,

Import map: aliased to relative './src/components/home/home-hero-section' inside of [project]/

https://nextjs.org/docs/messages/module-not-found @ http://127.0.0.1:3000/_next/static/chunks/node_modules_next_dist_f3530cac._.js:3127
[  380209ms] [ERROR] ./src/app/page.tsx:8:1
Module not found: Can't resolve '@/components/home/home-hero-section'
   6 | import { ActiveJamBanner } from "@/components/jams/active-jam-banner"
   7 | import { HomeGameLane } from "@/components/home/home-game-lane"
>  8 | import { HomeHeroSection } from "@/components/home/home-hero-section"
     | ^^^^^^^^^^^^^^^^^^^^^^^^^^^^^^^^^^^^^^^^^^^^^^^^^^^^^^^^^^^^^^^^^^^^^
   9 | import {
  10 |   HomeCategoryBar,
  11 |   HomeCommunityCta,

Import map: aliased to relative './src/components/home/home-hero-section' inside of [project]/

https://nextjs.org/docs/messages/module-not-found @ http://127.0.0.1:3000/_next/static/chunks/node_modules_next_dist_f3530cac._.js:3127
[  380274ms] [ERROR] ./src/app/page.tsx:8:1
Module not found: Can't resolve '@/components/home/home-hero-section'
   6 | import { ActiveJamBanner } from "@/components/jams/active-jam-banner"
   7 | import { HomeGameLane } from "@/components/home/home-game-lane"
>  8 | import { HomeHeroSection } from "@/components/home/home-hero-section"
     | ^^^^^^^^^^^^^^^^^^^^^^^^^^^^^^^^^^^^^^^^^^^^^^^^^^^^^^^^^^^^^^^^^^^^^
   9 | import {
  10 |   HomeCategoryBar,
  11 |   HomeCommunityCta,

Import map: aliased to relative './src/components/home/home-hero-section' inside of [project]/

https://nextjs.org/docs/messages/module-not-found @ http://127.0.0.1:3000/_next/static/chunks/node_modules_next_dist_f3530cac._.js:3127
[  380340ms] [ERROR] ./src/app/page.tsx:8:1
Module not found: Can't resolve '@/components/home/home-hero-section'
   6 | import { ActiveJamBanner } from "@/components/jams/active-jam-banner"
   7 | import { HomeGameLane } from "@/components/home/home-game-lane"
>  8 | import { HomeHeroSection } from "@/components/home/home-hero-section"
     | ^^^^^^^^^^^^^^^^^^^^^^^^^^^^^^^^^^^^^^^^^^^^^^^^^^^^^^^^^^^^^^^^^^^^^
   9 | import {
  10 |   HomeCategoryBar,
  11 |   HomeCommunityCta,

Import map: aliased to relative './src/components/home/home-hero-section' inside of [project]/

https://nextjs.org/docs/messages/module-not-found @ http://127.0.0.1:3000/_next/static/chunks/node_modules_next_dist_f3530cac._.js:3127
[  380404ms] [ERROR] ./src/app/page.tsx:8:1
Module not found: Can't resolve '@/components/home/home-hero-section'
   6 | import { ActiveJamBanner } from "@/components/jams/active-jam-banner"
   7 | import { HomeGameLane } from "@/components/home/home-game-lane"
>  8 | import { HomeHeroSection } from "@/components/home/home-hero-section"
     | ^^^^^^^^^^^^^^^^^^^^^^^^^^^^^^^^^^^^^^^^^^^^^^^^^^^^^^^^^^^^^^^^^^^^^
   9 | import {
  10 |   HomeCategoryBar,
  11 |   HomeCommunityCta,

Import map: aliased to relative './src/components/home/home-hero-section' inside of [project]/

https://nextjs.org/docs/messages/module-not-found @ http://127.0.0.1:3000/_next/static/chunks/node_modules_next_dist_f3530cac._.js:3127
[  380473ms] [ERROR] ./src/app/page.tsx:8:1
Module not found: Can't resolve '@/components/home/home-hero-section'
   6 | import { ActiveJamBanner } from "@/components/jams/active-jam-banner"
   7 | import { HomeGameLane } from "@/components/home/home-game-lane"
>  8 | import { HomeHeroSection } from "@/components/home/home-hero-section"
     | ^^^^^^^^^^^^^^^^^^^^^^^^^^^^^^^^^^^^^^^^^^^^^^^^^^^^^^^^^^^^^^^^^^^^^
   9 | import {
  10 |   HomeCategoryBar,
  11 |   HomeCommunityCta,

Import map: aliased to relative './src/components/home/home-hero-section' inside of [project]/

https://nextjs.org/docs/messages/module-not-found @ http://127.0.0.1:3000/_next/static/chunks/node_modules_next_dist_f3530cac._.js:3127
[  380542ms] [ERROR] ./src/app/page.tsx:8:1
Module not found: Can't resolve '@/components/home/home-hero-section'
   6 | import { ActiveJamBanner } from "@/components/jams/active-jam-banner"
   7 | import { HomeGameLane } from "@/components/home/home-game-lane"
>  8 | import { HomeHeroSection } from "@/components/home/home-hero-section"
     | ^^^^^^^^^^^^^^^^^^^^^^^^^^^^^^^^^^^^^^^^^^^^^^^^^^^^^^^^^^^^^^^^^^^^^
   9 | import {
  10 |   HomeCategoryBar,
  11 |   HomeCommunityCta,

Import map: aliased to relative './src/components/home/home-hero-section' inside of [project]/

https://nextjs.org/docs/messages/module-not-found @ http://127.0.0.1:3000/_next/static/chunks/node_modules_next_dist_f3530cac._.js:3127
[  380610ms] [ERROR] ./src/app/page.tsx:8:1
Module not found: Can't resolve '@/components/home/home-hero-section'
   6 | import { ActiveJamBanner } from "@/components/jams/active-jam-banner"
   7 | import { HomeGameLane } from "@/components/home/home-game-lane"
>  8 | import { HomeHeroSection } from "@/components/home/home-hero-section"
     | ^^^^^^^^^^^^^^^^^^^^^^^^^^^^^^^^^^^^^^^^^^^^^^^^^^^^^^^^^^^^^^^^^^^^^
   9 | import {
  10 |   HomeCategoryBar,
  11 |   HomeCommunityCta,

Import map: aliased to relative './src/components/home/home-hero-section' inside of [project]/

https://nextjs.org/docs/messages/module-not-found @ http://127.0.0.1:3000/_next/static/chunks/node_modules_next_dist_f3530cac._.js:3127
[  380672ms] [ERROR] ./src/app/page.tsx:8:1
Module not found: Can't resolve '@/components/home/home-hero-section'
   6 | import { ActiveJamBanner } from "@/components/jams/active-jam-banner"
   7 | import { HomeGameLane } from "@/components/home/home-game-lane"
>  8 | import { HomeHeroSection } from "@/components/home/home-hero-section"
     | ^^^^^^^^^^^^^^^^^^^^^^^^^^^^^^^^^^^^^^^^^^^^^^^^^^^^^^^^^^^^^^^^^^^^^
   9 | import {
  10 |   HomeCategoryBar,
  11 |   HomeCommunityCta,

Import map: aliased to relative './src/components/home/home-hero-section' inside of [project]/

https://nextjs.org/docs/messages/module-not-found @ http://127.0.0.1:3000/_next/static/chunks/node_modules_next_dist_f3530cac._.js:3127
[  380738ms] [ERROR] ./src/app/page.tsx:8:1
Module not found: Can't resolve '@/components/home/home-hero-section'
   6 | import { ActiveJamBanner } from "@/components/jams/active-jam-banner"
   7 | import { HomeGameLane } from "@/components/home/home-game-lane"
>  8 | import { HomeHeroSection } from "@/components/home/home-hero-section"
     | ^^^^^^^^^^^^^^^^^^^^^^^^^^^^^^^^^^^^^^^^^^^^^^^^^^^^^^^^^^^^^^^^^^^^^
   9 | import {
  10 |   HomeCategoryBar,
  11 |   HomeCommunityCta,

Import map: aliased to relative './src/components/home/home-hero-section' inside of [project]/

https://nextjs.org/docs/messages/module-not-found @ http://127.0.0.1:3000/_next/static/chunks/node_modules_next_dist_f3530cac._.js:3127
[  380809ms] [ERROR] ./src/app/page.tsx:8:1
Module not found: Can't resolve '@/components/home/home-hero-section'
   6 | import { ActiveJamBanner } from "@/components/jams/active-jam-banner"
   7 | import { HomeGameLane } from "@/components/home/home-game-lane"
>  8 | import { HomeHeroSection } from "@/components/home/home-hero-section"
     | ^^^^^^^^^^^^^^^^^^^^^^^^^^^^^^^^^^^^^^^^^^^^^^^^^^^^^^^^^^^^^^^^^^^^^
   9 | import {
  10 |   HomeCategoryBar,
  11 |   HomeCommunityCta,

Import map: aliased to relative './src/components/home/home-hero-section' inside of [project]/

https://nextjs.org/docs/messages/module-not-found @ http://127.0.0.1:3000/_next/static/chunks/node_modules_next_dist_f3530cac._.js:3127
[  380856ms] [ERROR] ./src/app/page.tsx:8:1
Module not found: Can't resolve '@/components/home/home-hero-section'
   6 | import { ActiveJamBanner } from "@/components/jams/active-jam-banner"
   7 | import { HomeGameLane } from "@/components/home/home-game-lane"
>  8 | import { HomeHeroSection } from "@/components/home/home-hero-section"
     | ^^^^^^^^^^^^^^^^^^^^^^^^^^^^^^^^^^^^^^^^^^^^^^^^^^^^^^^^^^^^^^^^^^^^^
   9 | import {
  10 |   HomeCategoryBar,
  11 |   HomeCommunityCta,

Import map: aliased to relative './src/components/home/home-hero-section' inside of [project]/

https://nextjs.org/docs/messages/module-not-found @ http://127.0.0.1:3000/_next/static/chunks/node_modules_next_dist_f3530cac._.js:3127
[  380919ms] [ERROR] ./src/app/page.tsx:8:1
Module not found: Can't resolve '@/components/home/home-hero-section'
   6 | import { ActiveJamBanner } from "@/components/jams/active-jam-banner"
   7 | import { HomeGameLane } from "@/components/home/home-game-lane"
>  8 | import { HomeHeroSection } from "@/components/home/home-hero-section"
     | ^^^^^^^^^^^^^^^^^^^^^^^^^^^^^^^^^^^^^^^^^^^^^^^^^^^^^^^^^^^^^^^^^^^^^
   9 | import {
  10 |   HomeCategoryBar,
  11 |   HomeCommunityCta,

Import map: aliased to relative './src/components/home/home-hero-section' inside of [project]/

https://nextjs.org/docs/messages/module-not-found @ http://127.0.0.1:3000/_next/static/chunks/node_modules_next_dist_f3530cac._.js:3127
[  380973ms] [ERROR] ./src/app/page.tsx:8:1
Module not found: Can't resolve '@/components/home/home-hero-section'
   6 | import { ActiveJamBanner } from "@/components/jams/active-jam-banner"
   7 | import { HomeGameLane } from "@/components/home/home-game-lane"
>  8 | import { HomeHeroSection } from "@/components/home/home-hero-section"
     | ^^^^^^^^^^^^^^^^^^^^^^^^^^^^^^^^^^^^^^^^^^^^^^^^^^^^^^^^^^^^^^^^^^^^^
   9 | import {
  10 |   HomeCategoryBar,
  11 |   HomeCommunityCta,

Import map: aliased to relative './src/components/home/home-hero-section' inside of [project]/

https://nextjs.org/docs/messages/module-not-found @ http://127.0.0.1:3000/_next/static/chunks/node_modules_next_dist_f3530cac._.js:3127
[  381039ms] [ERROR] ./src/app/page.tsx:8:1
Module not found: Can't resolve '@/components/home/home-hero-section'
   6 | import { ActiveJamBanner } from "@/components/jams/active-jam-banner"
   7 | import { HomeGameLane } from "@/components/home/home-game-lane"
>  8 | import { HomeHeroSection } from "@/components/home/home-hero-section"
     | ^^^^^^^^^^^^^^^^^^^^^^^^^^^^^^^^^^^^^^^^^^^^^^^^^^^^^^^^^^^^^^^^^^^^^
   9 | import {
  10 |   HomeCategoryBar,
  11 |   HomeCommunityCta,

Import map: aliased to relative './src/components/home/home-hero-section' inside of [project]/

https://nextjs.org/docs/messages/module-not-found @ http://127.0.0.1:3000/_next/static/chunks/node_modules_next_dist_f3530cac._.js:3127
[  381102ms] [ERROR] ./src/app/page.tsx:8:1
Module not found: Can't resolve '@/components/home/home-hero-section'
   6 | import { ActiveJamBanner } from "@/components/jams/active-jam-banner"
   7 | import { HomeGameLane } from "@/components/home/home-game-lane"
>  8 | import { HomeHeroSection } from "@/components/home/home-hero-section"
     | ^^^^^^^^^^^^^^^^^^^^^^^^^^^^^^^^^^^^^^^^^^^^^^^^^^^^^^^^^^^^^^^^^^^^^
   9 | import {
  10 |   HomeCategoryBar,
  11 |   HomeCommunityCta,

Import map: aliased to relative './src/components/home/home-hero-section' inside of [project]/

https://nextjs.org/docs/messages/module-not-found @ http://127.0.0.1:3000/_next/static/chunks/node_modules_next_dist_f3530cac._.js:3127
[  381169ms] [ERROR] ./src/app/page.tsx:8:1
Module not found: Can't resolve '@/components/home/home-hero-section'
   6 | import { ActiveJamBanner } from "@/components/jams/active-jam-banner"
   7 | import { HomeGameLane } from "@/components/home/home-game-lane"
>  8 | import { HomeHeroSection } from "@/components/home/home-hero-section"
     | ^^^^^^^^^^^^^^^^^^^^^^^^^^^^^^^^^^^^^^^^^^^^^^^^^^^^^^^^^^^^^^^^^^^^^
   9 | import {
  10 |   HomeCategoryBar,
  11 |   HomeCommunityCta,

Import map: aliased to relative './src/components/home/home-hero-section' inside of [project]/

https://nextjs.org/docs/messages/module-not-found @ http://127.0.0.1:3000/_next/static/chunks/node_modules_next_dist_f3530cac._.js:3127
[  381237ms] [ERROR] ./src/app/page.tsx:8:1
Module not found: Can't resolve '@/components/home/home-hero-section'
   6 | import { ActiveJamBanner } from "@/components/jams/active-jam-banner"
   7 | import { HomeGameLane } from "@/components/home/home-game-lane"
>  8 | import { HomeHeroSection } from "@/components/home/home-hero-section"
     | ^^^^^^^^^^^^^^^^^^^^^^^^^^^^^^^^^^^^^^^^^^^^^^^^^^^^^^^^^^^^^^^^^^^^^
   9 | import {
  10 |   HomeCategoryBar,
  11 |   HomeCommunityCta,

Import map: aliased to relative './src/components/home/home-hero-section' inside of [project]/

https://nextjs.org/docs/messages/module-not-found @ http://127.0.0.1:3000/_next/static/chunks/node_modules_next_dist_f3530cac._.js:3127
[  381304ms] [ERROR] ./src/app/page.tsx:8:1
Module not found: Can't resolve '@/components/home/home-hero-section'
   6 | import { ActiveJamBanner } from "@/components/jams/active-jam-banner"
   7 | import { HomeGameLane } from "@/components/home/home-game-lane"
>  8 | import { HomeHeroSection } from "@/components/home/home-hero-section"
     | ^^^^^^^^^^^^^^^^^^^^^^^^^^^^^^^^^^^^^^^^^^^^^^^^^^^^^^^^^^^^^^^^^^^^^
   9 | import {
  10 |   HomeCategoryBar,
  11 |   HomeCommunityCta,

Import map: aliased to relative './src/components/home/home-hero-section' inside of [project]/

https://nextjs.org/docs/messages/module-not-found @ http://127.0.0.1:3000/_next/static/chunks/node_modules_next_dist_f3530cac._.js:3127
[  381369ms] [ERROR] ./src/app/page.tsx:8:1
Module not found: Can't resolve '@/components/home/home-hero-section'
   6 | import { ActiveJamBanner } from "@/components/jams/active-jam-banner"
   7 | import { HomeGameLane } from "@/components/home/home-game-lane"
>  8 | import { HomeHeroSection } from "@/components/home/home-hero-section"
     | ^^^^^^^^^^^^^^^^^^^^^^^^^^^^^^^^^^^^^^^^^^^^^^^^^^^^^^^^^^^^^^^^^^^^^
   9 | import {
  10 |   HomeCategoryBar,
  11 |   HomeCommunityCta,

Import map: aliased to relative './src/components/home/home-hero-section' inside of [project]/

https://nextjs.org/docs/messages/module-not-found @ http://127.0.0.1:3000/_next/static/chunks/node_modules_next_dist_f3530cac._.js:3127
[  381437ms] [ERROR] ./src/app/page.tsx:8:1
Module not found: Can't resolve '@/components/home/home-hero-section'
   6 | import { ActiveJamBanner } from "@/components/jams/active-jam-banner"
   7 | import { HomeGameLane } from "@/components/home/home-game-lane"
>  8 | import { HomeHeroSection } from "@/components/home/home-hero-section"
     | ^^^^^^^^^^^^^^^^^^^^^^^^^^^^^^^^^^^^^^^^^^^^^^^^^^^^^^^^^^^^^^^^^^^^^
   9 | import {
  10 |   HomeCategoryBar,
  11 |   HomeCommunityCta,

Import map: aliased to relative './src/components/home/home-hero-section' inside of [project]/

https://nextjs.org/docs/messages/module-not-found @ http://127.0.0.1:3000/_next/static/chunks/node_modules_next_dist_f3530cac._.js:3127
[  381501ms] [ERROR] ./src/app/page.tsx:8:1
Module not found: Can't resolve '@/components/home/home-hero-section'
   6 | import { ActiveJamBanner } from "@/components/jams/active-jam-banner"
   7 | import { HomeGameLane } from "@/components/home/home-game-lane"
>  8 | import { HomeHeroSection } from "@/components/home/home-hero-section"
     | ^^^^^^^^^^^^^^^^^^^^^^^^^^^^^^^^^^^^^^^^^^^^^^^^^^^^^^^^^^^^^^^^^^^^^
   9 | import {
  10 |   HomeCategoryBar,
  11 |   HomeCommunityCta,

Import map: aliased to relative './src/components/home/home-hero-section' inside of [project]/

https://nextjs.org/docs/messages/module-not-found @ http://127.0.0.1:3000/_next/static/chunks/node_modules_next_dist_f3530cac._.js:3127
[  381566ms] [ERROR] ./src/app/page.tsx:8:1
Module not found: Can't resolve '@/components/home/home-hero-section'
   6 | import { ActiveJamBanner } from "@/components/jams/active-jam-banner"
   7 | import { HomeGameLane } from "@/components/home/home-game-lane"
>  8 | import { HomeHeroSection } from "@/components/home/home-hero-section"
     | ^^^^^^^^^^^^^^^^^^^^^^^^^^^^^^^^^^^^^^^^^^^^^^^^^^^^^^^^^^^^^^^^^^^^^
   9 | import {
  10 |   HomeCategoryBar,
  11 |   HomeCommunityCta,

Import map: aliased to relative './src/components/home/home-hero-section' inside of [project]/

https://nextjs.org/docs/messages/module-not-found @ http://127.0.0.1:3000/_next/static/chunks/node_modules_next_dist_f3530cac._.js:3127
[  381627ms] [ERROR] ./src/app/page.tsx:8:1
Module not found: Can't resolve '@/components/home/home-hero-section'
   6 | import { ActiveJamBanner } from "@/components/jams/active-jam-banner"
   7 | import { HomeGameLane } from "@/components/home/home-game-lane"
>  8 | import { HomeHeroSection } from "@/components/home/home-hero-section"
     | ^^^^^^^^^^^^^^^^^^^^^^^^^^^^^^^^^^^^^^^^^^^^^^^^^^^^^^^^^^^^^^^^^^^^^
   9 | import {
  10 |   HomeCategoryBar,
  11 |   HomeCommunityCta,

Import map: aliased to relative './src/components/home/home-hero-section' inside of [project]/

https://nextjs.org/docs/messages/module-not-found @ http://127.0.0.1:3000/_next/static/chunks/node_modules_next_dist_f3530cac._.js:3127
[  381702ms] [ERROR] ./src/app/page.tsx:8:1
Module not found: Can't resolve '@/components/home/home-hero-section'
   6 | import { ActiveJamBanner } from "@/components/jams/active-jam-banner"
   7 | import { HomeGameLane } from "@/components/home/home-game-lane"
>  8 | import { HomeHeroSection } from "@/components/home/home-hero-section"
     | ^^^^^^^^^^^^^^^^^^^^^^^^^^^^^^^^^^^^^^^^^^^^^^^^^^^^^^^^^^^^^^^^^^^^^
   9 | import {
  10 |   HomeCategoryBar,
  11 |   HomeCommunityCta,

Import map: aliased to relative './src/components/home/home-hero-section' inside of [project]/

https://nextjs.org/docs/messages/module-not-found @ http://127.0.0.1:3000/_next/static/chunks/node_modules_next_dist_f3530cac._.js:3127
[  381770ms] [ERROR] ./src/app/page.tsx:8:1
Module not found: Can't resolve '@/components/home/home-hero-section'
   6 | import { ActiveJamBanner } from "@/components/jams/active-jam-banner"
   7 | import { HomeGameLane } from "@/components/home/home-game-lane"
>  8 | import { HomeHeroSection } from "@/components/home/home-hero-section"
     | ^^^^^^^^^^^^^^^^^^^^^^^^^^^^^^^^^^^^^^^^^^^^^^^^^^^^^^^^^^^^^^^^^^^^^
   9 | import {
  10 |   HomeCategoryBar,
  11 |   HomeCommunityCta,

Import map: aliased to relative './src/components/home/home-hero-section' inside of [project]/

https://nextjs.org/docs/messages/module-not-found @ http://127.0.0.1:3000/_next/static/chunks/node_modules_next_dist_f3530cac._.js:3127
[  382025ms] [LOG] [Fast Refresh] rebuilding @ http://127.0.0.1:3000/_next/static/chunks/node_modules_next_dist_f3530cac._.js:2297
[  382027ms] [ERROR] ./src/app/page.tsx:8:1
Module not found: Can't resolve '@/components/home/home-hero-section'
   6 | import { ActiveJamBanner } from "@/components/jams/active-jam-banner"
   7 | import { HomeGameLane } from "@/components/home/home-game-lane"
>  8 | import { HomeHeroSection } from "@/components/home/home-hero-section"
     | ^^^^^^^^^^^^^^^^^^^^^^^^^^^^^^^^^^^^^^^^^^^^^^^^^^^^^^^^^^^^^^^^^^^^^
   9 | import {
  10 |   HomeCategoryBar,
  11 |   HomeCommunityCta,

Import map: aliased to relative './src/components/home/home-hero-section' inside of [project]/

https://nextjs.org/docs/messages/module-not-found @ http://127.0.0.1:3000/_next/static/chunks/node_modules_next_dist_f3530cac._.js:3127
[  382095ms] [ERROR] ./src/app/page.tsx:8:1
Module not found: Can't resolve '@/components/home/home-hero-section'
   6 | import { ActiveJamBanner } from "@/components/jams/active-jam-banner"
   7 | import { HomeGameLane } from "@/components/home/home-game-lane"
>  8 | import { HomeHeroSection } from "@/components/home/home-hero-section"
     | ^^^^^^^^^^^^^^^^^^^^^^^^^^^^^^^^^^^^^^^^^^^^^^^^^^^^^^^^^^^^^^^^^^^^^
   9 | import {
  10 |   HomeCategoryBar,
  11 |   HomeCommunityCta,

Import map: aliased to relative './src/components/home/home-hero-section' inside of [project]/

https://nextjs.org/docs/messages/module-not-found @ http://127.0.0.1:3000/_next/static/chunks/node_modules_next_dist_f3530cac._.js:3127
[  382166ms] [ERROR] ./src/app/page.tsx:8:1
Module not found: Can't resolve '@/components/home/home-hero-section'
   6 | import { ActiveJamBanner } from "@/components/jams/active-jam-banner"
   7 | import { HomeGameLane } from "@/components/home/home-game-lane"
>  8 | import { HomeHeroSection } from "@/components/home/home-hero-section"
     | ^^^^^^^^^^^^^^^^^^^^^^^^^^^^^^^^^^^^^^^^^^^^^^^^^^^^^^^^^^^^^^^^^^^^^
   9 | import {
  10 |   HomeCategoryBar,
  11 |   HomeCommunityCta,

Import map: aliased to relative './src/components/home/home-hero-section' inside of [project]/

https://nextjs.org/docs/messages/module-not-found @ http://127.0.0.1:3000/_next/static/chunks/node_modules_next_dist_f3530cac._.js:3127
[  382231ms] [ERROR] ./src/app/page.tsx:8:1
Module not found: Can't resolve '@/components/home/home-hero-section'
   6 | import { ActiveJamBanner } from "@/components/jams/active-jam-banner"
   7 | import { HomeGameLane } from "@/components/home/home-game-lane"
>  8 | import { HomeHeroSection } from "@/components/home/home-hero-section"
     | ^^^^^^^^^^^^^^^^^^^^^^^^^^^^^^^^^^^^^^^^^^^^^^^^^^^^^^^^^^^^^^^^^^^^^
   9 | import {
  10 |   HomeCategoryBar,
  11 |   HomeCommunityCta,

Import map: aliased to relative './src/components/home/home-hero-section' inside of [project]/

https://nextjs.org/docs/messages/module-not-found @ http://127.0.0.1:3000/_next/static/chunks/node_modules_next_dist_f3530cac._.js:3127
[  382300ms] [ERROR] ./src/app/page.tsx:8:1
Module not found: Can't resolve '@/components/home/home-hero-section'
   6 | import { ActiveJamBanner } from "@/components/jams/active-jam-banner"
   7 | import { HomeGameLane } from "@/components/home/home-game-lane"
>  8 | import { HomeHeroSection } from "@/components/home/home-hero-section"
     | ^^^^^^^^^^^^^^^^^^^^^^^^^^^^^^^^^^^^^^^^^^^^^^^^^^^^^^^^^^^^^^^^^^^^^
   9 | import {
  10 |   HomeCategoryBar,
  11 |   HomeCommunityCta,

Import map: aliased to relative './src/components/home/home-hero-section' inside of [project]/

https://nextjs.org/docs/messages/module-not-found @ http://127.0.0.1:3000/_next/static/chunks/node_modules_next_dist_f3530cac._.js:3127
[  382364ms] [ERROR] ./src/app/page.tsx:8:1
Module not found: Can't resolve '@/components/home/home-hero-section'
   6 | import { ActiveJamBanner } from "@/components/jams/active-jam-banner"
   7 | import { HomeGameLane } from "@/components/home/home-game-lane"
>  8 | import { HomeHeroSection } from "@/components/home/home-hero-section"
     | ^^^^^^^^^^^^^^^^^^^^^^^^^^^^^^^^^^^^^^^^^^^^^^^^^^^^^^^^^^^^^^^^^^^^^
   9 | import {
  10 |   HomeCategoryBar,
  11 |   HomeCommunityCta,

Import map: aliased to relative './src/components/home/home-hero-section' inside of [project]/

https://nextjs.org/docs/messages/module-not-found @ http://127.0.0.1:3000/_next/static/chunks/node_modules_next_dist_f3530cac._.js:3127
[  382434ms] [ERROR] ./src/app/page.tsx:8:1
Module not found: Can't resolve '@/components/home/home-hero-section'
   6 | import { ActiveJamBanner } from "@/components/jams/active-jam-banner"
   7 | import { HomeGameLane } from "@/components/home/home-game-lane"
>  8 | import { HomeHeroSection } from "@/components/home/home-hero-section"
     | ^^^^^^^^^^^^^^^^^^^^^^^^^^^^^^^^^^^^^^^^^^^^^^^^^^^^^^^^^^^^^^^^^^^^^
   9 | import {
  10 |   HomeCategoryBar,
  11 |   HomeCommunityCta,

Import map: aliased to relative './src/components/home/home-hero-section' inside of [project]/

https://nextjs.org/docs/messages/module-not-found @ http://127.0.0.1:3000/_next/static/chunks/node_modules_next_dist_f3530cac._.js:3127
[  382499ms] [ERROR] ./src/app/page.tsx:8:1
Module not found: Can't resolve '@/components/home/home-hero-section'
   6 | import { ActiveJamBanner } from "@/components/jams/active-jam-banner"
   7 | import { HomeGameLane } from "@/components/home/home-game-lane"
>  8 | import { HomeHeroSection } from "@/components/home/home-hero-section"
     | ^^^^^^^^^^^^^^^^^^^^^^^^^^^^^^^^^^^^^^^^^^^^^^^^^^^^^^^^^^^^^^^^^^^^^
   9 | import {
  10 |   HomeCategoryBar,
  11 |   HomeCommunityCta,

Import map: aliased to relative './src/components/home/home-hero-section' inside of [project]/

https://nextjs.org/docs/messages/module-not-found @ http://127.0.0.1:3000/_next/static/chunks/node_modules_next_dist_f3530cac._.js:3127
[  382567ms] [ERROR] ./src/app/page.tsx:8:1
Module not found: Can't resolve '@/components/home/home-hero-section'
   6 | import { ActiveJamBanner } from "@/components/jams/active-jam-banner"
   7 | import { HomeGameLane } from "@/components/home/home-game-lane"
>  8 | import { HomeHeroSection } from "@/components/home/home-hero-section"
     | ^^^^^^^^^^^^^^^^^^^^^^^^^^^^^^^^^^^^^^^^^^^^^^^^^^^^^^^^^^^^^^^^^^^^^
   9 | import {
  10 |   HomeCategoryBar,
  11 |   HomeCommunityCta,

Import map: aliased to relative './src/components/home/home-hero-section' inside of [project]/

https://nextjs.org/docs/messages/module-not-found @ http://127.0.0.1:3000/_next/static/chunks/node_modules_next_dist_f3530cac._.js:3127
[  382636ms] [ERROR] ./src/app/page.tsx:8:1
Module not found: Can't resolve '@/components/home/home-hero-section'
   6 | import { ActiveJamBanner } from "@/components/jams/active-jam-banner"
   7 | import { HomeGameLane } from "@/components/home/home-game-lane"
>  8 | import { HomeHeroSection } from "@/components/home/home-hero-section"
     | ^^^^^^^^^^^^^^^^^^^^^^^^^^^^^^^^^^^^^^^^^^^^^^^^^^^^^^^^^^^^^^^^^^^^^
   9 | import {
  10 |   HomeCategoryBar,
  11 |   HomeCommunityCta,

Import map: aliased to relative './src/components/home/home-hero-section' inside of [project]/

https://nextjs.org/docs/messages/module-not-found @ http://127.0.0.1:3000/_next/static/chunks/node_modules_next_dist_f3530cac._.js:3127
[  382700ms] [ERROR] ./src/app/page.tsx:8:1
Module not found: Can't resolve '@/components/home/home-hero-section'
   6 | import { ActiveJamBanner } from "@/components/jams/active-jam-banner"
   7 | import { HomeGameLane } from "@/components/home/home-game-lane"
>  8 | import { HomeHeroSection } from "@/components/home/home-hero-section"
     | ^^^^^^^^^^^^^^^^^^^^^^^^^^^^^^^^^^^^^^^^^^^^^^^^^^^^^^^^^^^^^^^^^^^^^
   9 | import {
  10 |   HomeCategoryBar,
  11 |   HomeCommunityCta,

Import map: aliased to relative './src/components/home/home-hero-section' inside of [project]/

https://nextjs.org/docs/messages/module-not-found @ http://127.0.0.1:3000/_next/static/chunks/node_modules_next_dist_f3530cac._.js:3127
[  382765ms] [ERROR] ./src/app/page.tsx:8:1
Module not found: Can't resolve '@/components/home/home-hero-section'
   6 | import { ActiveJamBanner } from "@/components/jams/active-jam-banner"
   7 | import { HomeGameLane } from "@/components/home/home-game-lane"
>  8 | import { HomeHeroSection } from "@/components/home/home-hero-section"
     | ^^^^^^^^^^^^^^^^^^^^^^^^^^^^^^^^^^^^^^^^^^^^^^^^^^^^^^^^^^^^^^^^^^^^^
   9 | import {
  10 |   HomeCategoryBar,
  11 |   HomeCommunityCta,

Import map: aliased to relative './src/components/home/home-hero-section' inside of [project]/

https://nextjs.org/docs/messages/module-not-found @ http://127.0.0.1:3000/_next/static/chunks/node_modules_next_dist_f3530cac._.js:3127
[  382831ms] [ERROR] ./src/app/page.tsx:8:1
Module not found: Can't resolve '@/components/home/home-hero-section'
   6 | import { ActiveJamBanner } from "@/components/jams/active-jam-banner"
   7 | import { HomeGameLane } from "@/components/home/home-game-lane"
>  8 | import { HomeHeroSection } from "@/components/home/home-hero-section"
     | ^^^^^^^^^^^^^^^^^^^^^^^^^^^^^^^^^^^^^^^^^^^^^^^^^^^^^^^^^^^^^^^^^^^^^
   9 | import {
  10 |   HomeCategoryBar,
  11 |   HomeCommunityCta,

Import map: aliased to relative './src/components/home/home-hero-section' inside of [project]/

https://nextjs.org/docs/messages/module-not-found @ http://127.0.0.1:3000/_next/static/chunks/node_modules_next_dist_f3530cac._.js:3127
[  382901ms] [ERROR] ./src/app/page.tsx:8:1
Module not found: Can't resolve '@/components/home/home-hero-section'
   6 | import { ActiveJamBanner } from "@/components/jams/active-jam-banner"
   7 | import { HomeGameLane } from "@/components/home/home-game-lane"
>  8 | import { HomeHeroSection } from "@/components/home/home-hero-section"
     | ^^^^^^^^^^^^^^^^^^^^^^^^^^^^^^^^^^^^^^^^^^^^^^^^^^^^^^^^^^^^^^^^^^^^^
   9 | import {
  10 |   HomeCategoryBar,
  11 |   HomeCommunityCta,

Import map: aliased to relative './src/components/home/home-hero-section' inside of [project]/

https://nextjs.org/docs/messages/module-not-found @ http://127.0.0.1:3000/_next/static/chunks/node_modules_next_dist_f3530cac._.js:3127
[  382963ms] [ERROR] ./src/app/page.tsx:8:1
Module not found: Can't resolve '@/components/home/home-hero-section'
   6 | import { ActiveJamBanner } from "@/components/jams/active-jam-banner"
   7 | import { HomeGameLane } from "@/components/home/home-game-lane"
>  8 | import { HomeHeroSection } from "@/components/home/home-hero-section"
     | ^^^^^^^^^^^^^^^^^^^^^^^^^^^^^^^^^^^^^^^^^^^^^^^^^^^^^^^^^^^^^^^^^^^^^
   9 | import {
  10 |   HomeCategoryBar,
  11 |   HomeCommunityCta,

Import map: aliased to relative './src/components/home/home-hero-section' inside of [project]/

https://nextjs.org/docs/messages/module-not-found @ http://127.0.0.1:3000/_next/static/chunks/node_modules_next_dist_f3530cac._.js:3127
[  383016ms] [ERROR] ./src/app/page.tsx:8:1
Module not found: Can't resolve '@/components/home/home-hero-section'
   6 | import { ActiveJamBanner } from "@/components/jams/active-jam-banner"
   7 | import { HomeGameLane } from "@/components/home/home-game-lane"
>  8 | import { HomeHeroSection } from "@/components/home/home-hero-section"
     | ^^^^^^^^^^^^^^^^^^^^^^^^^^^^^^^^^^^^^^^^^^^^^^^^^^^^^^^^^^^^^^^^^^^^^
   9 | import {
  10 |   HomeCategoryBar,
  11 |   HomeCommunityCta,

Import map: aliased to relative './src/components/home/home-hero-section' inside of [project]/

https://nextjs.org/docs/messages/module-not-found @ http://127.0.0.1:3000/_next/static/chunks/node_modules_next_dist_f3530cac._.js:3127
[  383084ms] [ERROR] ./src/app/page.tsx:8:1
Module not found: Can't resolve '@/components/home/home-hero-section'
   6 | import { ActiveJamBanner } from "@/components/jams/active-jam-banner"
   7 | import { HomeGameLane } from "@/components/home/home-game-lane"
>  8 | import { HomeHeroSection } from "@/components/home/home-hero-section"
     | ^^^^^^^^^^^^^^^^^^^^^^^^^^^^^^^^^^^^^^^^^^^^^^^^^^^^^^^^^^^^^^^^^^^^^
   9 | import {
  10 |   HomeCategoryBar,
  11 |   HomeCommunityCta,

Import map: aliased to relative './src/components/home/home-hero-section' inside of [project]/

https://nextjs.org/docs/messages/module-not-found @ http://127.0.0.1:3000/_next/static/chunks/node_modules_next_dist_f3530cac._.js:3127
[  383148ms] [ERROR] ./src/app/page.tsx:8:1
Module not found: Can't resolve '@/components/home/home-hero-section'
   6 | import { ActiveJamBanner } from "@/components/jams/active-jam-banner"
   7 | import { HomeGameLane } from "@/components/home/home-game-lane"
>  8 | import { HomeHeroSection } from "@/components/home/home-hero-section"
     | ^^^^^^^^^^^^^^^^^^^^^^^^^^^^^^^^^^^^^^^^^^^^^^^^^^^^^^^^^^^^^^^^^^^^^
   9 | import {
  10 |   HomeCategoryBar,
  11 |   HomeCommunityCta,

Import map: aliased to relative './src/components/home/home-hero-section' inside of [project]/

https://nextjs.org/docs/messages/module-not-found @ http://127.0.0.1:3000/_next/static/chunks/node_modules_next_dist_f3530cac._.js:3127
[  383216ms] [ERROR] ./src/app/page.tsx:8:1
Module not found: Can't resolve '@/components/home/home-hero-section'
   6 | import { ActiveJamBanner } from "@/components/jams/active-jam-banner"
   7 | import { HomeGameLane } from "@/components/home/home-game-lane"
>  8 | import { HomeHeroSection } from "@/components/home/home-hero-section"
     | ^^^^^^^^^^^^^^^^^^^^^^^^^^^^^^^^^^^^^^^^^^^^^^^^^^^^^^^^^^^^^^^^^^^^^
   9 | import {
  10 |   HomeCategoryBar,
  11 |   HomeCommunityCta,

Import map: aliased to relative './src/components/home/home-hero-section' inside of [project]/

https://nextjs.org/docs/messages/module-not-found @ http://127.0.0.1:3000/_next/static/chunks/node_modules_next_dist_f3530cac._.js:3127
[  383279ms] [ERROR] ./src/app/page.tsx:8:1
Module not found: Can't resolve '@/components/home/home-hero-section'
   6 | import { ActiveJamBanner } from "@/components/jams/active-jam-banner"
   7 | import { HomeGameLane } from "@/components/home/home-game-lane"
>  8 | import { HomeHeroSection } from "@/components/home/home-hero-section"
     | ^^^^^^^^^^^^^^^^^^^^^^^^^^^^^^^^^^^^^^^^^^^^^^^^^^^^^^^^^^^^^^^^^^^^^
   9 | import {
  10 |   HomeCategoryBar,
  11 |   HomeCommunityCta,

Import map: aliased to relative './src/components/home/home-hero-section' inside of [project]/

https://nextjs.org/docs/messages/module-not-found @ http://127.0.0.1:3000/_next/static/chunks/node_modules_next_dist_f3530cac._.js:3127
[  383347ms] [ERROR] ./src/app/page.tsx:8:1
Module not found: Can't resolve '@/components/home/home-hero-section'
   6 | import { ActiveJamBanner } from "@/components/jams/active-jam-banner"
   7 | import { HomeGameLane } from "@/components/home/home-game-lane"
>  8 | import { HomeHeroSection } from "@/components/home/home-hero-section"
     | ^^^^^^^^^^^^^^^^^^^^^^^^^^^^^^^^^^^^^^^^^^^^^^^^^^^^^^^^^^^^^^^^^^^^^
   9 | import {
  10 |   HomeCategoryBar,
  11 |   HomeCommunityCta,

Import map: aliased to relative './src/components/home/home-hero-section' inside of [project]/

https://nextjs.org/docs/messages/module-not-found @ http://127.0.0.1:3000/_next/static/chunks/node_modules_next_dist_f3530cac._.js:3127
[  383414ms] [ERROR] ./src/app/page.tsx:8:1
Module not found: Can't resolve '@/components/home/home-hero-section'
   6 | import { ActiveJamBanner } from "@/components/jams/active-jam-banner"
   7 | import { HomeGameLane } from "@/components/home/home-game-lane"
>  8 | import { HomeHeroSection } from "@/components/home/home-hero-section"
     | ^^^^^^^^^^^^^^^^^^^^^^^^^^^^^^^^^^^^^^^^^^^^^^^^^^^^^^^^^^^^^^^^^^^^^
   9 | import {
  10 |   HomeCategoryBar,
  11 |   HomeCommunityCta,

Import map: aliased to relative './src/components/home/home-hero-section' inside of [project]/

https://nextjs.org/docs/messages/module-not-found @ http://127.0.0.1:3000/_next/static/chunks/node_modules_next_dist_f3530cac._.js:3127
[  383492ms] [ERROR] ./src/app/page.tsx:8:1
Module not found: Can't resolve '@/components/home/home-hero-section'
   6 | import { ActiveJamBanner } from "@/components/jams/active-jam-banner"
   7 | import { HomeGameLane } from "@/components/home/home-game-lane"
>  8 | import { HomeHeroSection } from "@/components/home/home-hero-section"
     | ^^^^^^^^^^^^^^^^^^^^^^^^^^^^^^^^^^^^^^^^^^^^^^^^^^^^^^^^^^^^^^^^^^^^^
   9 | import {
  10 |   HomeCategoryBar,
  11 |   HomeCommunityCta,

Import map: aliased to relative './src/components/home/home-hero-section' inside of [project]/

https://nextjs.org/docs/messages/module-not-found @ http://127.0.0.1:3000/_next/static/chunks/node_modules_next_dist_f3530cac._.js:3127
[  383563ms] [ERROR] ./src/app/page.tsx:8:1
Module not found: Can't resolve '@/components/home/home-hero-section'
   6 | import { ActiveJamBanner } from "@/components/jams/active-jam-banner"
   7 | import { HomeGameLane } from "@/components/home/home-game-lane"
>  8 | import { HomeHeroSection } from "@/components/home/home-hero-section"
     | ^^^^^^^^^^^^^^^^^^^^^^^^^^^^^^^^^^^^^^^^^^^^^^^^^^^^^^^^^^^^^^^^^^^^^
   9 | import {
  10 |   HomeCategoryBar,
  11 |   HomeCommunityCta,

Import map: aliased to relative './src/components/home/home-hero-section' inside of [project]/

https://nextjs.org/docs/messages/module-not-found @ http://127.0.0.1:3000/_next/static/chunks/node_modules_next_dist_f3530cac._.js:3127
[  383630ms] [ERROR] ./src/app/page.tsx:8:1
Module not found: Can't resolve '@/components/home/home-hero-section'
   6 | import { ActiveJamBanner } from "@/components/jams/active-jam-banner"
   7 | import { HomeGameLane } from "@/components/home/home-game-lane"
>  8 | import { HomeHeroSection } from "@/components/home/home-hero-section"
     | ^^^^^^^^^^^^^^^^^^^^^^^^^^^^^^^^^^^^^^^^^^^^^^^^^^^^^^^^^^^^^^^^^^^^^
   9 | import {
  10 |   HomeCategoryBar,
  11 |   HomeCommunityCta,

Import map: aliased to relative './src/components/home/home-hero-section' inside of [project]/

https://nextjs.org/docs/messages/module-not-found @ http://127.0.0.1:3000/_next/static/chunks/node_modules_next_dist_f3530cac._.js:3127
[  383696ms] [ERROR] ./src/app/page.tsx:8:1
Module not found: Can't resolve '@/components/home/home-hero-section'
   6 | import { ActiveJamBanner } from "@/components/jams/active-jam-banner"
   7 | import { HomeGameLane } from "@/components/home/home-game-lane"
>  8 | import { HomeHeroSection } from "@/components/home/home-hero-section"
     | ^^^^^^^^^^^^^^^^^^^^^^^^^^^^^^^^^^^^^^^^^^^^^^^^^^^^^^^^^^^^^^^^^^^^^
   9 | import {
  10 |   HomeCategoryBar,
  11 |   HomeCommunityCta,

Import map: aliased to relative './src/components/home/home-hero-section' inside of [project]/

https://nextjs.org/docs/messages/module-not-found @ http://127.0.0.1:3000/_next/static/chunks/node_modules_next_dist_f3530cac._.js:3127
[  383749ms] [ERROR] ./src/app/page.tsx:8:1
Module not found: Can't resolve '@/components/home/home-hero-section'
   6 | import { ActiveJamBanner } from "@/components/jams/active-jam-banner"
   7 | import { HomeGameLane } from "@/components/home/home-game-lane"
>  8 | import { HomeHeroSection } from "@/components/home/home-hero-section"
     | ^^^^^^^^^^^^^^^^^^^^^^^^^^^^^^^^^^^^^^^^^^^^^^^^^^^^^^^^^^^^^^^^^^^^^
   9 | import {
  10 |   HomeCategoryBar,
  11 |   HomeCommunityCta,

Import map: aliased to relative './src/components/home/home-hero-section' inside of [project]/

https://nextjs.org/docs/messages/module-not-found @ http://127.0.0.1:3000/_next/static/chunks/node_modules_next_dist_f3530cac._.js:3127
[  383812ms] [ERROR] ./src/app/page.tsx:8:1
Module not found: Can't resolve '@/components/home/home-hero-section'
   6 | import { ActiveJamBanner } from "@/components/jams/active-jam-banner"
   7 | import { HomeGameLane } from "@/components/home/home-game-lane"
>  8 | import { HomeHeroSection } from "@/components/home/home-hero-section"
     | ^^^^^^^^^^^^^^^^^^^^^^^^^^^^^^^^^^^^^^^^^^^^^^^^^^^^^^^^^^^^^^^^^^^^^
   9 | import {
  10 |   HomeCategoryBar,
  11 |   HomeCommunityCta,

Import map: aliased to relative './src/components/home/home-hero-section' inside of [project]/

https://nextjs.org/docs/messages/module-not-found @ http://127.0.0.1:3000/_next/static/chunks/node_modules_next_dist_f3530cac._.js:3127
[  383867ms] [ERROR] ./src/app/page.tsx:8:1
Module not found: Can't resolve '@/components/home/home-hero-section'
   6 | import { ActiveJamBanner } from "@/components/jams/active-jam-banner"
   7 | import { HomeGameLane } from "@/components/home/home-game-lane"
>  8 | import { HomeHeroSection } from "@/components/home/home-hero-section"
     | ^^^^^^^^^^^^^^^^^^^^^^^^^^^^^^^^^^^^^^^^^^^^^^^^^^^^^^^^^^^^^^^^^^^^^
   9 | import {
  10 |   HomeCategoryBar,
  11 |   HomeCommunityCta,

Import map: aliased to relative './src/components/home/home-hero-section' inside of [project]/

https://nextjs.org/docs/messages/module-not-found @ http://127.0.0.1:3000/_next/static/chunks/node_modules_next_dist_f3530cac._.js:3127
[  383913ms] [ERROR] ./src/app/page.tsx:8:1
Module not found: Can't resolve '@/components/home/home-hero-section'
   6 | import { ActiveJamBanner } from "@/components/jams/active-jam-banner"
   7 | import { HomeGameLane } from "@/components/home/home-game-lane"
>  8 | import { HomeHeroSection } from "@/components/home/home-hero-section"
     | ^^^^^^^^^^^^^^^^^^^^^^^^^^^^^^^^^^^^^^^^^^^^^^^^^^^^^^^^^^^^^^^^^^^^^
   9 | import {
  10 |   HomeCategoryBar,
  11 |   HomeCommunityCta,

Import map: aliased to relative './src/components/home/home-hero-section' inside of [project]/

https://nextjs.org/docs/messages/module-not-found @ http://127.0.0.1:3000/_next/static/chunks/node_modules_next_dist_f3530cac._.js:3127
[  383979ms] [ERROR] ./src/app/page.tsx:8:1
Module not found: Can't resolve '@/components/home/home-hero-section'
   6 | import { ActiveJamBanner } from "@/components/jams/active-jam-banner"
   7 | import { HomeGameLane } from "@/components/home/home-game-lane"
>  8 | import { HomeHeroSection } from "@/components/home/home-hero-section"
     | ^^^^^^^^^^^^^^^^^^^^^^^^^^^^^^^^^^^^^^^^^^^^^^^^^^^^^^^^^^^^^^^^^^^^^
   9 | import {
  10 |   HomeCategoryBar,
  11 |   HomeCommunityCta,

Import map: aliased to relative './src/components/home/home-hero-section' inside of [project]/

https://nextjs.org/docs/messages/module-not-found @ http://127.0.0.1:3000/_next/static/chunks/node_modules_next_dist_f3530cac._.js:3127
[  384043ms] [ERROR] ./src/app/page.tsx:8:1
Module not found: Can't resolve '@/components/home/home-hero-section'
   6 | import { ActiveJamBanner } from "@/components/jams/active-jam-banner"
   7 | import { HomeGameLane } from "@/components/home/home-game-lane"
>  8 | import { HomeHeroSection } from "@/components/home/home-hero-section"
     | ^^^^^^^^^^^^^^^^^^^^^^^^^^^^^^^^^^^^^^^^^^^^^^^^^^^^^^^^^^^^^^^^^^^^^
   9 | import {
  10 |   HomeCategoryBar,
  11 |   HomeCommunityCta,

Import map: aliased to relative './src/components/home/home-hero-section' inside of [project]/

https://nextjs.org/docs/messages/module-not-found @ http://127.0.0.1:3000/_next/static/chunks/node_modules_next_dist_f3530cac._.js:3127
[  384123ms] [ERROR] ./src/app/page.tsx:8:1
Module not found: Can't resolve '@/components/home/home-hero-section'
   6 | import { ActiveJamBanner } from "@/components/jams/active-jam-banner"
   7 | import { HomeGameLane } from "@/components/home/home-game-lane"
>  8 | import { HomeHeroSection } from "@/components/home/home-hero-section"
     | ^^^^^^^^^^^^^^^^^^^^^^^^^^^^^^^^^^^^^^^^^^^^^^^^^^^^^^^^^^^^^^^^^^^^^
   9 | import {
  10 |   HomeCategoryBar,
  11 |   HomeCommunityCta,

Import map: aliased to relative './src/components/home/home-hero-section' inside of [project]/

https://nextjs.org/docs/messages/module-not-found @ http://127.0.0.1:3000/_next/static/chunks/node_modules_next_dist_f3530cac._.js:3127
[  384200ms] [ERROR] ./src/app/page.tsx:8:1
Module not found: Can't resolve '@/components/home/home-hero-section'
   6 | import { ActiveJamBanner } from "@/components/jams/active-jam-banner"
   7 | import { HomeGameLane } from "@/components/home/home-game-lane"
>  8 | import { HomeHeroSection } from "@/components/home/home-hero-section"
     | ^^^^^^^^^^^^^^^^^^^^^^^^^^^^^^^^^^^^^^^^^^^^^^^^^^^^^^^^^^^^^^^^^^^^^
   9 | import {
  10 |   HomeCategoryBar,
  11 |   HomeCommunityCta,

Import map: aliased to relative './src/components/home/home-hero-section' inside of [project]/

https://nextjs.org/docs/messages/module-not-found @ http://127.0.0.1:3000/_next/static/chunks/node_modules_next_dist_f3530cac._.js:3127
[  384263ms] [ERROR] ./src/app/page.tsx:8:1
Module not found: Can't resolve '@/components/home/home-hero-section'
   6 | import { ActiveJamBanner } from "@/components/jams/active-jam-banner"
   7 | import { HomeGameLane } from "@/components/home/home-game-lane"
>  8 | import { HomeHeroSection } from "@/components/home/home-hero-section"
     | ^^^^^^^^^^^^^^^^^^^^^^^^^^^^^^^^^^^^^^^^^^^^^^^^^^^^^^^^^^^^^^^^^^^^^
   9 | import {
  10 |   HomeCategoryBar,
  11 |   HomeCommunityCta,

Import map: aliased to relative './src/components/home/home-hero-section' inside of [project]/

https://nextjs.org/docs/messages/module-not-found @ http://127.0.0.1:3000/_next/static/chunks/node_modules_next_dist_f3530cac._.js:3127
[  384329ms] [ERROR] ./src/app/page.tsx:8:1
Module not found: Can't resolve '@/components/home/home-hero-section'
   6 | import { ActiveJamBanner } from "@/components/jams/active-jam-banner"
   7 | import { HomeGameLane } from "@/components/home/home-game-lane"
>  8 | import { HomeHeroSection } from "@/components/home/home-hero-section"
     | ^^^^^^^^^^^^^^^^^^^^^^^^^^^^^^^^^^^^^^^^^^^^^^^^^^^^^^^^^^^^^^^^^^^^^
   9 | import {
  10 |   HomeCategoryBar,
  11 |   HomeCommunityCta,

Import map: aliased to relative './src/components/home/home-hero-section' inside of [project]/

https://nextjs.org/docs/messages/module-not-found @ http://127.0.0.1:3000/_next/static/chunks/node_modules_next_dist_f3530cac._.js:3127
[  384394ms] [ERROR] ./src/app/page.tsx:8:1
Module not found: Can't resolve '@/components/home/home-hero-section'
   6 | import { ActiveJamBanner } from "@/components/jams/active-jam-banner"
   7 | import { HomeGameLane } from "@/components/home/home-game-lane"
>  8 | import { HomeHeroSection } from "@/components/home/home-hero-section"
     | ^^^^^^^^^^^^^^^^^^^^^^^^^^^^^^^^^^^^^^^^^^^^^^^^^^^^^^^^^^^^^^^^^^^^^
   9 | import {
  10 |   HomeCategoryBar,
  11 |   HomeCommunityCta,

Import map: aliased to relative './src/components/home/home-hero-section' inside of [project]/

https://nextjs.org/docs/messages/module-not-found @ http://127.0.0.1:3000/_next/static/chunks/node_modules_next_dist_f3530cac._.js:3127
[  384462ms] [ERROR] ./src/app/page.tsx:8:1
Module not found: Can't resolve '@/components/home/home-hero-section'
   6 | import { ActiveJamBanner } from "@/components/jams/active-jam-banner"
   7 | import { HomeGameLane } from "@/components/home/home-game-lane"
>  8 | import { HomeHeroSection } from "@/components/home/home-hero-section"
     | ^^^^^^^^^^^^^^^^^^^^^^^^^^^^^^^^^^^^^^^^^^^^^^^^^^^^^^^^^^^^^^^^^^^^^
   9 | import {
  10 |   HomeCategoryBar,
  11 |   HomeCommunityCta,

Import map: aliased to relative './src/components/home/home-hero-section' inside of [project]/

https://nextjs.org/docs/messages/module-not-found @ http://127.0.0.1:3000/_next/static/chunks/node_modules_next_dist_f3530cac._.js:3127
[  384521ms] [ERROR] ./src/app/page.tsx:8:1
Module not found: Can't resolve '@/components/home/home-hero-section'
   6 | import { ActiveJamBanner } from "@/components/jams/active-jam-banner"
   7 | import { HomeGameLane } from "@/components/home/home-game-lane"
>  8 | import { HomeHeroSection } from "@/components/home/home-hero-section"
     | ^^^^^^^^^^^^^^^^^^^^^^^^^^^^^^^^^^^^^^^^^^^^^^^^^^^^^^^^^^^^^^^^^^^^^
   9 | import {
  10 |   HomeCategoryBar,
  11 |   HomeCommunityCta,

Import map: aliased to relative './src/components/home/home-hero-section' inside of [project]/

https://nextjs.org/docs/messages/module-not-found @ http://127.0.0.1:3000/_next/static/chunks/node_modules_next_dist_f3530cac._.js:3127
[  384577ms] [ERROR] ./src/app/page.tsx:8:1
Module not found: Can't resolve '@/components/home/home-hero-section'
   6 | import { ActiveJamBanner } from "@/components/jams/active-jam-banner"
   7 | import { HomeGameLane } from "@/components/home/home-game-lane"
>  8 | import { HomeHeroSection } from "@/components/home/home-hero-section"
     | ^^^^^^^^^^^^^^^^^^^^^^^^^^^^^^^^^^^^^^^^^^^^^^^^^^^^^^^^^^^^^^^^^^^^^
   9 | import {
  10 |   HomeCategoryBar,
  11 |   HomeCommunityCta,

Import map: aliased to relative './src/components/home/home-hero-section' inside of [project]/

https://nextjs.org/docs/messages/module-not-found @ http://127.0.0.1:3000/_next/static/chunks/node_modules_next_dist_f3530cac._.js:3127
[  384645ms] [ERROR] ./src/app/page.tsx:8:1
Module not found: Can't resolve '@/components/home/home-hero-section'
   6 | import { ActiveJamBanner } from "@/components/jams/active-jam-banner"
   7 | import { HomeGameLane } from "@/components/home/home-game-lane"
>  8 | import { HomeHeroSection } from "@/components/home/home-hero-section"
     | ^^^^^^^^^^^^^^^^^^^^^^^^^^^^^^^^^^^^^^^^^^^^^^^^^^^^^^^^^^^^^^^^^^^^^
   9 | import {
  10 |   HomeCategoryBar,
  11 |   HomeCommunityCta,

Import map: aliased to relative './src/components/home/home-hero-section' inside of [project]/

https://nextjs.org/docs/messages/module-not-found @ http://127.0.0.1:3000/_next/static/chunks/node_modules_next_dist_f3530cac._.js:3127
[  384696ms] [ERROR] ./src/app/page.tsx:8:1
Module not found: Can't resolve '@/components/home/home-hero-section'
   6 | import { ActiveJamBanner } from "@/components/jams/active-jam-banner"
   7 | import { HomeGameLane } from "@/components/home/home-game-lane"
>  8 | import { HomeHeroSection } from "@/components/home/home-hero-section"
     | ^^^^^^^^^^^^^^^^^^^^^^^^^^^^^^^^^^^^^^^^^^^^^^^^^^^^^^^^^^^^^^^^^^^^^
   9 | import {
  10 |   HomeCategoryBar,
  11 |   HomeCommunityCta,

Import map: aliased to relative './src/components/home/home-hero-section' inside of [project]/

https://nextjs.org/docs/messages/module-not-found @ http://127.0.0.1:3000/_next/static/chunks/node_modules_next_dist_f3530cac._.js:3127
[  384762ms] [ERROR] ./src/app/page.tsx:8:1
Module not found: Can't resolve '@/components/home/home-hero-section'
   6 | import { ActiveJamBanner } from "@/components/jams/active-jam-banner"
   7 | import { HomeGameLane } from "@/components/home/home-game-lane"
>  8 | import { HomeHeroSection } from "@/components/home/home-hero-section"
     | ^^^^^^^^^^^^^^^^^^^^^^^^^^^^^^^^^^^^^^^^^^^^^^^^^^^^^^^^^^^^^^^^^^^^^
   9 | import {
  10 |   HomeCategoryBar,
  11 |   HomeCommunityCta,

Import map: aliased to relative './src/components/home/home-hero-section' inside of [project]/

https://nextjs.org/docs/messages/module-not-found @ http://127.0.0.1:3000/_next/static/chunks/node_modules_next_dist_f3530cac._.js:3127
[  384829ms] [ERROR] ./src/app/page.tsx:8:1
Module not found: Can't resolve '@/components/home/home-hero-section'
   6 | import { ActiveJamBanner } from "@/components/jams/active-jam-banner"
   7 | import { HomeGameLane } from "@/components/home/home-game-lane"
>  8 | import { HomeHeroSection } from "@/components/home/home-hero-section"
     | ^^^^^^^^^^^^^^^^^^^^^^^^^^^^^^^^^^^^^^^^^^^^^^^^^^^^^^^^^^^^^^^^^^^^^
   9 | import {
  10 |   HomeCategoryBar,
  11 |   HomeCommunityCta,

Import map: aliased to relative './src/components/home/home-hero-section' inside of [project]/

https://nextjs.org/docs/messages/module-not-found @ http://127.0.0.1:3000/_next/static/chunks/node_modules_next_dist_f3530cac._.js:3127
[  384893ms] [ERROR] ./src/app/page.tsx:8:1
Module not found: Can't resolve '@/components/home/home-hero-section'
   6 | import { ActiveJamBanner } from "@/components/jams/active-jam-banner"
   7 | import { HomeGameLane } from "@/components/home/home-game-lane"
>  8 | import { HomeHeroSection } from "@/components/home/home-hero-section"
     | ^^^^^^^^^^^^^^^^^^^^^^^^^^^^^^^^^^^^^^^^^^^^^^^^^^^^^^^^^^^^^^^^^^^^^
   9 | import {
  10 |   HomeCategoryBar,
  11 |   HomeCommunityCta,

Import map: aliased to relative './src/components/home/home-hero-section' inside of [project]/

https://nextjs.org/docs/messages/module-not-found @ http://127.0.0.1:3000/_next/static/chunks/node_modules_next_dist_f3530cac._.js:3127
[  384948ms] [ERROR] ./src/app/page.tsx:8:1
Module not found: Can't resolve '@/components/home/home-hero-section'
   6 | import { ActiveJamBanner } from "@/components/jams/active-jam-banner"
   7 | import { HomeGameLane } from "@/components/home/home-game-lane"
>  8 | import { HomeHeroSection } from "@/components/home/home-hero-section"
     | ^^^^^^^^^^^^^^^^^^^^^^^^^^^^^^^^^^^^^^^^^^^^^^^^^^^^^^^^^^^^^^^^^^^^^
   9 | import {
  10 |   HomeCategoryBar,
  11 |   HomeCommunityCta,

Import map: aliased to relative './src/components/home/home-hero-section' inside of [project]/

https://nextjs.org/docs/messages/module-not-found @ http://127.0.0.1:3000/_next/static/chunks/node_modules_next_dist_f3530cac._.js:3127
[  385009ms] [ERROR] ./src/app/page.tsx:8:1
Module not found: Can't resolve '@/components/home/home-hero-section'
   6 | import { ActiveJamBanner } from "@/components/jams/active-jam-banner"
   7 | import { HomeGameLane } from "@/components/home/home-game-lane"
>  8 | import { HomeHeroSection } from "@/components/home/home-hero-section"
     | ^^^^^^^^^^^^^^^^^^^^^^^^^^^^^^^^^^^^^^^^^^^^^^^^^^^^^^^^^^^^^^^^^^^^^
   9 | import {
  10 |   HomeCategoryBar,
  11 |   HomeCommunityCta,

Import map: aliased to relative './src/components/home/home-hero-section' inside of [project]/

https://nextjs.org/docs/messages/module-not-found @ http://127.0.0.1:3000/_next/static/chunks/node_modules_next_dist_f3530cac._.js:3127
[  385079ms] [ERROR] ./src/app/page.tsx:8:1
Module not found: Can't resolve '@/components/home/home-hero-section'
   6 | import { ActiveJamBanner } from "@/components/jams/active-jam-banner"
   7 | import { HomeGameLane } from "@/components/home/home-game-lane"
>  8 | import { HomeHeroSection } from "@/components/home/home-hero-section"
     | ^^^^^^^^^^^^^^^^^^^^^^^^^^^^^^^^^^^^^^^^^^^^^^^^^^^^^^^^^^^^^^^^^^^^^
   9 | import {
  10 |   HomeCategoryBar,
  11 |   HomeCommunityCta,

Import map: aliased to relative './src/components/home/home-hero-section' inside of [project]/

https://nextjs.org/docs/messages/module-not-found @ http://127.0.0.1:3000/_next/static/chunks/node_modules_next_dist_f3530cac._.js:3127
[  385144ms] [ERROR] ./src/app/page.tsx:8:1
Module not found: Can't resolve '@/components/home/home-hero-section'
   6 | import { ActiveJamBanner } from "@/components/jams/active-jam-banner"
   7 | import { HomeGameLane } from "@/components/home/home-game-lane"
>  8 | import { HomeHeroSection } from "@/components/home/home-hero-section"
     | ^^^^^^^^^^^^^^^^^^^^^^^^^^^^^^^^^^^^^^^^^^^^^^^^^^^^^^^^^^^^^^^^^^^^^
   9 | import {
  10 |   HomeCategoryBar,
  11 |   HomeCommunityCta,

Import map: aliased to relative './src/components/home/home-hero-section' inside of [project]/

https://nextjs.org/docs/messages/module-not-found @ http://127.0.0.1:3000/_next/static/chunks/node_modules_next_dist_f3530cac._.js:3127
[  385213ms] [ERROR] ./src/app/page.tsx:8:1
Module not found: Can't resolve '@/components/home/home-hero-section'
   6 | import { ActiveJamBanner } from "@/components/jams/active-jam-banner"
   7 | import { HomeGameLane } from "@/components/home/home-game-lane"
>  8 | import { HomeHeroSection } from "@/components/home/home-hero-section"
     | ^^^^^^^^^^^^^^^^^^^^^^^^^^^^^^^^^^^^^^^^^^^^^^^^^^^^^^^^^^^^^^^^^^^^^
   9 | import {
  10 |   HomeCategoryBar,
  11 |   HomeCommunityCta,

Import map: aliased to relative './src/components/home/home-hero-section' inside of [project]/

https://nextjs.org/docs/messages/module-not-found @ http://127.0.0.1:3000/_next/static/chunks/node_modules_next_dist_f3530cac._.js:3127
[  385277ms] [ERROR] ./src/app/page.tsx:8:1
Module not found: Can't resolve '@/components/home/home-hero-section'
   6 | import { ActiveJamBanner } from "@/components/jams/active-jam-banner"
   7 | import { HomeGameLane } from "@/components/home/home-game-lane"
>  8 | import { HomeHeroSection } from "@/components/home/home-hero-section"
     | ^^^^^^^^^^^^^^^^^^^^^^^^^^^^^^^^^^^^^^^^^^^^^^^^^^^^^^^^^^^^^^^^^^^^^
   9 | import {
  10 |   HomeCategoryBar,
  11 |   HomeCommunityCta,

Import map: aliased to relative './src/components/home/home-hero-section' inside of [project]/

https://nextjs.org/docs/messages/module-not-found @ http://127.0.0.1:3000/_next/static/chunks/node_modules_next_dist_f3530cac._.js:3127
[  385345ms] [ERROR] ./src/app/page.tsx:8:1
Module not found: Can't resolve '@/components/home/home-hero-section'
   6 | import { ActiveJamBanner } from "@/components/jams/active-jam-banner"
   7 | import { HomeGameLane } from "@/components/home/home-game-lane"
>  8 | import { HomeHeroSection } from "@/components/home/home-hero-section"
     | ^^^^^^^^^^^^^^^^^^^^^^^^^^^^^^^^^^^^^^^^^^^^^^^^^^^^^^^^^^^^^^^^^^^^^
   9 | import {
  10 |   HomeCategoryBar,
  11 |   HomeCommunityCta,

Import map: aliased to relative './src/components/home/home-hero-section' inside of [project]/

https://nextjs.org/docs/messages/module-not-found @ http://127.0.0.1:3000/_next/static/chunks/node_modules_next_dist_f3530cac._.js:3127
[  385410ms] [ERROR] ./src/app/page.tsx:8:1
Module not found: Can't resolve '@/components/home/home-hero-section'
   6 | import { ActiveJamBanner } from "@/components/jams/active-jam-banner"
   7 | import { HomeGameLane } from "@/components/home/home-game-lane"
>  8 | import { HomeHeroSection } from "@/components/home/home-hero-section"
     | ^^^^^^^^^^^^^^^^^^^^^^^^^^^^^^^^^^^^^^^^^^^^^^^^^^^^^^^^^^^^^^^^^^^^^
   9 | import {
  10 |   HomeCategoryBar,
  11 |   HomeCommunityCta,

Import map: aliased to relative './src/components/home/home-hero-section' inside of [project]/

https://nextjs.org/docs/messages/module-not-found @ http://127.0.0.1:3000/_next/static/chunks/node_modules_next_dist_f3530cac._.js:3127
[  385476ms] [ERROR] ./src/app/page.tsx:8:1
Module not found: Can't resolve '@/components/home/home-hero-section'
   6 | import { ActiveJamBanner } from "@/components/jams/active-jam-banner"
   7 | import { HomeGameLane } from "@/components/home/home-game-lane"
>  8 | import { HomeHeroSection } from "@/components/home/home-hero-section"
     | ^^^^^^^^^^^^^^^^^^^^^^^^^^^^^^^^^^^^^^^^^^^^^^^^^^^^^^^^^^^^^^^^^^^^^
   9 | import {
  10 |   HomeCategoryBar,
  11 |   HomeCommunityCta,

Import map: aliased to relative './src/components/home/home-hero-section' inside of [project]/

https://nextjs.org/docs/messages/module-not-found @ http://127.0.0.1:3000/_next/static/chunks/node_modules_next_dist_f3530cac._.js:3127
[  385540ms] [ERROR] ./src/app/page.tsx:8:1
Module not found: Can't resolve '@/components/home/home-hero-section'
   6 | import { ActiveJamBanner } from "@/components/jams/active-jam-banner"
   7 | import { HomeGameLane } from "@/components/home/home-game-lane"
>  8 | import { HomeHeroSection } from "@/components/home/home-hero-section"
     | ^^^^^^^^^^^^^^^^^^^^^^^^^^^^^^^^^^^^^^^^^^^^^^^^^^^^^^^^^^^^^^^^^^^^^
   9 | import {
  10 |   HomeCategoryBar,
  11 |   HomeCommunityCta,

Import map: aliased to relative './src/components/home/home-hero-section' inside of [project]/

https://nextjs.org/docs/messages/module-not-found @ http://127.0.0.1:3000/_next/static/chunks/node_modules_next_dist_f3530cac._.js:3127
[  385592ms] [ERROR] ./src/app/page.tsx:8:1
Module not found: Can't resolve '@/components/home/home-hero-section'
   6 | import { ActiveJamBanner } from "@/components/jams/active-jam-banner"
   7 | import { HomeGameLane } from "@/components/home/home-game-lane"
>  8 | import { HomeHeroSection } from "@/components/home/home-hero-section"
     | ^^^^^^^^^^^^^^^^^^^^^^^^^^^^^^^^^^^^^^^^^^^^^^^^^^^^^^^^^^^^^^^^^^^^^
   9 | import {
  10 |   HomeCategoryBar,
  11 |   HomeCommunityCta,

Import map: aliased to relative './src/components/home/home-hero-section' inside of [project]/

https://nextjs.org/docs/messages/module-not-found @ http://127.0.0.1:3000/_next/static/chunks/node_modules_next_dist_f3530cac._.js:3127
[  385645ms] [ERROR] ./src/app/page.tsx:8:1
Module not found: Can't resolve '@/components/home/home-hero-section'
   6 | import { ActiveJamBanner } from "@/components/jams/active-jam-banner"
   7 | import { HomeGameLane } from "@/components/home/home-game-lane"
>  8 | import { HomeHeroSection } from "@/components/home/home-hero-section"
     | ^^^^^^^^^^^^^^^^^^^^^^^^^^^^^^^^^^^^^^^^^^^^^^^^^^^^^^^^^^^^^^^^^^^^^
   9 | import {
  10 |   HomeCategoryBar,
  11 |   HomeCommunityCta,

Import map: aliased to relative './src/components/home/home-hero-section' inside of [project]/

https://nextjs.org/docs/messages/module-not-found @ http://127.0.0.1:3000/_next/static/chunks/node_modules_next_dist_f3530cac._.js:3127
[  385692ms] [ERROR] ./src/app/page.tsx:8:1
Module not found: Can't resolve '@/components/home/home-hero-section'
   6 | import { ActiveJamBanner } from "@/components/jams/active-jam-banner"
   7 | import { HomeGameLane } from "@/components/home/home-game-lane"
>  8 | import { HomeHeroSection } from "@/components/home/home-hero-section"
     | ^^^^^^^^^^^^^^^^^^^^^^^^^^^^^^^^^^^^^^^^^^^^^^^^^^^^^^^^^^^^^^^^^^^^^
   9 | import {
  10 |   HomeCategoryBar,
  11 |   HomeCommunityCta,

Import map: aliased to relative './src/components/home/home-hero-section' inside of [project]/

https://nextjs.org/docs/messages/module-not-found @ http://127.0.0.1:3000/_next/static/chunks/node_modules_next_dist_f3530cac._.js:3127
[  385759ms] [ERROR] ./src/app/page.tsx:8:1
Module not found: Can't resolve '@/components/home/home-hero-section'
   6 | import { ActiveJamBanner } from "@/components/jams/active-jam-banner"
   7 | import { HomeGameLane } from "@/components/home/home-game-lane"
>  8 | import { HomeHeroSection } from "@/components/home/home-hero-section"
     | ^^^^^^^^^^^^^^^^^^^^^^^^^^^^^^^^^^^^^^^^^^^^^^^^^^^^^^^^^^^^^^^^^^^^^
   9 | import {
  10 |   HomeCategoryBar,
  11 |   HomeCommunityCta,

Import map: aliased to relative './src/components/home/home-hero-section' inside of [project]/

https://nextjs.org/docs/messages/module-not-found @ http://127.0.0.1:3000/_next/static/chunks/node_modules_next_dist_f3530cac._.js:3127
[  385824ms] [ERROR] ./src/app/page.tsx:8:1
Module not found: Can't resolve '@/components/home/home-hero-section'
   6 | import { ActiveJamBanner } from "@/components/jams/active-jam-banner"
   7 | import { HomeGameLane } from "@/components/home/home-game-lane"
>  8 | import { HomeHeroSection } from "@/components/home/home-hero-section"
     | ^^^^^^^^^^^^^^^^^^^^^^^^^^^^^^^^^^^^^^^^^^^^^^^^^^^^^^^^^^^^^^^^^^^^^
   9 | import {
  10 |   HomeCategoryBar,
  11 |   HomeCommunityCta,

Import map: aliased to relative './src/components/home/home-hero-section' inside of [project]/

https://nextjs.org/docs/messages/module-not-found @ http://127.0.0.1:3000/_next/static/chunks/node_modules_next_dist_f3530cac._.js:3127
[  385893ms] [ERROR] ./src/app/page.tsx:8:1
Module not found: Can't resolve '@/components/home/home-hero-section'
   6 | import { ActiveJamBanner } from "@/components/jams/active-jam-banner"
   7 | import { HomeGameLane } from "@/components/home/home-game-lane"
>  8 | import { HomeHeroSection } from "@/components/home/home-hero-section"
     | ^^^^^^^^^^^^^^^^^^^^^^^^^^^^^^^^^^^^^^^^^^^^^^^^^^^^^^^^^^^^^^^^^^^^^
   9 | import {
  10 |   HomeCategoryBar,
  11 |   HomeCommunityCta,

Import map: aliased to relative './src/components/home/home-hero-section' inside of [project]/

https://nextjs.org/docs/messages/module-not-found @ http://127.0.0.1:3000/_next/static/chunks/node_modules_next_dist_f3530cac._.js:3127
[  385961ms] [ERROR] ./src/app/page.tsx:8:1
Module not found: Can't resolve '@/components/home/home-hero-section'
   6 | import { ActiveJamBanner } from "@/components/jams/active-jam-banner"
   7 | import { HomeGameLane } from "@/components/home/home-game-lane"
>  8 | import { HomeHeroSection } from "@/components/home/home-hero-section"
     | ^^^^^^^^^^^^^^^^^^^^^^^^^^^^^^^^^^^^^^^^^^^^^^^^^^^^^^^^^^^^^^^^^^^^^
   9 | import {
  10 |   HomeCategoryBar,
  11 |   HomeCommunityCta,

Import map: aliased to relative './src/components/home/home-hero-section' inside of [project]/

https://nextjs.org/docs/messages/module-not-found @ http://127.0.0.1:3000/_next/static/chunks/node_modules_next_dist_f3530cac._.js:3127
[  386019ms] [ERROR] ./src/app/page.tsx:8:1
Module not found: Can't resolve '@/components/home/home-hero-section'
   6 | import { ActiveJamBanner } from "@/components/jams/active-jam-banner"
   7 | import { HomeGameLane } from "@/components/home/home-game-lane"
>  8 | import { HomeHeroSection } from "@/components/home/home-hero-section"
     | ^^^^^^^^^^^^^^^^^^^^^^^^^^^^^^^^^^^^^^^^^^^^^^^^^^^^^^^^^^^^^^^^^^^^^
   9 | import {
  10 |   HomeCategoryBar,
  11 |   HomeCommunityCta,

Import map: aliased to relative './src/components/home/home-hero-section' inside of [project]/

https://nextjs.org/docs/messages/module-not-found @ http://127.0.0.1:3000/_next/static/chunks/node_modules_next_dist_f3530cac._.js:3127
[  386181ms] [LOG] [Fast Refresh] rebuilding @ http://127.0.0.1:3000/_next/static/chunks/node_modules_next_dist_f3530cac._.js:2297
[  386183ms] [ERROR] ./src/app/page.tsx:8:1
Module not found: Can't resolve '@/components/home/home-hero-section'
   6 | import { ActiveJamBanner } from "@/components/jams/active-jam-banner"
   7 | import { HomeGameLane } from "@/components/home/home-game-lane"
>  8 | import { HomeHeroSection } from "@/components/home/home-hero-section"
     | ^^^^^^^^^^^^^^^^^^^^^^^^^^^^^^^^^^^^^^^^^^^^^^^^^^^^^^^^^^^^^^^^^^^^^
   9 | import {
  10 |   HomeCategoryBar,
  11 |   HomeCommunityCta,

Import map: aliased to relative './src/components/home/home-hero-section' inside of [project]/

https://nextjs.org/docs/messages/module-not-found @ http://127.0.0.1:3000/_next/static/chunks/node_modules_next_dist_f3530cac._.js:3127
[  386249ms] [ERROR] ./src/app/page.tsx:8:1
Module not found: Can't resolve '@/components/home/home-hero-section'
   6 | import { ActiveJamBanner } from "@/components/jams/active-jam-banner"
   7 | import { HomeGameLane } from "@/components/home/home-game-lane"
>  8 | import { HomeHeroSection } from "@/components/home/home-hero-section"
     | ^^^^^^^^^^^^^^^^^^^^^^^^^^^^^^^^^^^^^^^^^^^^^^^^^^^^^^^^^^^^^^^^^^^^^
   9 | import {
  10 |   HomeCategoryBar,
  11 |   HomeCommunityCta,

Import map: aliased to relative './src/components/home/home-hero-section' inside of [project]/

https://nextjs.org/docs/messages/module-not-found @ http://127.0.0.1:3000/_next/static/chunks/node_modules_next_dist_f3530cac._.js:3127
[  386311ms] [ERROR] ./src/app/page.tsx:8:1
Module not found: Can't resolve '@/components/home/home-hero-section'
   6 | import { ActiveJamBanner } from "@/components/jams/active-jam-banner"
   7 | import { HomeGameLane } from "@/components/home/home-game-lane"
>  8 | import { HomeHeroSection } from "@/components/home/home-hero-section"
     | ^^^^^^^^^^^^^^^^^^^^^^^^^^^^^^^^^^^^^^^^^^^^^^^^^^^^^^^^^^^^^^^^^^^^^
   9 | import {
  10 |   HomeCategoryBar,
  11 |   HomeCommunityCta,

Import map: aliased to relative './src/components/home/home-hero-section' inside of [project]/

https://nextjs.org/docs/messages/module-not-found @ http://127.0.0.1:3000/_next/static/chunks/node_modules_next_dist_f3530cac._.js:3127
[  386379ms] [ERROR] ./src/app/page.tsx:8:1
Module not found: Can't resolve '@/components/home/home-hero-section'
   6 | import { ActiveJamBanner } from "@/components/jams/active-jam-banner"
   7 | import { HomeGameLane } from "@/components/home/home-game-lane"
>  8 | import { HomeHeroSection } from "@/components/home/home-hero-section"
     | ^^^^^^^^^^^^^^^^^^^^^^^^^^^^^^^^^^^^^^^^^^^^^^^^^^^^^^^^^^^^^^^^^^^^^
   9 | import {
  10 |   HomeCategoryBar,
  11 |   HomeCommunityCta,

Import map: aliased to relative './src/components/home/home-hero-section' inside of [project]/

https://nextjs.org/docs/messages/module-not-found @ http://127.0.0.1:3000/_next/static/chunks/node_modules_next_dist_f3530cac._.js:3127
[  386442ms] [ERROR] ./src/app/page.tsx:8:1
Module not found: Can't resolve '@/components/home/home-hero-section'
   6 | import { ActiveJamBanner } from "@/components/jams/active-jam-banner"
   7 | import { HomeGameLane } from "@/components/home/home-game-lane"
>  8 | import { HomeHeroSection } from "@/components/home/home-hero-section"
     | ^^^^^^^^^^^^^^^^^^^^^^^^^^^^^^^^^^^^^^^^^^^^^^^^^^^^^^^^^^^^^^^^^^^^^
   9 | import {
  10 |   HomeCategoryBar,
  11 |   HomeCommunityCta,

Import map: aliased to relative './src/components/home/home-hero-section' inside of [project]/

https://nextjs.org/docs/messages/module-not-found @ http://127.0.0.1:3000/_next/static/chunks/node_modules_next_dist_f3530cac._.js:3127
[  386513ms] [ERROR] ./src/app/page.tsx:8:1
Module not found: Can't resolve '@/components/home/home-hero-section'
   6 | import { ActiveJamBanner } from "@/components/jams/active-jam-banner"
   7 | import { HomeGameLane } from "@/components/home/home-game-lane"
>  8 | import { HomeHeroSection } from "@/components/home/home-hero-section"
     | ^^^^^^^^^^^^^^^^^^^^^^^^^^^^^^^^^^^^^^^^^^^^^^^^^^^^^^^^^^^^^^^^^^^^^
   9 | import {
  10 |   HomeCategoryBar,
  11 |   HomeCommunityCta,

Import map: aliased to relative './src/components/home/home-hero-section' inside of [project]/

https://nextjs.org/docs/messages/module-not-found @ http://127.0.0.1:3000/_next/static/chunks/node_modules_next_dist_f3530cac._.js:3127
[  386573ms] [ERROR] ./src/app/page.tsx:8:1
Module not found: Can't resolve '@/components/home/home-hero-section'
   6 | import { ActiveJamBanner } from "@/components/jams/active-jam-banner"
   7 | import { HomeGameLane } from "@/components/home/home-game-lane"
>  8 | import { HomeHeroSection } from "@/components/home/home-hero-section"
     | ^^^^^^^^^^^^^^^^^^^^^^^^^^^^^^^^^^^^^^^^^^^^^^^^^^^^^^^^^^^^^^^^^^^^^
   9 | import {
  10 |   HomeCategoryBar,
  11 |   HomeCommunityCta,

Import map: aliased to relative './src/components/home/home-hero-section' inside of [project]/

https://nextjs.org/docs/messages/module-not-found @ http://127.0.0.1:3000/_next/static/chunks/node_modules_next_dist_f3530cac._.js:3127
[  386632ms] [ERROR] ./src/app/page.tsx:8:1
Module not found: Can't resolve '@/components/home/home-hero-section'
   6 | import { ActiveJamBanner } from "@/components/jams/active-jam-banner"
   7 | import { HomeGameLane } from "@/components/home/home-game-lane"
>  8 | import { HomeHeroSection } from "@/components/home/home-hero-section"
     | ^^^^^^^^^^^^^^^^^^^^^^^^^^^^^^^^^^^^^^^^^^^^^^^^^^^^^^^^^^^^^^^^^^^^^
   9 | import {
  10 |   HomeCategoryBar,
  11 |   HomeCommunityCta,

Import map: aliased to relative './src/components/home/home-hero-section' inside of [project]/

https://nextjs.org/docs/messages/module-not-found @ http://127.0.0.1:3000/_next/static/chunks/node_modules_next_dist_f3530cac._.js:3127
[  386698ms] [ERROR] ./src/app/page.tsx:8:1
Module not found: Can't resolve '@/components/home/home-hero-section'
   6 | import { ActiveJamBanner } from "@/components/jams/active-jam-banner"
   7 | import { HomeGameLane } from "@/components/home/home-game-lane"
>  8 | import { HomeHeroSection } from "@/components/home/home-hero-section"
     | ^^^^^^^^^^^^^^^^^^^^^^^^^^^^^^^^^^^^^^^^^^^^^^^^^^^^^^^^^^^^^^^^^^^^^
   9 | import {
  10 |   HomeCategoryBar,
  11 |   HomeCommunityCta,

Import map: aliased to relative './src/components/home/home-hero-section' inside of [project]/

https://nextjs.org/docs/messages/module-not-found @ http://127.0.0.1:3000/_next/static/chunks/node_modules_next_dist_f3530cac._.js:3127
[  386751ms] [ERROR] ./src/app/page.tsx:8:1
Module not found: Can't resolve '@/components/home/home-hero-section'
   6 | import { ActiveJamBanner } from "@/components/jams/active-jam-banner"
   7 | import { HomeGameLane } from "@/components/home/home-game-lane"
>  8 | import { HomeHeroSection } from "@/components/home/home-hero-section"
     | ^^^^^^^^^^^^^^^^^^^^^^^^^^^^^^^^^^^^^^^^^^^^^^^^^^^^^^^^^^^^^^^^^^^^^
   9 | import {
  10 |   HomeCategoryBar,
  11 |   HomeCommunityCta,

Import map: aliased to relative './src/components/home/home-hero-section' inside of [project]/

https://nextjs.org/docs/messages/module-not-found @ http://127.0.0.1:3000/_next/static/chunks/node_modules_next_dist_f3530cac._.js:3127
[  386818ms] [ERROR] ./src/app/page.tsx:8:1
Module not found: Can't resolve '@/components/home/home-hero-section'
   6 | import { ActiveJamBanner } from "@/components/jams/active-jam-banner"
   7 | import { HomeGameLane } from "@/components/home/home-game-lane"
>  8 | import { HomeHeroSection } from "@/components/home/home-hero-section"
     | ^^^^^^^^^^^^^^^^^^^^^^^^^^^^^^^^^^^^^^^^^^^^^^^^^^^^^^^^^^^^^^^^^^^^^
   9 | import {
  10 |   HomeCategoryBar,
  11 |   HomeCommunityCta,

Import map: aliased to relative './src/components/home/home-hero-section' inside of [project]/

https://nextjs.org/docs/messages/module-not-found @ http://127.0.0.1:3000/_next/static/chunks/node_modules_next_dist_f3530cac._.js:3127
[  386892ms] [ERROR] ./src/app/page.tsx:8:1
Module not found: Can't resolve '@/components/home/home-hero-section'
   6 | import { ActiveJamBanner } from "@/components/jams/active-jam-banner"
   7 | import { HomeGameLane } from "@/components/home/home-game-lane"
>  8 | import { HomeHeroSection } from "@/components/home/home-hero-section"
     | ^^^^^^^^^^^^^^^^^^^^^^^^^^^^^^^^^^^^^^^^^^^^^^^^^^^^^^^^^^^^^^^^^^^^^
   9 | import {
  10 |   HomeCategoryBar,
  11 |   HomeCommunityCta,

Import map: aliased to relative './src/components/home/home-hero-section' inside of [project]/

https://nextjs.org/docs/messages/module-not-found @ http://127.0.0.1:3000/_next/static/chunks/node_modules_next_dist_f3530cac._.js:3127
[  386959ms] [ERROR] ./src/app/page.tsx:8:1
Module not found: Can't resolve '@/components/home/home-hero-section'
   6 | import { ActiveJamBanner } from "@/components/jams/active-jam-banner"
   7 | import { HomeGameLane } from "@/components/home/home-game-lane"
>  8 | import { HomeHeroSection } from "@/components/home/home-hero-section"
     | ^^^^^^^^^^^^^^^^^^^^^^^^^^^^^^^^^^^^^^^^^^^^^^^^^^^^^^^^^^^^^^^^^^^^^
   9 | import {
  10 |   HomeCategoryBar,
  11 |   HomeCommunityCta,

Import map: aliased to relative './src/components/home/home-hero-section' inside of [project]/

https://nextjs.org/docs/messages/module-not-found @ http://127.0.0.1:3000/_next/static/chunks/node_modules_next_dist_f3530cac._.js:3127
[  387019ms] [ERROR] ./src/app/page.tsx:8:1
Module not found: Can't resolve '@/components/home/home-hero-section'
   6 | import { ActiveJamBanner } from "@/components/jams/active-jam-banner"
   7 | import { HomeGameLane } from "@/components/home/home-game-lane"
>  8 | import { HomeHeroSection } from "@/components/home/home-hero-section"
     | ^^^^^^^^^^^^^^^^^^^^^^^^^^^^^^^^^^^^^^^^^^^^^^^^^^^^^^^^^^^^^^^^^^^^^
   9 | import {
  10 |   HomeCategoryBar,
  11 |   HomeCommunityCta,

Import map: aliased to relative './src/components/home/home-hero-section' inside of [project]/

https://nextjs.org/docs/messages/module-not-found @ http://127.0.0.1:3000/_next/static/chunks/node_modules_next_dist_f3530cac._.js:3127
[  387080ms] [ERROR] ./src/app/page.tsx:8:1
Module not found: Can't resolve '@/components/home/home-hero-section'
   6 | import { ActiveJamBanner } from "@/components/jams/active-jam-banner"
   7 | import { HomeGameLane } from "@/components/home/home-game-lane"
>  8 | import { HomeHeroSection } from "@/components/home/home-hero-section"
     | ^^^^^^^^^^^^^^^^^^^^^^^^^^^^^^^^^^^^^^^^^^^^^^^^^^^^^^^^^^^^^^^^^^^^^
   9 | import {
  10 |   HomeCategoryBar,
  11 |   HomeCommunityCta,

Import map: aliased to relative './src/components/home/home-hero-section' inside of [project]/

https://nextjs.org/docs/messages/module-not-found @ http://127.0.0.1:3000/_next/static/chunks/node_modules_next_dist_f3530cac._.js:3127
[  387142ms] [ERROR] ./src/app/page.tsx:8:1
Module not found: Can't resolve '@/components/home/home-hero-section'
   6 | import { ActiveJamBanner } from "@/components/jams/active-jam-banner"
   7 | import { HomeGameLane } from "@/components/home/home-game-lane"
>  8 | import { HomeHeroSection } from "@/components/home/home-hero-section"
     | ^^^^^^^^^^^^^^^^^^^^^^^^^^^^^^^^^^^^^^^^^^^^^^^^^^^^^^^^^^^^^^^^^^^^^
   9 | import {
  10 |   HomeCategoryBar,
  11 |   HomeCommunityCta,

Import map: aliased to relative './src/components/home/home-hero-section' inside of [project]/

https://nextjs.org/docs/messages/module-not-found @ http://127.0.0.1:3000/_next/static/chunks/node_modules_next_dist_f3530cac._.js:3127
[  387207ms] [ERROR] ./src/app/page.tsx:8:1
Module not found: Can't resolve '@/components/home/home-hero-section'
   6 | import { ActiveJamBanner } from "@/components/jams/active-jam-banner"
   7 | import { HomeGameLane } from "@/components/home/home-game-lane"
>  8 | import { HomeHeroSection } from "@/components/home/home-hero-section"
     | ^^^^^^^^^^^^^^^^^^^^^^^^^^^^^^^^^^^^^^^^^^^^^^^^^^^^^^^^^^^^^^^^^^^^^
   9 | import {
  10 |   HomeCategoryBar,
  11 |   HomeCommunityCta,

Import map: aliased to relative './src/components/home/home-hero-section' inside of [project]/

https://nextjs.org/docs/messages/module-not-found @ http://127.0.0.1:3000/_next/static/chunks/node_modules_next_dist_f3530cac._.js:3127
[  387261ms] [ERROR] ./src/app/page.tsx:8:1
Module not found: Can't resolve '@/components/home/home-hero-section'
   6 | import { ActiveJamBanner } from "@/components/jams/active-jam-banner"
   7 | import { HomeGameLane } from "@/components/home/home-game-lane"
>  8 | import { HomeHeroSection } from "@/components/home/home-hero-section"
     | ^^^^^^^^^^^^^^^^^^^^^^^^^^^^^^^^^^^^^^^^^^^^^^^^^^^^^^^^^^^^^^^^^^^^^
   9 | import {
  10 |   HomeCategoryBar,
  11 |   HomeCommunityCta,

Import map: aliased to relative './src/components/home/home-hero-section' inside of [project]/

https://nextjs.org/docs/messages/module-not-found @ http://127.0.0.1:3000/_next/static/chunks/node_modules_next_dist_f3530cac._.js:3127
[  387327ms] [ERROR] ./src/app/page.tsx:8:1
Module not found: Can't resolve '@/components/home/home-hero-section'
   6 | import { ActiveJamBanner } from "@/components/jams/active-jam-banner"
   7 | import { HomeGameLane } from "@/components/home/home-game-lane"
>  8 | import { HomeHeroSection } from "@/components/home/home-hero-section"
     | ^^^^^^^^^^^^^^^^^^^^^^^^^^^^^^^^^^^^^^^^^^^^^^^^^^^^^^^^^^^^^^^^^^^^^
   9 | import {
  10 |   HomeCategoryBar,
  11 |   HomeCommunityCta,

Import map: aliased to relative './src/components/home/home-hero-section' inside of [project]/

https://nextjs.org/docs/messages/module-not-found @ http://127.0.0.1:3000/_next/static/chunks/node_modules_next_dist_f3530cac._.js:3127
[  387391ms] [ERROR] ./src/app/page.tsx:8:1
Module not found: Can't resolve '@/components/home/home-hero-section'
   6 | import { ActiveJamBanner } from "@/components/jams/active-jam-banner"
   7 | import { HomeGameLane } from "@/components/home/home-game-lane"
>  8 | import { HomeHeroSection } from "@/components/home/home-hero-section"
     | ^^^^^^^^^^^^^^^^^^^^^^^^^^^^^^^^^^^^^^^^^^^^^^^^^^^^^^^^^^^^^^^^^^^^^
   9 | import {
  10 |   HomeCategoryBar,
  11 |   HomeCommunityCta,

Import map: aliased to relative './src/components/home/home-hero-section' inside of [project]/

https://nextjs.org/docs/messages/module-not-found @ http://127.0.0.1:3000/_next/static/chunks/node_modules_next_dist_f3530cac._.js:3127
[  387461ms] [ERROR] ./src/app/page.tsx:8:1
Module not found: Can't resolve '@/components/home/home-hero-section'
   6 | import { ActiveJamBanner } from "@/components/jams/active-jam-banner"
   7 | import { HomeGameLane } from "@/components/home/home-game-lane"
>  8 | import { HomeHeroSection } from "@/components/home/home-hero-section"
     | ^^^^^^^^^^^^^^^^^^^^^^^^^^^^^^^^^^^^^^^^^^^^^^^^^^^^^^^^^^^^^^^^^^^^^
   9 | import {
  10 |   HomeCategoryBar,
  11 |   HomeCommunityCta,

Import map: aliased to relative './src/components/home/home-hero-section' inside of [project]/

https://nextjs.org/docs/messages/module-not-found @ http://127.0.0.1:3000/_next/static/chunks/node_modules_next_dist_f3530cac._.js:3127
[  387528ms] [ERROR] ./src/app/page.tsx:8:1
Module not found: Can't resolve '@/components/home/home-hero-section'
   6 | import { ActiveJamBanner } from "@/components/jams/active-jam-banner"
   7 | import { HomeGameLane } from "@/components/home/home-game-lane"
>  8 | import { HomeHeroSection } from "@/components/home/home-hero-section"
     | ^^^^^^^^^^^^^^^^^^^^^^^^^^^^^^^^^^^^^^^^^^^^^^^^^^^^^^^^^^^^^^^^^^^^^
   9 | import {
  10 |   HomeCategoryBar,
  11 |   HomeCommunityCta,

Import map: aliased to relative './src/components/home/home-hero-section' inside of [project]/

https://nextjs.org/docs/messages/module-not-found @ http://127.0.0.1:3000/_next/static/chunks/node_modules_next_dist_f3530cac._.js:3127
[  387589ms] [ERROR] ./src/app/page.tsx:8:1
Module not found: Can't resolve '@/components/home/home-hero-section'
   6 | import { ActiveJamBanner } from "@/components/jams/active-jam-banner"
   7 | import { HomeGameLane } from "@/components/home/home-game-lane"
>  8 | import { HomeHeroSection } from "@/components/home/home-hero-section"
     | ^^^^^^^^^^^^^^^^^^^^^^^^^^^^^^^^^^^^^^^^^^^^^^^^^^^^^^^^^^^^^^^^^^^^^
   9 | import {
  10 |   HomeCategoryBar,
  11 |   HomeCommunityCta,

Import map: aliased to relative './src/components/home/home-hero-section' inside of [project]/

https://nextjs.org/docs/messages/module-not-found @ http://127.0.0.1:3000/_next/static/chunks/node_modules_next_dist_f3530cac._.js:3127
[  387662ms] [ERROR] ./src/app/page.tsx:8:1
Module not found: Can't resolve '@/components/home/home-hero-section'
   6 | import { ActiveJamBanner } from "@/components/jams/active-jam-banner"
   7 | import { HomeGameLane } from "@/components/home/home-game-lane"
>  8 | import { HomeHeroSection } from "@/components/home/home-hero-section"
     | ^^^^^^^^^^^^^^^^^^^^^^^^^^^^^^^^^^^^^^^^^^^^^^^^^^^^^^^^^^^^^^^^^^^^^
   9 | import {
  10 |   HomeCategoryBar,
  11 |   HomeCommunityCta,

Import map: aliased to relative './src/components/home/home-hero-section' inside of [project]/

https://nextjs.org/docs/messages/module-not-found @ http://127.0.0.1:3000/_next/static/chunks/node_modules_next_dist_f3530cac._.js:3127
[  387725ms] [ERROR] ./src/app/page.tsx:8:1
Module not found: Can't resolve '@/components/home/home-hero-section'
   6 | import { ActiveJamBanner } from "@/components/jams/active-jam-banner"
   7 | import { HomeGameLane } from "@/components/home/home-game-lane"
>  8 | import { HomeHeroSection } from "@/components/home/home-hero-section"
     | ^^^^^^^^^^^^^^^^^^^^^^^^^^^^^^^^^^^^^^^^^^^^^^^^^^^^^^^^^^^^^^^^^^^^^
   9 | import {
  10 |   HomeCategoryBar,
  11 |   HomeCommunityCta,

Import map: aliased to relative './src/components/home/home-hero-section' inside of [project]/

https://nextjs.org/docs/messages/module-not-found @ http://127.0.0.1:3000/_next/static/chunks/node_modules_next_dist_f3530cac._.js:3127
[  387790ms] [ERROR] ./src/app/page.tsx:8:1
Module not found: Can't resolve '@/components/home/home-hero-section'
   6 | import { ActiveJamBanner } from "@/components/jams/active-jam-banner"
   7 | import { HomeGameLane } from "@/components/home/home-game-lane"
>  8 | import { HomeHeroSection } from "@/components/home/home-hero-section"
     | ^^^^^^^^^^^^^^^^^^^^^^^^^^^^^^^^^^^^^^^^^^^^^^^^^^^^^^^^^^^^^^^^^^^^^
   9 | import {
  10 |   HomeCategoryBar,
  11 |   HomeCommunityCta,

Import map: aliased to relative './src/components/home/home-hero-section' inside of [project]/

https://nextjs.org/docs/messages/module-not-found @ http://127.0.0.1:3000/_next/static/chunks/node_modules_next_dist_f3530cac._.js:3127
[  387860ms] [ERROR] ./src/app/page.tsx:8:1
Module not found: Can't resolve '@/components/home/home-hero-section'
   6 | import { ActiveJamBanner } from "@/components/jams/active-jam-banner"
   7 | import { HomeGameLane } from "@/components/home/home-game-lane"
>  8 | import { HomeHeroSection } from "@/components/home/home-hero-section"
     | ^^^^^^^^^^^^^^^^^^^^^^^^^^^^^^^^^^^^^^^^^^^^^^^^^^^^^^^^^^^^^^^^^^^^^
   9 | import {
  10 |   HomeCategoryBar,
  11 |   HomeCommunityCta,

Import map: aliased to relative './src/components/home/home-hero-section' inside of [project]/

https://nextjs.org/docs/messages/module-not-found @ http://127.0.0.1:3000/_next/static/chunks/node_modules_next_dist_f3530cac._.js:3127
[  387922ms] [ERROR] ./src/app/page.tsx:8:1
Module not found: Can't resolve '@/components/home/home-hero-section'
   6 | import { ActiveJamBanner } from "@/components/jams/active-jam-banner"
   7 | import { HomeGameLane } from "@/components/home/home-game-lane"
>  8 | import { HomeHeroSection } from "@/components/home/home-hero-section"
     | ^^^^^^^^^^^^^^^^^^^^^^^^^^^^^^^^^^^^^^^^^^^^^^^^^^^^^^^^^^^^^^^^^^^^^
   9 | import {
  10 |   HomeCategoryBar,
  11 |   HomeCommunityCta,

Import map: aliased to relative './src/components/home/home-hero-section' inside of [project]/

https://nextjs.org/docs/messages/module-not-found @ http://127.0.0.1:3000/_next/static/chunks/node_modules_next_dist_f3530cac._.js:3127
[  387988ms] [ERROR] ./src/app/page.tsx:8:1
Module not found: Can't resolve '@/components/home/home-hero-section'
   6 | import { ActiveJamBanner } from "@/components/jams/active-jam-banner"
   7 | import { HomeGameLane } from "@/components/home/home-game-lane"
>  8 | import { HomeHeroSection } from "@/components/home/home-hero-section"
     | ^^^^^^^^^^^^^^^^^^^^^^^^^^^^^^^^^^^^^^^^^^^^^^^^^^^^^^^^^^^^^^^^^^^^^
   9 | import {
  10 |   HomeCategoryBar,
  11 |   HomeCommunityCta,

Import map: aliased to relative './src/components/home/home-hero-section' inside of [project]/

https://nextjs.org/docs/messages/module-not-found @ http://127.0.0.1:3000/_next/static/chunks/node_modules_next_dist_f3530cac._.js:3127
[  388055ms] [ERROR] ./src/app/page.tsx:8:1
Module not found: Can't resolve '@/components/home/home-hero-section'
   6 | import { ActiveJamBanner } from "@/components/jams/active-jam-banner"
   7 | import { HomeGameLane } from "@/components/home/home-game-lane"
>  8 | import { HomeHeroSection } from "@/components/home/home-hero-section"
     | ^^^^^^^^^^^^^^^^^^^^^^^^^^^^^^^^^^^^^^^^^^^^^^^^^^^^^^^^^^^^^^^^^^^^^
   9 | import {
  10 |   HomeCategoryBar,
  11 |   HomeCommunityCta,

Import map: aliased to relative './src/components/home/home-hero-section' inside of [project]/

https://nextjs.org/docs/messages/module-not-found @ http://127.0.0.1:3000/_next/static/chunks/node_modules_next_dist_f3530cac._.js:3127
[  388108ms] [ERROR] ./src/app/page.tsx:8:1
Module not found: Can't resolve '@/components/home/home-hero-section'
   6 | import { ActiveJamBanner } from "@/components/jams/active-jam-banner"
   7 | import { HomeGameLane } from "@/components/home/home-game-lane"
>  8 | import { HomeHeroSection } from "@/components/home/home-hero-section"
     | ^^^^^^^^^^^^^^^^^^^^^^^^^^^^^^^^^^^^^^^^^^^^^^^^^^^^^^^^^^^^^^^^^^^^^
   9 | import {
  10 |   HomeCategoryBar,
  11 |   HomeCommunityCta,

Import map: aliased to relative './src/components/home/home-hero-section' inside of [project]/

https://nextjs.org/docs/messages/module-not-found @ http://127.0.0.1:3000/_next/static/chunks/node_modules_next_dist_f3530cac._.js:3127
[  388170ms] [ERROR] ./src/app/page.tsx:8:1
Module not found: Can't resolve '@/components/home/home-hero-section'
   6 | import { ActiveJamBanner } from "@/components/jams/active-jam-banner"
   7 | import { HomeGameLane } from "@/components/home/home-game-lane"
>  8 | import { HomeHeroSection } from "@/components/home/home-hero-section"
     | ^^^^^^^^^^^^^^^^^^^^^^^^^^^^^^^^^^^^^^^^^^^^^^^^^^^^^^^^^^^^^^^^^^^^^
   9 | import {
  10 |   HomeCategoryBar,
  11 |   HomeCommunityCta,

Import map: aliased to relative './src/components/home/home-hero-section' inside of [project]/

https://nextjs.org/docs/messages/module-not-found @ http://127.0.0.1:3000/_next/static/chunks/node_modules_next_dist_f3530cac._.js:3127
[  388237ms] [ERROR] ./src/app/page.tsx:8:1
Module not found: Can't resolve '@/components/home/home-hero-section'
   6 | import { ActiveJamBanner } from "@/components/jams/active-jam-banner"
   7 | import { HomeGameLane } from "@/components/home/home-game-lane"
>  8 | import { HomeHeroSection } from "@/components/home/home-hero-section"
     | ^^^^^^^^^^^^^^^^^^^^^^^^^^^^^^^^^^^^^^^^^^^^^^^^^^^^^^^^^^^^^^^^^^^^^
   9 | import {
  10 |   HomeCategoryBar,
  11 |   HomeCommunityCta,

Import map: aliased to relative './src/components/home/home-hero-section' inside of [project]/

https://nextjs.org/docs/messages/module-not-found @ http://127.0.0.1:3000/_next/static/chunks/node_modules_next_dist_f3530cac._.js:3127
[  388306ms] [ERROR] ./src/app/page.tsx:8:1
Module not found: Can't resolve '@/components/home/home-hero-section'
   6 | import { ActiveJamBanner } from "@/components/jams/active-jam-banner"
   7 | import { HomeGameLane } from "@/components/home/home-game-lane"
>  8 | import { HomeHeroSection } from "@/components/home/home-hero-section"
     | ^^^^^^^^^^^^^^^^^^^^^^^^^^^^^^^^^^^^^^^^^^^^^^^^^^^^^^^^^^^^^^^^^^^^^
   9 | import {
  10 |   HomeCategoryBar,
  11 |   HomeCommunityCta,

Import map: aliased to relative './src/components/home/home-hero-section' inside of [project]/

https://nextjs.org/docs/messages/module-not-found @ http://127.0.0.1:3000/_next/static/chunks/node_modules_next_dist_f3530cac._.js:3127
[  388370ms] [ERROR] ./src/app/page.tsx:8:1
Module not found: Can't resolve '@/components/home/home-hero-section'
   6 | import { ActiveJamBanner } from "@/components/jams/active-jam-banner"
   7 | import { HomeGameLane } from "@/components/home/home-game-lane"
>  8 | import { HomeHeroSection } from "@/components/home/home-hero-section"
     | ^^^^^^^^^^^^^^^^^^^^^^^^^^^^^^^^^^^^^^^^^^^^^^^^^^^^^^^^^^^^^^^^^^^^^
   9 | import {
  10 |   HomeCategoryBar,
  11 |   HomeCommunityCta,

Import map: aliased to relative './src/components/home/home-hero-section' inside of [project]/

https://nextjs.org/docs/messages/module-not-found @ http://127.0.0.1:3000/_next/static/chunks/node_modules_next_dist_f3530cac._.js:3127
[  388438ms] [ERROR] ./src/app/page.tsx:8:1
Module not found: Can't resolve '@/components/home/home-hero-section'
   6 | import { ActiveJamBanner } from "@/components/jams/active-jam-banner"
   7 | import { HomeGameLane } from "@/components/home/home-game-lane"
>  8 | import { HomeHeroSection } from "@/components/home/home-hero-section"
     | ^^^^^^^^^^^^^^^^^^^^^^^^^^^^^^^^^^^^^^^^^^^^^^^^^^^^^^^^^^^^^^^^^^^^^
   9 | import {
  10 |   HomeCategoryBar,
  11 |   HomeCommunityCta,

Import map: aliased to relative './src/components/home/home-hero-section' inside of [project]/

https://nextjs.org/docs/messages/module-not-found @ http://127.0.0.1:3000/_next/static/chunks/node_modules_next_dist_f3530cac._.js:3127
[  388499ms] [ERROR] ./src/app/page.tsx:8:1
Module not found: Can't resolve '@/components/home/home-hero-section'
   6 | import { ActiveJamBanner } from "@/components/jams/active-jam-banner"
   7 | import { HomeGameLane } from "@/components/home/home-game-lane"
>  8 | import { HomeHeroSection } from "@/components/home/home-hero-section"
     | ^^^^^^^^^^^^^^^^^^^^^^^^^^^^^^^^^^^^^^^^^^^^^^^^^^^^^^^^^^^^^^^^^^^^^
   9 | import {
  10 |   HomeCategoryBar,
  11 |   HomeCommunityCta,

Import map: aliased to relative './src/components/home/home-hero-section' inside of [project]/

https://nextjs.org/docs/messages/module-not-found @ http://127.0.0.1:3000/_next/static/chunks/node_modules_next_dist_f3530cac._.js:3127
[  388570ms] [ERROR] ./src/app/page.tsx:8:1
Module not found: Can't resolve '@/components/home/home-hero-section'
   6 | import { ActiveJamBanner } from "@/components/jams/active-jam-banner"
   7 | import { HomeGameLane } from "@/components/home/home-game-lane"
>  8 | import { HomeHeroSection } from "@/components/home/home-hero-section"
     | ^^^^^^^^^^^^^^^^^^^^^^^^^^^^^^^^^^^^^^^^^^^^^^^^^^^^^^^^^^^^^^^^^^^^^
   9 | import {
  10 |   HomeCategoryBar,
  11 |   HomeCommunityCta,

Import map: aliased to relative './src/components/home/home-hero-section' inside of [project]/

https://nextjs.org/docs/messages/module-not-found @ http://127.0.0.1:3000/_next/static/chunks/node_modules_next_dist_f3530cac._.js:3127
[  388637ms] [ERROR] ./src/app/page.tsx:8:1
Module not found: Can't resolve '@/components/home/home-hero-section'
   6 | import { ActiveJamBanner } from "@/components/jams/active-jam-banner"
   7 | import { HomeGameLane } from "@/components/home/home-game-lane"
>  8 | import { HomeHeroSection } from "@/components/home/home-hero-section"
     | ^^^^^^^^^^^^^^^^^^^^^^^^^^^^^^^^^^^^^^^^^^^^^^^^^^^^^^^^^^^^^^^^^^^^^
   9 | import {
  10 |   HomeCategoryBar,
  11 |   HomeCommunityCta,

Import map: aliased to relative './src/components/home/home-hero-section' inside of [project]/

https://nextjs.org/docs/messages/module-not-found @ http://127.0.0.1:3000/_next/static/chunks/node_modules_next_dist_f3530cac._.js:3127
[  388703ms] [ERROR] ./src/app/page.tsx:8:1
Module not found: Can't resolve '@/components/home/home-hero-section'
   6 | import { ActiveJamBanner } from "@/components/jams/active-jam-banner"
   7 | import { HomeGameLane } from "@/components/home/home-game-lane"
>  8 | import { HomeHeroSection } from "@/components/home/home-hero-section"
     | ^^^^^^^^^^^^^^^^^^^^^^^^^^^^^^^^^^^^^^^^^^^^^^^^^^^^^^^^^^^^^^^^^^^^^
   9 | import {
  10 |   HomeCategoryBar,
  11 |   HomeCommunityCta,

Import map: aliased to relative './src/components/home/home-hero-section' inside of [project]/

https://nextjs.org/docs/messages/module-not-found @ http://127.0.0.1:3000/_next/static/chunks/node_modules_next_dist_f3530cac._.js:3127
[  388771ms] [ERROR] ./src/app/page.tsx:8:1
Module not found: Can't resolve '@/components/home/home-hero-section'
   6 | import { ActiveJamBanner } from "@/components/jams/active-jam-banner"
   7 | import { HomeGameLane } from "@/components/home/home-game-lane"
>  8 | import { HomeHeroSection } from "@/components/home/home-hero-section"
     | ^^^^^^^^^^^^^^^^^^^^^^^^^^^^^^^^^^^^^^^^^^^^^^^^^^^^^^^^^^^^^^^^^^^^^
   9 | import {
  10 |   HomeCategoryBar,
  11 |   HomeCommunityCta,

Import map: aliased to relative './src/components/home/home-hero-section' inside of [project]/

https://nextjs.org/docs/messages/module-not-found @ http://127.0.0.1:3000/_next/static/chunks/node_modules_next_dist_f3530cac._.js:3127
[  388837ms] [ERROR] ./src/app/page.tsx:8:1
Module not found: Can't resolve '@/components/home/home-hero-section'
   6 | import { ActiveJamBanner } from "@/components/jams/active-jam-banner"
   7 | import { HomeGameLane } from "@/components/home/home-game-lane"
>  8 | import { HomeHeroSection } from "@/components/home/home-hero-section"
     | ^^^^^^^^^^^^^^^^^^^^^^^^^^^^^^^^^^^^^^^^^^^^^^^^^^^^^^^^^^^^^^^^^^^^^
   9 | import {
  10 |   HomeCategoryBar,
  11 |   HomeCommunityCta,

Import map: aliased to relative './src/components/home/home-hero-section' inside of [project]/

https://nextjs.org/docs/messages/module-not-found @ http://127.0.0.1:3000/_next/static/chunks/node_modules_next_dist_f3530cac._.js:3127
[  388901ms] [ERROR] ./src/app/page.tsx:8:1
Module not found: Can't resolve '@/components/home/home-hero-section'
   6 | import { ActiveJamBanner } from "@/components/jams/active-jam-banner"
   7 | import { HomeGameLane } from "@/components/home/home-game-lane"
>  8 | import { HomeHeroSection } from "@/components/home/home-hero-section"
     | ^^^^^^^^^^^^^^^^^^^^^^^^^^^^^^^^^^^^^^^^^^^^^^^^^^^^^^^^^^^^^^^^^^^^^
   9 | import {
  10 |   HomeCategoryBar,
  11 |   HomeCommunityCta,

Import map: aliased to relative './src/components/home/home-hero-section' inside of [project]/

https://nextjs.org/docs/messages/module-not-found @ http://127.0.0.1:3000/_next/static/chunks/node_modules_next_dist_f3530cac._.js:3127
[  388968ms] [ERROR] ./src/app/page.tsx:8:1
Module not found: Can't resolve '@/components/home/home-hero-section'
   6 | import { ActiveJamBanner } from "@/components/jams/active-jam-banner"
   7 | import { HomeGameLane } from "@/components/home/home-game-lane"
>  8 | import { HomeHeroSection } from "@/components/home/home-hero-section"
     | ^^^^^^^^^^^^^^^^^^^^^^^^^^^^^^^^^^^^^^^^^^^^^^^^^^^^^^^^^^^^^^^^^^^^^
   9 | import {
  10 |   HomeCategoryBar,
  11 |   HomeCommunityCta,

Import map: aliased to relative './src/components/home/home-hero-section' inside of [project]/

https://nextjs.org/docs/messages/module-not-found @ http://127.0.0.1:3000/_next/static/chunks/node_modules_next_dist_f3530cac._.js:3127
[  389036ms] [ERROR] ./src/app/page.tsx:8:1
Module not found: Can't resolve '@/components/home/home-hero-section'
   6 | import { ActiveJamBanner } from "@/components/jams/active-jam-banner"
   7 | import { HomeGameLane } from "@/components/home/home-game-lane"
>  8 | import { HomeHeroSection } from "@/components/home/home-hero-section"
     | ^^^^^^^^^^^^^^^^^^^^^^^^^^^^^^^^^^^^^^^^^^^^^^^^^^^^^^^^^^^^^^^^^^^^^
   9 | import {
  10 |   HomeCategoryBar,
  11 |   HomeCommunityCta,

Import map: aliased to relative './src/components/home/home-hero-section' inside of [project]/

https://nextjs.org/docs/messages/module-not-found @ http://127.0.0.1:3000/_next/static/chunks/node_modules_next_dist_f3530cac._.js:3127
[  389102ms] [ERROR] ./src/app/page.tsx:8:1
Module not found: Can't resolve '@/components/home/home-hero-section'
   6 | import { ActiveJamBanner } from "@/components/jams/active-jam-banner"
   7 | import { HomeGameLane } from "@/components/home/home-game-lane"
>  8 | import { HomeHeroSection } from "@/components/home/home-hero-section"
     | ^^^^^^^^^^^^^^^^^^^^^^^^^^^^^^^^^^^^^^^^^^^^^^^^^^^^^^^^^^^^^^^^^^^^^
   9 | import {
  10 |   HomeCategoryBar,
  11 |   HomeCommunityCta,

Import map: aliased to relative './src/components/home/home-hero-section' inside of [project]/

https://nextjs.org/docs/messages/module-not-found @ http://127.0.0.1:3000/_next/static/chunks/node_modules_next_dist_f3530cac._.js:3127
[  389167ms] [ERROR] ./src/app/page.tsx:8:1
Module not found: Can't resolve '@/components/home/home-hero-section'
   6 | import { ActiveJamBanner } from "@/components/jams/active-jam-banner"
   7 | import { HomeGameLane } from "@/components/home/home-game-lane"
>  8 | import { HomeHeroSection } from "@/components/home/home-hero-section"
     | ^^^^^^^^^^^^^^^^^^^^^^^^^^^^^^^^^^^^^^^^^^^^^^^^^^^^^^^^^^^^^^^^^^^^^
   9 | import {
  10 |   HomeCategoryBar,
  11 |   HomeCommunityCta,

Import map: aliased to relative './src/components/home/home-hero-section' inside of [project]/

https://nextjs.org/docs/messages/module-not-found @ http://127.0.0.1:3000/_next/static/chunks/node_modules_next_dist_f3530cac._.js:3127
[  389234ms] [ERROR] ./src/app/page.tsx:8:1
Module not found: Can't resolve '@/components/home/home-hero-section'
   6 | import { ActiveJamBanner } from "@/components/jams/active-jam-banner"
   7 | import { HomeGameLane } from "@/components/home/home-game-lane"
>  8 | import { HomeHeroSection } from "@/components/home/home-hero-section"
     | ^^^^^^^^^^^^^^^^^^^^^^^^^^^^^^^^^^^^^^^^^^^^^^^^^^^^^^^^^^^^^^^^^^^^^
   9 | import {
  10 |   HomeCategoryBar,
  11 |   HomeCommunityCta,

Import map: aliased to relative './src/components/home/home-hero-section' inside of [project]/

https://nextjs.org/docs/messages/module-not-found @ http://127.0.0.1:3000/_next/static/chunks/node_modules_next_dist_f3530cac._.js:3127
[  389288ms] [ERROR] ./src/app/page.tsx:8:1
Module not found: Can't resolve '@/components/home/home-hero-section'
   6 | import { ActiveJamBanner } from "@/components/jams/active-jam-banner"
   7 | import { HomeGameLane } from "@/components/home/home-game-lane"
>  8 | import { HomeHeroSection } from "@/components/home/home-hero-section"
     | ^^^^^^^^^^^^^^^^^^^^^^^^^^^^^^^^^^^^^^^^^^^^^^^^^^^^^^^^^^^^^^^^^^^^^
   9 | import {
  10 |   HomeCategoryBar,
  11 |   HomeCommunityCta,

Import map: aliased to relative './src/components/home/home-hero-section' inside of [project]/

https://nextjs.org/docs/messages/module-not-found @ http://127.0.0.1:3000/_next/static/chunks/node_modules_next_dist_f3530cac._.js:3127
[  389353ms] [ERROR] ./src/app/page.tsx:8:1
Module not found: Can't resolve '@/components/home/home-hero-section'
   6 | import { ActiveJamBanner } from "@/components/jams/active-jam-banner"
   7 | import { HomeGameLane } from "@/components/home/home-game-lane"
>  8 | import { HomeHeroSection } from "@/components/home/home-hero-section"
     | ^^^^^^^^^^^^^^^^^^^^^^^^^^^^^^^^^^^^^^^^^^^^^^^^^^^^^^^^^^^^^^^^^^^^^
   9 | import {
  10 |   HomeCategoryBar,
  11 |   HomeCommunityCta,

Import map: aliased to relative './src/components/home/home-hero-section' inside of [project]/

https://nextjs.org/docs/messages/module-not-found @ http://127.0.0.1:3000/_next/static/chunks/node_modules_next_dist_f3530cac._.js:3127
[  389418ms] [ERROR] ./src/app/page.tsx:8:1
Module not found: Can't resolve '@/components/home/home-hero-section'
   6 | import { ActiveJamBanner } from "@/components/jams/active-jam-banner"
   7 | import { HomeGameLane } from "@/components/home/home-game-lane"
>  8 | import { HomeHeroSection } from "@/components/home/home-hero-section"
     | ^^^^^^^^^^^^^^^^^^^^^^^^^^^^^^^^^^^^^^^^^^^^^^^^^^^^^^^^^^^^^^^^^^^^^
   9 | import {
  10 |   HomeCategoryBar,
  11 |   HomeCommunityCta,

Import map: aliased to relative './src/components/home/home-hero-section' inside of [project]/

https://nextjs.org/docs/messages/module-not-found @ http://127.0.0.1:3000/_next/static/chunks/node_modules_next_dist_f3530cac._.js:3127
[  389484ms] [ERROR] ./src/app/page.tsx:8:1
Module not found: Can't resolve '@/components/home/home-hero-section'
   6 | import { ActiveJamBanner } from "@/components/jams/active-jam-banner"
   7 | import { HomeGameLane } from "@/components/home/home-game-lane"
>  8 | import { HomeHeroSection } from "@/components/home/home-hero-section"
     | ^^^^^^^^^^^^^^^^^^^^^^^^^^^^^^^^^^^^^^^^^^^^^^^^^^^^^^^^^^^^^^^^^^^^^
   9 | import {
  10 |   HomeCategoryBar,
  11 |   HomeCommunityCta,

Import map: aliased to relative './src/components/home/home-hero-section' inside of [project]/

https://nextjs.org/docs/messages/module-not-found @ http://127.0.0.1:3000/_next/static/chunks/node_modules_next_dist_f3530cac._.js:3127
[  389550ms] [ERROR] ./src/app/page.tsx:8:1
Module not found: Can't resolve '@/components/home/home-hero-section'
   6 | import { ActiveJamBanner } from "@/components/jams/active-jam-banner"
   7 | import { HomeGameLane } from "@/components/home/home-game-lane"
>  8 | import { HomeHeroSection } from "@/components/home/home-hero-section"
     | ^^^^^^^^^^^^^^^^^^^^^^^^^^^^^^^^^^^^^^^^^^^^^^^^^^^^^^^^^^^^^^^^^^^^^
   9 | import {
  10 |   HomeCategoryBar,
  11 |   HomeCommunityCta,

Import map: aliased to relative './src/components/home/home-hero-section' inside of [project]/

https://nextjs.org/docs/messages/module-not-found @ http://127.0.0.1:3000/_next/static/chunks/node_modules_next_dist_f3530cac._.js:3127
[  389620ms] [ERROR] ./src/app/page.tsx:8:1
Module not found: Can't resolve '@/components/home/home-hero-section'
   6 | import { ActiveJamBanner } from "@/components/jams/active-jam-banner"
   7 | import { HomeGameLane } from "@/components/home/home-game-lane"
>  8 | import { HomeHeroSection } from "@/components/home/home-hero-section"
     | ^^^^^^^^^^^^^^^^^^^^^^^^^^^^^^^^^^^^^^^^^^^^^^^^^^^^^^^^^^^^^^^^^^^^^
   9 | import {
  10 |   HomeCategoryBar,
  11 |   HomeCommunityCta,

Import map: aliased to relative './src/components/home/home-hero-section' inside of [project]/

https://nextjs.org/docs/messages/module-not-found @ http://127.0.0.1:3000/_next/static/chunks/node_modules_next_dist_f3530cac._.js:3127
[  389713ms] [ERROR] ./src/app/page.tsx:8:1
Module not found: Can't resolve '@/components/home/home-hero-section'
   6 | import { ActiveJamBanner } from "@/components/jams/active-jam-banner"
   7 | import { HomeGameLane } from "@/components/home/home-game-lane"
>  8 | import { HomeHeroSection } from "@/components/home/home-hero-section"
     | ^^^^^^^^^^^^^^^^^^^^^^^^^^^^^^^^^^^^^^^^^^^^^^^^^^^^^^^^^^^^^^^^^^^^^
   9 | import {
  10 |   HomeCategoryBar,
  11 |   HomeCommunityCta,

Import map: aliased to relative './src/components/home/home-hero-section' inside of [project]/

https://nextjs.org/docs/messages/module-not-found @ http://127.0.0.1:3000/_next/static/chunks/node_modules_next_dist_f3530cac._.js:3127
[  389788ms] [ERROR] ./src/app/page.tsx:8:1
Module not found: Can't resolve '@/components/home/home-hero-section'
   6 | import { ActiveJamBanner } from "@/components/jams/active-jam-banner"
   7 | import { HomeGameLane } from "@/components/home/home-game-lane"
>  8 | import { HomeHeroSection } from "@/components/home/home-hero-section"
     | ^^^^^^^^^^^^^^^^^^^^^^^^^^^^^^^^^^^^^^^^^^^^^^^^^^^^^^^^^^^^^^^^^^^^^
   9 | import {
  10 |   HomeCategoryBar,
  11 |   HomeCommunityCta,

Import map: aliased to relative './src/components/home/home-hero-section' inside of [project]/

https://nextjs.org/docs/messages/module-not-found @ http://127.0.0.1:3000/_next/static/chunks/node_modules_next_dist_f3530cac._.js:3127
[  389856ms] [ERROR] ./src/app/page.tsx:8:1
Module not found: Can't resolve '@/components/home/home-hero-section'
   6 | import { ActiveJamBanner } from "@/components/jams/active-jam-banner"
   7 | import { HomeGameLane } from "@/components/home/home-game-lane"
>  8 | import { HomeHeroSection } from "@/components/home/home-hero-section"
     | ^^^^^^^^^^^^^^^^^^^^^^^^^^^^^^^^^^^^^^^^^^^^^^^^^^^^^^^^^^^^^^^^^^^^^
   9 | import {
  10 |   HomeCategoryBar,
  11 |   HomeCommunityCta,

Import map: aliased to relative './src/components/home/home-hero-section' inside of [project]/

https://nextjs.org/docs/messages/module-not-found @ http://127.0.0.1:3000/_next/static/chunks/node_modules_next_dist_f3530cac._.js:3127
[  389937ms] [ERROR] ./src/app/page.tsx:8:1
Module not found: Can't resolve '@/components/home/home-hero-section'
   6 | import { ActiveJamBanner } from "@/components/jams/active-jam-banner"
   7 | import { HomeGameLane } from "@/components/home/home-game-lane"
>  8 | import { HomeHeroSection } from "@/components/home/home-hero-section"
     | ^^^^^^^^^^^^^^^^^^^^^^^^^^^^^^^^^^^^^^^^^^^^^^^^^^^^^^^^^^^^^^^^^^^^^
   9 | import {
  10 |   HomeCategoryBar,
  11 |   HomeCommunityCta,

Import map: aliased to relative './src/components/home/home-hero-section' inside of [project]/

https://nextjs.org/docs/messages/module-not-found @ http://127.0.0.1:3000/_next/static/chunks/node_modules_next_dist_f3530cac._.js:3127
[  390006ms] [ERROR] ./src/app/page.tsx:8:1
Module not found: Can't resolve '@/components/home/home-hero-section'
   6 | import { ActiveJamBanner } from "@/components/jams/active-jam-banner"
   7 | import { HomeGameLane } from "@/components/home/home-game-lane"
>  8 | import { HomeHeroSection } from "@/components/home/home-hero-section"
     | ^^^^^^^^^^^^^^^^^^^^^^^^^^^^^^^^^^^^^^^^^^^^^^^^^^^^^^^^^^^^^^^^^^^^^
   9 | import {
  10 |   HomeCategoryBar,
  11 |   HomeCommunityCta,

Import map: aliased to relative './src/components/home/home-hero-section' inside of [project]/

https://nextjs.org/docs/messages/module-not-found @ http://127.0.0.1:3000/_next/static/chunks/node_modules_next_dist_f3530cac._.js:3127
[  390070ms] [ERROR] ./src/app/page.tsx:8:1
Module not found: Can't resolve '@/components/home/home-hero-section'
   6 | import { ActiveJamBanner } from "@/components/jams/active-jam-banner"
   7 | import { HomeGameLane } from "@/components/home/home-game-lane"
>  8 | import { HomeHeroSection } from "@/components/home/home-hero-section"
     | ^^^^^^^^^^^^^^^^^^^^^^^^^^^^^^^^^^^^^^^^^^^^^^^^^^^^^^^^^^^^^^^^^^^^^
   9 | import {
  10 |   HomeCategoryBar,
  11 |   HomeCommunityCta,

Import map: aliased to relative './src/components/home/home-hero-section' inside of [project]/

https://nextjs.org/docs/messages/module-not-found @ http://127.0.0.1:3000/_next/static/chunks/node_modules_next_dist_f3530cac._.js:3127
[  390126ms] [ERROR] ./src/app/page.tsx:8:1
Module not found: Can't resolve '@/components/home/home-hero-section'
   6 | import { ActiveJamBanner } from "@/components/jams/active-jam-banner"
   7 | import { HomeGameLane } from "@/components/home/home-game-lane"
>  8 | import { HomeHeroSection } from "@/components/home/home-hero-section"
     | ^^^^^^^^^^^^^^^^^^^^^^^^^^^^^^^^^^^^^^^^^^^^^^^^^^^^^^^^^^^^^^^^^^^^^
   9 | import {
  10 |   HomeCategoryBar,
  11 |   HomeCommunityCta,

Import map: aliased to relative './src/components/home/home-hero-section' inside of [project]/

https://nextjs.org/docs/messages/module-not-found @ http://127.0.0.1:3000/_next/static/chunks/node_modules_next_dist_f3530cac._.js:3127
[  390186ms] [ERROR] ./src/app/page.tsx:8:1
Module not found: Can't resolve '@/components/home/home-hero-section'
   6 | import { ActiveJamBanner } from "@/components/jams/active-jam-banner"
   7 | import { HomeGameLane } from "@/components/home/home-game-lane"
>  8 | import { HomeHeroSection } from "@/components/home/home-hero-section"
     | ^^^^^^^^^^^^^^^^^^^^^^^^^^^^^^^^^^^^^^^^^^^^^^^^^^^^^^^^^^^^^^^^^^^^^
   9 | import {
  10 |   HomeCategoryBar,
  11 |   HomeCommunityCta,

Import map: aliased to relative './src/components/home/home-hero-section' inside of [project]/

https://nextjs.org/docs/messages/module-not-found @ http://127.0.0.1:3000/_next/static/chunks/node_modules_next_dist_f3530cac._.js:3127
[  390249ms] [ERROR] ./src/app/page.tsx:8:1
Module not found: Can't resolve '@/components/home/home-hero-section'
   6 | import { ActiveJamBanner } from "@/components/jams/active-jam-banner"
   7 | import { HomeGameLane } from "@/components/home/home-game-lane"
>  8 | import { HomeHeroSection } from "@/components/home/home-hero-section"
     | ^^^^^^^^^^^^^^^^^^^^^^^^^^^^^^^^^^^^^^^^^^^^^^^^^^^^^^^^^^^^^^^^^^^^^
   9 | import {
  10 |   HomeCategoryBar,
  11 |   HomeCommunityCta,

Import map: aliased to relative './src/components/home/home-hero-section' inside of [project]/

https://nextjs.org/docs/messages/module-not-found @ http://127.0.0.1:3000/_next/static/chunks/node_modules_next_dist_f3530cac._.js:3127
[  390316ms] [ERROR] ./src/app/page.tsx:8:1
Module not found: Can't resolve '@/components/home/home-hero-section'
   6 | import { ActiveJamBanner } from "@/components/jams/active-jam-banner"
   7 | import { HomeGameLane } from "@/components/home/home-game-lane"
>  8 | import { HomeHeroSection } from "@/components/home/home-hero-section"
     | ^^^^^^^^^^^^^^^^^^^^^^^^^^^^^^^^^^^^^^^^^^^^^^^^^^^^^^^^^^^^^^^^^^^^^
   9 | import {
  10 |   HomeCategoryBar,
  11 |   HomeCommunityCta,

Import map: aliased to relative './src/components/home/home-hero-section' inside of [project]/

https://nextjs.org/docs/messages/module-not-found @ http://127.0.0.1:3000/_next/static/chunks/node_modules_next_dist_f3530cac._.js:3127
[  390382ms] [ERROR] ./src/app/page.tsx:8:1
Module not found: Can't resolve '@/components/home/home-hero-section'
   6 | import { ActiveJamBanner } from "@/components/jams/active-jam-banner"
   7 | import { HomeGameLane } from "@/components/home/home-game-lane"
>  8 | import { HomeHeroSection } from "@/components/home/home-hero-section"
     | ^^^^^^^^^^^^^^^^^^^^^^^^^^^^^^^^^^^^^^^^^^^^^^^^^^^^^^^^^^^^^^^^^^^^^
   9 | import {
  10 |   HomeCategoryBar,
  11 |   HomeCommunityCta,

Import map: aliased to relative './src/components/home/home-hero-section' inside of [project]/

https://nextjs.org/docs/messages/module-not-found @ http://127.0.0.1:3000/_next/static/chunks/node_modules_next_dist_f3530cac._.js:3127
[  390446ms] [ERROR] ./src/app/page.tsx:8:1
Module not found: Can't resolve '@/components/home/home-hero-section'
   6 | import { ActiveJamBanner } from "@/components/jams/active-jam-banner"
   7 | import { HomeGameLane } from "@/components/home/home-game-lane"
>  8 | import { HomeHeroSection } from "@/components/home/home-hero-section"
     | ^^^^^^^^^^^^^^^^^^^^^^^^^^^^^^^^^^^^^^^^^^^^^^^^^^^^^^^^^^^^^^^^^^^^^
   9 | import {
  10 |   HomeCategoryBar,
  11 |   HomeCommunityCta,

Import map: aliased to relative './src/components/home/home-hero-section' inside of [project]/

https://nextjs.org/docs/messages/module-not-found @ http://127.0.0.1:3000/_next/static/chunks/node_modules_next_dist_f3530cac._.js:3127
[  390517ms] [ERROR] ./src/app/page.tsx:8:1
Module not found: Can't resolve '@/components/home/home-hero-section'
   6 | import { ActiveJamBanner } from "@/components/jams/active-jam-banner"
   7 | import { HomeGameLane } from "@/components/home/home-game-lane"
>  8 | import { HomeHeroSection } from "@/components/home/home-hero-section"
     | ^^^^^^^^^^^^^^^^^^^^^^^^^^^^^^^^^^^^^^^^^^^^^^^^^^^^^^^^^^^^^^^^^^^^^
   9 | import {
  10 |   HomeCategoryBar,
  11 |   HomeCommunityCta,

Import map: aliased to relative './src/components/home/home-hero-section' inside of [project]/

https://nextjs.org/docs/messages/module-not-found @ http://127.0.0.1:3000/_next/static/chunks/node_modules_next_dist_f3530cac._.js:3127
[  390581ms] [ERROR] ./src/app/page.tsx:8:1
Module not found: Can't resolve '@/components/home/home-hero-section'
   6 | import { ActiveJamBanner } from "@/components/jams/active-jam-banner"
   7 | import { HomeGameLane } from "@/components/home/home-game-lane"
>  8 | import { HomeHeroSection } from "@/components/home/home-hero-section"
     | ^^^^^^^^^^^^^^^^^^^^^^^^^^^^^^^^^^^^^^^^^^^^^^^^^^^^^^^^^^^^^^^^^^^^^
   9 | import {
  10 |   HomeCategoryBar,
  11 |   HomeCommunityCta,

Import map: aliased to relative './src/components/home/home-hero-section' inside of [project]/

https://nextjs.org/docs/messages/module-not-found @ http://127.0.0.1:3000/_next/static/chunks/node_modules_next_dist_f3530cac._.js:3127
[  390653ms] [ERROR] ./src/app/page.tsx:8:1
Module not found: Can't resolve '@/components/home/home-hero-section'
   6 | import { ActiveJamBanner } from "@/components/jams/active-jam-banner"
   7 | import { HomeGameLane } from "@/components/home/home-game-lane"
>  8 | import { HomeHeroSection } from "@/components/home/home-hero-section"
     | ^^^^^^^^^^^^^^^^^^^^^^^^^^^^^^^^^^^^^^^^^^^^^^^^^^^^^^^^^^^^^^^^^^^^^
   9 | import {
  10 |   HomeCategoryBar,
  11 |   HomeCommunityCta,

Import map: aliased to relative './src/components/home/home-hero-section' inside of [project]/

https://nextjs.org/docs/messages/module-not-found @ http://127.0.0.1:3000/_next/static/chunks/node_modules_next_dist_f3530cac._.js:3127
[  390720ms] [ERROR] ./src/app/page.tsx:8:1
Module not found: Can't resolve '@/components/home/home-hero-section'
   6 | import { ActiveJamBanner } from "@/components/jams/active-jam-banner"
   7 | import { HomeGameLane } from "@/components/home/home-game-lane"
>  8 | import { HomeHeroSection } from "@/components/home/home-hero-section"
     | ^^^^^^^^^^^^^^^^^^^^^^^^^^^^^^^^^^^^^^^^^^^^^^^^^^^^^^^^^^^^^^^^^^^^^
   9 | import {
  10 |   HomeCategoryBar,
  11 |   HomeCommunityCta,

Import map: aliased to relative './src/components/home/home-hero-section' inside of [project]/

https://nextjs.org/docs/messages/module-not-found @ http://127.0.0.1:3000/_next/static/chunks/node_modules_next_dist_f3530cac._.js:3127
[  390784ms] [ERROR] ./src/app/page.tsx:8:1
Module not found: Can't resolve '@/components/home/home-hero-section'
   6 | import { ActiveJamBanner } from "@/components/jams/active-jam-banner"
   7 | import { HomeGameLane } from "@/components/home/home-game-lane"
>  8 | import { HomeHeroSection } from "@/components/home/home-hero-section"
     | ^^^^^^^^^^^^^^^^^^^^^^^^^^^^^^^^^^^^^^^^^^^^^^^^^^^^^^^^^^^^^^^^^^^^^
   9 | import {
  10 |   HomeCategoryBar,
  11 |   HomeCommunityCta,

Import map: aliased to relative './src/components/home/home-hero-section' inside of [project]/

https://nextjs.org/docs/messages/module-not-found @ http://127.0.0.1:3000/_next/static/chunks/node_modules_next_dist_f3530cac._.js:3127
[  390857ms] [ERROR] ./src/app/page.tsx:8:1
Module not found: Can't resolve '@/components/home/home-hero-section'
   6 | import { ActiveJamBanner } from "@/components/jams/active-jam-banner"
   7 | import { HomeGameLane } from "@/components/home/home-game-lane"
>  8 | import { HomeHeroSection } from "@/components/home/home-hero-section"
     | ^^^^^^^^^^^^^^^^^^^^^^^^^^^^^^^^^^^^^^^^^^^^^^^^^^^^^^^^^^^^^^^^^^^^^
   9 | import {
  10 |   HomeCategoryBar,
  11 |   HomeCommunityCta,

Import map: aliased to relative './src/components/home/home-hero-section' inside of [project]/

https://nextjs.org/docs/messages/module-not-found @ http://127.0.0.1:3000/_next/static/chunks/node_modules_next_dist_f3530cac._.js:3127
[  390920ms] [ERROR] ./src/app/page.tsx:8:1
Module not found: Can't resolve '@/components/home/home-hero-section'
   6 | import { ActiveJamBanner } from "@/components/jams/active-jam-banner"
   7 | import { HomeGameLane } from "@/components/home/home-game-lane"
>  8 | import { HomeHeroSection } from "@/components/home/home-hero-section"
     | ^^^^^^^^^^^^^^^^^^^^^^^^^^^^^^^^^^^^^^^^^^^^^^^^^^^^^^^^^^^^^^^^^^^^^
   9 | import {
  10 |   HomeCategoryBar,
  11 |   HomeCommunityCta,

Import map: aliased to relative './src/components/home/home-hero-section' inside of [project]/

https://nextjs.org/docs/messages/module-not-found @ http://127.0.0.1:3000/_next/static/chunks/node_modules_next_dist_f3530cac._.js:3127
[  390983ms] [ERROR] ./src/app/page.tsx:8:1
Module not found: Can't resolve '@/components/home/home-hero-section'
   6 | import { ActiveJamBanner } from "@/components/jams/active-jam-banner"
   7 | import { HomeGameLane } from "@/components/home/home-game-lane"
>  8 | import { HomeHeroSection } from "@/components/home/home-hero-section"
     | ^^^^^^^^^^^^^^^^^^^^^^^^^^^^^^^^^^^^^^^^^^^^^^^^^^^^^^^^^^^^^^^^^^^^^
   9 | import {
  10 |   HomeCategoryBar,
  11 |   HomeCommunityCta,

Import map: aliased to relative './src/components/home/home-hero-section' inside of [project]/

https://nextjs.org/docs/messages/module-not-found @ http://127.0.0.1:3000/_next/static/chunks/node_modules_next_dist_f3530cac._.js:3127
[  391049ms] [ERROR] ./src/app/page.tsx:8:1
Module not found: Can't resolve '@/components/home/home-hero-section'
   6 | import { ActiveJamBanner } from "@/components/jams/active-jam-banner"
   7 | import { HomeGameLane } from "@/components/home/home-game-lane"
>  8 | import { HomeHeroSection } from "@/components/home/home-hero-section"
     | ^^^^^^^^^^^^^^^^^^^^^^^^^^^^^^^^^^^^^^^^^^^^^^^^^^^^^^^^^^^^^^^^^^^^^
   9 | import {
  10 |   HomeCategoryBar,
  11 |   HomeCommunityCta,

Import map: aliased to relative './src/components/home/home-hero-section' inside of [project]/

https://nextjs.org/docs/messages/module-not-found @ http://127.0.0.1:3000/_next/static/chunks/node_modules_next_dist_f3530cac._.js:3127
[  391118ms] [ERROR] ./src/app/page.tsx:8:1
Module not found: Can't resolve '@/components/home/home-hero-section'
   6 | import { ActiveJamBanner } from "@/components/jams/active-jam-banner"
   7 | import { HomeGameLane } from "@/components/home/home-game-lane"
>  8 | import { HomeHeroSection } from "@/components/home/home-hero-section"
     | ^^^^^^^^^^^^^^^^^^^^^^^^^^^^^^^^^^^^^^^^^^^^^^^^^^^^^^^^^^^^^^^^^^^^^
   9 | import {
  10 |   HomeCategoryBar,
  11 |   HomeCommunityCta,

Import map: aliased to relative './src/components/home/home-hero-section' inside of [project]/

https://nextjs.org/docs/messages/module-not-found @ http://127.0.0.1:3000/_next/static/chunks/node_modules_next_dist_f3530cac._.js:3127
[  391195ms] [ERROR] ./src/app/page.tsx:8:1
Module not found: Can't resolve '@/components/home/home-hero-section'
   6 | import { ActiveJamBanner } from "@/components/jams/active-jam-banner"
   7 | import { HomeGameLane } from "@/components/home/home-game-lane"
>  8 | import { HomeHeroSection } from "@/components/home/home-hero-section"
     | ^^^^^^^^^^^^^^^^^^^^^^^^^^^^^^^^^^^^^^^^^^^^^^^^^^^^^^^^^^^^^^^^^^^^^
   9 | import {
  10 |   HomeCategoryBar,
  11 |   HomeCommunityCta,

Import map: aliased to relative './src/components/home/home-hero-section' inside of [project]/

https://nextjs.org/docs/messages/module-not-found @ http://127.0.0.1:3000/_next/static/chunks/node_modules_next_dist_f3530cac._.js:3127
[  391266ms] [ERROR] ./src/app/page.tsx:8:1
Module not found: Can't resolve '@/components/home/home-hero-section'
   6 | import { ActiveJamBanner } from "@/components/jams/active-jam-banner"
   7 | import { HomeGameLane } from "@/components/home/home-game-lane"
>  8 | import { HomeHeroSection } from "@/components/home/home-hero-section"
     | ^^^^^^^^^^^^^^^^^^^^^^^^^^^^^^^^^^^^^^^^^^^^^^^^^^^^^^^^^^^^^^^^^^^^^
   9 | import {
  10 |   HomeCategoryBar,
  11 |   HomeCommunityCta,

Import map: aliased to relative './src/components/home/home-hero-section' inside of [project]/

https://nextjs.org/docs/messages/module-not-found @ http://127.0.0.1:3000/_next/static/chunks/node_modules_next_dist_f3530cac._.js:3127
[  391333ms] [ERROR] ./src/app/page.tsx:8:1
Module not found: Can't resolve '@/components/home/home-hero-section'
   6 | import { ActiveJamBanner } from "@/components/jams/active-jam-banner"
   7 | import { HomeGameLane } from "@/components/home/home-game-lane"
>  8 | import { HomeHeroSection } from "@/components/home/home-hero-section"
     | ^^^^^^^^^^^^^^^^^^^^^^^^^^^^^^^^^^^^^^^^^^^^^^^^^^^^^^^^^^^^^^^^^^^^^
   9 | import {
  10 |   HomeCategoryBar,
  11 |   HomeCommunityCta,

Import map: aliased to relative './src/components/home/home-hero-section' inside of [project]/

https://nextjs.org/docs/messages/module-not-found @ http://127.0.0.1:3000/_next/static/chunks/node_modules_next_dist_f3530cac._.js:3127
[  391401ms] [ERROR] ./src/app/page.tsx:8:1
Module not found: Can't resolve '@/components/home/home-hero-section'
   6 | import { ActiveJamBanner } from "@/components/jams/active-jam-banner"
   7 | import { HomeGameLane } from "@/components/home/home-game-lane"
>  8 | import { HomeHeroSection } from "@/components/home/home-hero-section"
     | ^^^^^^^^^^^^^^^^^^^^^^^^^^^^^^^^^^^^^^^^^^^^^^^^^^^^^^^^^^^^^^^^^^^^^
   9 | import {
  10 |   HomeCategoryBar,
  11 |   HomeCommunityCta,

Import map: aliased to relative './src/components/home/home-hero-section' inside of [project]/

https://nextjs.org/docs/messages/module-not-found @ http://127.0.0.1:3000/_next/static/chunks/node_modules_next_dist_f3530cac._.js:3127
[  391463ms] [ERROR] ./src/app/page.tsx:8:1
Module not found: Can't resolve '@/components/home/home-hero-section'
   6 | import { ActiveJamBanner } from "@/components/jams/active-jam-banner"
   7 | import { HomeGameLane } from "@/components/home/home-game-lane"
>  8 | import { HomeHeroSection } from "@/components/home/home-hero-section"
     | ^^^^^^^^^^^^^^^^^^^^^^^^^^^^^^^^^^^^^^^^^^^^^^^^^^^^^^^^^^^^^^^^^^^^^
   9 | import {
  10 |   HomeCategoryBar,
  11 |   HomeCommunityCta,

Import map: aliased to relative './src/components/home/home-hero-section' inside of [project]/

https://nextjs.org/docs/messages/module-not-found @ http://127.0.0.1:3000/_next/static/chunks/node_modules_next_dist_f3530cac._.js:3127
[  391532ms] [ERROR] ./src/app/page.tsx:8:1
Module not found: Can't resolve '@/components/home/home-hero-section'
   6 | import { ActiveJamBanner } from "@/components/jams/active-jam-banner"
   7 | import { HomeGameLane } from "@/components/home/home-game-lane"
>  8 | import { HomeHeroSection } from "@/components/home/home-hero-section"
     | ^^^^^^^^^^^^^^^^^^^^^^^^^^^^^^^^^^^^^^^^^^^^^^^^^^^^^^^^^^^^^^^^^^^^^
   9 | import {
  10 |   HomeCategoryBar,
  11 |   HomeCommunityCta,

Import map: aliased to relative './src/components/home/home-hero-section' inside of [project]/

https://nextjs.org/docs/messages/module-not-found @ http://127.0.0.1:3000/_next/static/chunks/node_modules_next_dist_f3530cac._.js:3127
[  391596ms] [ERROR] ./src/app/page.tsx:8:1
Module not found: Can't resolve '@/components/home/home-hero-section'
   6 | import { ActiveJamBanner } from "@/components/jams/active-jam-banner"
   7 | import { HomeGameLane } from "@/components/home/home-game-lane"
>  8 | import { HomeHeroSection } from "@/components/home/home-hero-section"
     | ^^^^^^^^^^^^^^^^^^^^^^^^^^^^^^^^^^^^^^^^^^^^^^^^^^^^^^^^^^^^^^^^^^^^^
   9 | import {
  10 |   HomeCategoryBar,
  11 |   HomeCommunityCta,

Import map: aliased to relative './src/components/home/home-hero-section' inside of [project]/

https://nextjs.org/docs/messages/module-not-found @ http://127.0.0.1:3000/_next/static/chunks/node_modules_next_dist_f3530cac._.js:3127
[  391648ms] [ERROR] ./src/app/page.tsx:8:1
Module not found: Can't resolve '@/components/home/home-hero-section'
   6 | import { ActiveJamBanner } from "@/components/jams/active-jam-banner"
   7 | import { HomeGameLane } from "@/components/home/home-game-lane"
>  8 | import { HomeHeroSection } from "@/components/home/home-hero-section"
     | ^^^^^^^^^^^^^^^^^^^^^^^^^^^^^^^^^^^^^^^^^^^^^^^^^^^^^^^^^^^^^^^^^^^^^
   9 | import {
  10 |   HomeCategoryBar,
  11 |   HomeCommunityCta,

Import map: aliased to relative './src/components/home/home-hero-section' inside of [project]/

https://nextjs.org/docs/messages/module-not-found @ http://127.0.0.1:3000/_next/static/chunks/node_modules_next_dist_f3530cac._.js:3127
[  391714ms] [ERROR] ./src/app/page.tsx:8:1
Module not found: Can't resolve '@/components/home/home-hero-section'
   6 | import { ActiveJamBanner } from "@/components/jams/active-jam-banner"
   7 | import { HomeGameLane } from "@/components/home/home-game-lane"
>  8 | import { HomeHeroSection } from "@/components/home/home-hero-section"
     | ^^^^^^^^^^^^^^^^^^^^^^^^^^^^^^^^^^^^^^^^^^^^^^^^^^^^^^^^^^^^^^^^^^^^^
   9 | import {
  10 |   HomeCategoryBar,
  11 |   HomeCommunityCta,

Import map: aliased to relative './src/components/home/home-hero-section' inside of [project]/

https://nextjs.org/docs/messages/module-not-found @ http://127.0.0.1:3000/_next/static/chunks/node_modules_next_dist_f3530cac._.js:3127
[  391783ms] [ERROR] ./src/app/page.tsx:8:1
Module not found: Can't resolve '@/components/home/home-hero-section'
   6 | import { ActiveJamBanner } from "@/components/jams/active-jam-banner"
   7 | import { HomeGameLane } from "@/components/home/home-game-lane"
>  8 | import { HomeHeroSection } from "@/components/home/home-hero-section"
     | ^^^^^^^^^^^^^^^^^^^^^^^^^^^^^^^^^^^^^^^^^^^^^^^^^^^^^^^^^^^^^^^^^^^^^
   9 | import {
  10 |   HomeCategoryBar,
  11 |   HomeCommunityCta,

Import map: aliased to relative './src/components/home/home-hero-section' inside of [project]/

https://nextjs.org/docs/messages/module-not-found @ http://127.0.0.1:3000/_next/static/chunks/node_modules_next_dist_f3530cac._.js:3127
[  391850ms] [ERROR] ./src/app/page.tsx:8:1
Module not found: Can't resolve '@/components/home/home-hero-section'
   6 | import { ActiveJamBanner } from "@/components/jams/active-jam-banner"
   7 | import { HomeGameLane } from "@/components/home/home-game-lane"
>  8 | import { HomeHeroSection } from "@/components/home/home-hero-section"
     | ^^^^^^^^^^^^^^^^^^^^^^^^^^^^^^^^^^^^^^^^^^^^^^^^^^^^^^^^^^^^^^^^^^^^^
   9 | import {
  10 |   HomeCategoryBar,
  11 |   HomeCommunityCta,

Import map: aliased to relative './src/components/home/home-hero-section' inside of [project]/

https://nextjs.org/docs/messages/module-not-found @ http://127.0.0.1:3000/_next/static/chunks/node_modules_next_dist_f3530cac._.js:3127
[  391917ms] [ERROR] ./src/app/page.tsx:8:1
Module not found: Can't resolve '@/components/home/home-hero-section'
   6 | import { ActiveJamBanner } from "@/components/jams/active-jam-banner"
   7 | import { HomeGameLane } from "@/components/home/home-game-lane"
>  8 | import { HomeHeroSection } from "@/components/home/home-hero-section"
     | ^^^^^^^^^^^^^^^^^^^^^^^^^^^^^^^^^^^^^^^^^^^^^^^^^^^^^^^^^^^^^^^^^^^^^
   9 | import {
  10 |   HomeCategoryBar,
  11 |   HomeCommunityCta,

Import map: aliased to relative './src/components/home/home-hero-section' inside of [project]/

https://nextjs.org/docs/messages/module-not-found @ http://127.0.0.1:3000/_next/static/chunks/node_modules_next_dist_f3530cac._.js:3127
[  391979ms] [ERROR] ./src/app/page.tsx:8:1
Module not found: Can't resolve '@/components/home/home-hero-section'
   6 | import { ActiveJamBanner } from "@/components/jams/active-jam-banner"
   7 | import { HomeGameLane } from "@/components/home/home-game-lane"
>  8 | import { HomeHeroSection } from "@/components/home/home-hero-section"
     | ^^^^^^^^^^^^^^^^^^^^^^^^^^^^^^^^^^^^^^^^^^^^^^^^^^^^^^^^^^^^^^^^^^^^^
   9 | import {
  10 |   HomeCategoryBar,
  11 |   HomeCommunityCta,

Import map: aliased to relative './src/components/home/home-hero-section' inside of [project]/

https://nextjs.org/docs/messages/module-not-found @ http://127.0.0.1:3000/_next/static/chunks/node_modules_next_dist_f3530cac._.js:3127
[  392049ms] [ERROR] ./src/app/page.tsx:8:1
Module not found: Can't resolve '@/components/home/home-hero-section'
   6 | import { ActiveJamBanner } from "@/components/jams/active-jam-banner"
   7 | import { HomeGameLane } from "@/components/home/home-game-lane"
>  8 | import { HomeHeroSection } from "@/components/home/home-hero-section"
     | ^^^^^^^^^^^^^^^^^^^^^^^^^^^^^^^^^^^^^^^^^^^^^^^^^^^^^^^^^^^^^^^^^^^^^
   9 | import {
  10 |   HomeCategoryBar,
  11 |   HomeCommunityCta,

Import map: aliased to relative './src/components/home/home-hero-section' inside of [project]/

https://nextjs.org/docs/messages/module-not-found @ http://127.0.0.1:3000/_next/static/chunks/node_modules_next_dist_f3530cac._.js:3127
[  392102ms] [ERROR] ./src/app/page.tsx:8:1
Module not found: Can't resolve '@/components/home/home-hero-section'
   6 | import { ActiveJamBanner } from "@/components/jams/active-jam-banner"
   7 | import { HomeGameLane } from "@/components/home/home-game-lane"
>  8 | import { HomeHeroSection } from "@/components/home/home-hero-section"
     | ^^^^^^^^^^^^^^^^^^^^^^^^^^^^^^^^^^^^^^^^^^^^^^^^^^^^^^^^^^^^^^^^^^^^^
   9 | import {
  10 |   HomeCategoryBar,
  11 |   HomeCommunityCta,

Import map: aliased to relative './src/components/home/home-hero-section' inside of [project]/

https://nextjs.org/docs/messages/module-not-found @ http://127.0.0.1:3000/_next/static/chunks/node_modules_next_dist_f3530cac._.js:3127
[  392163ms] [ERROR] ./src/app/page.tsx:8:1
Module not found: Can't resolve '@/components/home/home-hero-section'
   6 | import { ActiveJamBanner } from "@/components/jams/active-jam-banner"
   7 | import { HomeGameLane } from "@/components/home/home-game-lane"
>  8 | import { HomeHeroSection } from "@/components/home/home-hero-section"
     | ^^^^^^^^^^^^^^^^^^^^^^^^^^^^^^^^^^^^^^^^^^^^^^^^^^^^^^^^^^^^^^^^^^^^^
   9 | import {
  10 |   HomeCategoryBar,
  11 |   HomeCommunityCta,

Import map: aliased to relative './src/components/home/home-hero-section' inside of [project]/

https://nextjs.org/docs/messages/module-not-found @ http://127.0.0.1:3000/_next/static/chunks/node_modules_next_dist_f3530cac._.js:3127
[  392234ms] [ERROR] ./src/app/page.tsx:8:1
Module not found: Can't resolve '@/components/home/home-hero-section'
   6 | import { ActiveJamBanner } from "@/components/jams/active-jam-banner"
   7 | import { HomeGameLane } from "@/components/home/home-game-lane"
>  8 | import { HomeHeroSection } from "@/components/home/home-hero-section"
     | ^^^^^^^^^^^^^^^^^^^^^^^^^^^^^^^^^^^^^^^^^^^^^^^^^^^^^^^^^^^^^^^^^^^^^
   9 | import {
  10 |   HomeCategoryBar,
  11 |   HomeCommunityCta,

Import map: aliased to relative './src/components/home/home-hero-section' inside of [project]/

https://nextjs.org/docs/messages/module-not-found @ http://127.0.0.1:3000/_next/static/chunks/node_modules_next_dist_f3530cac._.js:3127
[  392302ms] [ERROR] ./src/app/page.tsx:8:1
Module not found: Can't resolve '@/components/home/home-hero-section'
   6 | import { ActiveJamBanner } from "@/components/jams/active-jam-banner"
   7 | import { HomeGameLane } from "@/components/home/home-game-lane"
>  8 | import { HomeHeroSection } from "@/components/home/home-hero-section"
     | ^^^^^^^^^^^^^^^^^^^^^^^^^^^^^^^^^^^^^^^^^^^^^^^^^^^^^^^^^^^^^^^^^^^^^
   9 | import {
  10 |   HomeCategoryBar,
  11 |   HomeCommunityCta,

Import map: aliased to relative './src/components/home/home-hero-section' inside of [project]/

https://nextjs.org/docs/messages/module-not-found @ http://127.0.0.1:3000/_next/static/chunks/node_modules_next_dist_f3530cac._.js:3127
[  392370ms] [ERROR] ./src/app/page.tsx:8:1
Module not found: Can't resolve '@/components/home/home-hero-section'
   6 | import { ActiveJamBanner } from "@/components/jams/active-jam-banner"
   7 | import { HomeGameLane } from "@/components/home/home-game-lane"
>  8 | import { HomeHeroSection } from "@/components/home/home-hero-section"
     | ^^^^^^^^^^^^^^^^^^^^^^^^^^^^^^^^^^^^^^^^^^^^^^^^^^^^^^^^^^^^^^^^^^^^^
   9 | import {
  10 |   HomeCategoryBar,
  11 |   HomeCommunityCta,

Import map: aliased to relative './src/components/home/home-hero-section' inside of [project]/

https://nextjs.org/docs/messages/module-not-found @ http://127.0.0.1:3000/_next/static/chunks/node_modules_next_dist_f3530cac._.js:3127
[  392431ms] [ERROR] ./src/app/page.tsx:8:1
Module not found: Can't resolve '@/components/home/home-hero-section'
   6 | import { ActiveJamBanner } from "@/components/jams/active-jam-banner"
   7 | import { HomeGameLane } from "@/components/home/home-game-lane"
>  8 | import { HomeHeroSection } from "@/components/home/home-hero-section"
     | ^^^^^^^^^^^^^^^^^^^^^^^^^^^^^^^^^^^^^^^^^^^^^^^^^^^^^^^^^^^^^^^^^^^^^
   9 | import {
  10 |   HomeCategoryBar,
  11 |   HomeCommunityCta,

Import map: aliased to relative './src/components/home/home-hero-section' inside of [project]/

https://nextjs.org/docs/messages/module-not-found @ http://127.0.0.1:3000/_next/static/chunks/node_modules_next_dist_f3530cac._.js:3127
[  392497ms] [ERROR] ./src/app/page.tsx:8:1
Module not found: Can't resolve '@/components/home/home-hero-section'
   6 | import { ActiveJamBanner } from "@/components/jams/active-jam-banner"
   7 | import { HomeGameLane } from "@/components/home/home-game-lane"
>  8 | import { HomeHeroSection } from "@/components/home/home-hero-section"
     | ^^^^^^^^^^^^^^^^^^^^^^^^^^^^^^^^^^^^^^^^^^^^^^^^^^^^^^^^^^^^^^^^^^^^^
   9 | import {
  10 |   HomeCategoryBar,
  11 |   HomeCommunityCta,

Import map: aliased to relative './src/components/home/home-hero-section' inside of [project]/

https://nextjs.org/docs/messages/module-not-found @ http://127.0.0.1:3000/_next/static/chunks/node_modules_next_dist_f3530cac._.js:3127
[  392547ms] [ERROR] ./src/app/page.tsx:8:1
Module not found: Can't resolve '@/components/home/home-hero-section'
   6 | import { ActiveJamBanner } from "@/components/jams/active-jam-banner"
   7 | import { HomeGameLane } from "@/components/home/home-game-lane"
>  8 | import { HomeHeroSection } from "@/components/home/home-hero-section"
     | ^^^^^^^^^^^^^^^^^^^^^^^^^^^^^^^^^^^^^^^^^^^^^^^^^^^^^^^^^^^^^^^^^^^^^
   9 | import {
  10 |   HomeCategoryBar,
  11 |   HomeCommunityCta,

Import map: aliased to relative './src/components/home/home-hero-section' inside of [project]/

https://nextjs.org/docs/messages/module-not-found @ http://127.0.0.1:3000/_next/static/chunks/node_modules_next_dist_f3530cac._.js:3127
[  392612ms] [ERROR] ./src/app/page.tsx:8:1
Module not found: Can't resolve '@/components/home/home-hero-section'
   6 | import { ActiveJamBanner } from "@/components/jams/active-jam-banner"
   7 | import { HomeGameLane } from "@/components/home/home-game-lane"
>  8 | import { HomeHeroSection } from "@/components/home/home-hero-section"
     | ^^^^^^^^^^^^^^^^^^^^^^^^^^^^^^^^^^^^^^^^^^^^^^^^^^^^^^^^^^^^^^^^^^^^^
   9 | import {
  10 |   HomeCategoryBar,
  11 |   HomeCommunityCta,

Import map: aliased to relative './src/components/home/home-hero-section' inside of [project]/

https://nextjs.org/docs/messages/module-not-found @ http://127.0.0.1:3000/_next/static/chunks/node_modules_next_dist_f3530cac._.js:3127
[  392665ms] [ERROR] ./src/app/page.tsx:8:1
Module not found: Can't resolve '@/components/home/home-hero-section'
   6 | import { ActiveJamBanner } from "@/components/jams/active-jam-banner"
   7 | import { HomeGameLane } from "@/components/home/home-game-lane"
>  8 | import { HomeHeroSection } from "@/components/home/home-hero-section"
     | ^^^^^^^^^^^^^^^^^^^^^^^^^^^^^^^^^^^^^^^^^^^^^^^^^^^^^^^^^^^^^^^^^^^^^
   9 | import {
  10 |   HomeCategoryBar,
  11 |   HomeCommunityCta,

Import map: aliased to relative './src/components/home/home-hero-section' inside of [project]/

https://nextjs.org/docs/messages/module-not-found @ http://127.0.0.1:3000/_next/static/chunks/node_modules_next_dist_f3530cac._.js:3127
[  392731ms] [ERROR] ./src/app/page.tsx:8:1
Module not found: Can't resolve '@/components/home/home-hero-section'
   6 | import { ActiveJamBanner } from "@/components/jams/active-jam-banner"
   7 | import { HomeGameLane } from "@/components/home/home-game-lane"
>  8 | import { HomeHeroSection } from "@/components/home/home-hero-section"
     | ^^^^^^^^^^^^^^^^^^^^^^^^^^^^^^^^^^^^^^^^^^^^^^^^^^^^^^^^^^^^^^^^^^^^^
   9 | import {
  10 |   HomeCategoryBar,
  11 |   HomeCommunityCta,

Import map: aliased to relative './src/components/home/home-hero-section' inside of [project]/

https://nextjs.org/docs/messages/module-not-found @ http://127.0.0.1:3000/_next/static/chunks/node_modules_next_dist_f3530cac._.js:3127
[  392795ms] [ERROR] ./src/app/page.tsx:8:1
Module not found: Can't resolve '@/components/home/home-hero-section'
   6 | import { ActiveJamBanner } from "@/components/jams/active-jam-banner"
   7 | import { HomeGameLane } from "@/components/home/home-game-lane"
>  8 | import { HomeHeroSection } from "@/components/home/home-hero-section"
     | ^^^^^^^^^^^^^^^^^^^^^^^^^^^^^^^^^^^^^^^^^^^^^^^^^^^^^^^^^^^^^^^^^^^^^
   9 | import {
  10 |   HomeCategoryBar,
  11 |   HomeCommunityCta,

Import map: aliased to relative './src/components/home/home-hero-section' inside of [project]/

https://nextjs.org/docs/messages/module-not-found @ http://127.0.0.1:3000/_next/static/chunks/node_modules_next_dist_f3530cac._.js:3127
[  392865ms] [ERROR] ./src/app/page.tsx:8:1
Module not found: Can't resolve '@/components/home/home-hero-section'
   6 | import { ActiveJamBanner } from "@/components/jams/active-jam-banner"
   7 | import { HomeGameLane } from "@/components/home/home-game-lane"
>  8 | import { HomeHeroSection } from "@/components/home/home-hero-section"
     | ^^^^^^^^^^^^^^^^^^^^^^^^^^^^^^^^^^^^^^^^^^^^^^^^^^^^^^^^^^^^^^^^^^^^^
   9 | import {
  10 |   HomeCategoryBar,
  11 |   HomeCommunityCta,

Import map: aliased to relative './src/components/home/home-hero-section' inside of [project]/

https://nextjs.org/docs/messages/module-not-found @ http://127.0.0.1:3000/_next/static/chunks/node_modules_next_dist_f3530cac._.js:3127
[  392932ms] [ERROR] ./src/app/page.tsx:8:1
Module not found: Can't resolve '@/components/home/home-hero-section'
   6 | import { ActiveJamBanner } from "@/components/jams/active-jam-banner"
   7 | import { HomeGameLane } from "@/components/home/home-game-lane"
>  8 | import { HomeHeroSection } from "@/components/home/home-hero-section"
     | ^^^^^^^^^^^^^^^^^^^^^^^^^^^^^^^^^^^^^^^^^^^^^^^^^^^^^^^^^^^^^^^^^^^^^
   9 | import {
  10 |   HomeCategoryBar,
  11 |   HomeCommunityCta,

Import map: aliased to relative './src/components/home/home-hero-section' inside of [project]/

https://nextjs.org/docs/messages/module-not-found @ http://127.0.0.1:3000/_next/static/chunks/node_modules_next_dist_f3530cac._.js:3127
[  392994ms] [ERROR] ./src/app/page.tsx:8:1
Module not found: Can't resolve '@/components/home/home-hero-section'
   6 | import { ActiveJamBanner } from "@/components/jams/active-jam-banner"
   7 | import { HomeGameLane } from "@/components/home/home-game-lane"
>  8 | import { HomeHeroSection } from "@/components/home/home-hero-section"
     | ^^^^^^^^^^^^^^^^^^^^^^^^^^^^^^^^^^^^^^^^^^^^^^^^^^^^^^^^^^^^^^^^^^^^^
   9 | import {
  10 |   HomeCategoryBar,
  11 |   HomeCommunityCta,

Import map: aliased to relative './src/components/home/home-hero-section' inside of [project]/

https://nextjs.org/docs/messages/module-not-found @ http://127.0.0.1:3000/_next/static/chunks/node_modules_next_dist_f3530cac._.js:3127
[  393071ms] [ERROR] ./src/app/page.tsx:8:1
Module not found: Can't resolve '@/components/home/home-hero-section'
   6 | import { ActiveJamBanner } from "@/components/jams/active-jam-banner"
   7 | import { HomeGameLane } from "@/components/home/home-game-lane"
>  8 | import { HomeHeroSection } from "@/components/home/home-hero-section"
     | ^^^^^^^^^^^^^^^^^^^^^^^^^^^^^^^^^^^^^^^^^^^^^^^^^^^^^^^^^^^^^^^^^^^^^
   9 | import {
  10 |   HomeCategoryBar,
  11 |   HomeCommunityCta,

Import map: aliased to relative './src/components/home/home-hero-section' inside of [project]/

https://nextjs.org/docs/messages/module-not-found @ http://127.0.0.1:3000/_next/static/chunks/node_modules_next_dist_f3530cac._.js:3127
[  393128ms] [ERROR] ./src/app/page.tsx:8:1
Module not found: Can't resolve '@/components/home/home-hero-section'
   6 | import { ActiveJamBanner } from "@/components/jams/active-jam-banner"
   7 | import { HomeGameLane } from "@/components/home/home-game-lane"
>  8 | import { HomeHeroSection } from "@/components/home/home-hero-section"
     | ^^^^^^^^^^^^^^^^^^^^^^^^^^^^^^^^^^^^^^^^^^^^^^^^^^^^^^^^^^^^^^^^^^^^^
   9 | import {
  10 |   HomeCategoryBar,
  11 |   HomeCommunityCta,

Import map: aliased to relative './src/components/home/home-hero-section' inside of [project]/

https://nextjs.org/docs/messages/module-not-found @ http://127.0.0.1:3000/_next/static/chunks/node_modules_next_dist_f3530cac._.js:3127
[  393181ms] [ERROR] ./src/app/page.tsx:8:1
Module not found: Can't resolve '@/components/home/home-hero-section'
   6 | import { ActiveJamBanner } from "@/components/jams/active-jam-banner"
   7 | import { HomeGameLane } from "@/components/home/home-game-lane"
>  8 | import { HomeHeroSection } from "@/components/home/home-hero-section"
     | ^^^^^^^^^^^^^^^^^^^^^^^^^^^^^^^^^^^^^^^^^^^^^^^^^^^^^^^^^^^^^^^^^^^^^
   9 | import {
  10 |   HomeCategoryBar,
  11 |   HomeCommunityCta,

Import map: aliased to relative './src/components/home/home-hero-section' inside of [project]/

https://nextjs.org/docs/messages/module-not-found @ http://127.0.0.1:3000/_next/static/chunks/node_modules_next_dist_f3530cac._.js:3127
[  393261ms] [ERROR] ./src/app/page.tsx:8:1
Module not found: Can't resolve '@/components/home/home-hero-section'
   6 | import { ActiveJamBanner } from "@/components/jams/active-jam-banner"
   7 | import { HomeGameLane } from "@/components/home/home-game-lane"
>  8 | import { HomeHeroSection } from "@/components/home/home-hero-section"
     | ^^^^^^^^^^^^^^^^^^^^^^^^^^^^^^^^^^^^^^^^^^^^^^^^^^^^^^^^^^^^^^^^^^^^^
   9 | import {
  10 |   HomeCategoryBar,
  11 |   HomeCommunityCta,

Import map: aliased to relative './src/components/home/home-hero-section' inside of [project]/

https://nextjs.org/docs/messages/module-not-found @ http://127.0.0.1:3000/_next/static/chunks/node_modules_next_dist_f3530cac._.js:3127
[  393332ms] [ERROR] ./src/app/page.tsx:8:1
Module not found: Can't resolve '@/components/home/home-hero-section'
   6 | import { ActiveJamBanner } from "@/components/jams/active-jam-banner"
   7 | import { HomeGameLane } from "@/components/home/home-game-lane"
>  8 | import { HomeHeroSection } from "@/components/home/home-hero-section"
     | ^^^^^^^^^^^^^^^^^^^^^^^^^^^^^^^^^^^^^^^^^^^^^^^^^^^^^^^^^^^^^^^^^^^^^
   9 | import {
  10 |   HomeCategoryBar,
  11 |   HomeCommunityCta,

Import map: aliased to relative './src/components/home/home-hero-section' inside of [project]/

https://nextjs.org/docs/messages/module-not-found @ http://127.0.0.1:3000/_next/static/chunks/node_modules_next_dist_f3530cac._.js:3127
[  393398ms] [ERROR] ./src/app/page.tsx:8:1
Module not found: Can't resolve '@/components/home/home-hero-section'
   6 | import { ActiveJamBanner } from "@/components/jams/active-jam-banner"
   7 | import { HomeGameLane } from "@/components/home/home-game-lane"
>  8 | import { HomeHeroSection } from "@/components/home/home-hero-section"
     | ^^^^^^^^^^^^^^^^^^^^^^^^^^^^^^^^^^^^^^^^^^^^^^^^^^^^^^^^^^^^^^^^^^^^^
   9 | import {
  10 |   HomeCategoryBar,
  11 |   HomeCommunityCta,

Import map: aliased to relative './src/components/home/home-hero-section' inside of [project]/

https://nextjs.org/docs/messages/module-not-found @ http://127.0.0.1:3000/_next/static/chunks/node_modules_next_dist_f3530cac._.js:3127
[  393480ms] [ERROR] ./src/app/page.tsx:8:1
Module not found: Can't resolve '@/components/home/home-hero-section'
   6 | import { ActiveJamBanner } from "@/components/jams/active-jam-banner"
   7 | import { HomeGameLane } from "@/components/home/home-game-lane"
>  8 | import { HomeHeroSection } from "@/components/home/home-hero-section"
     | ^^^^^^^^^^^^^^^^^^^^^^^^^^^^^^^^^^^^^^^^^^^^^^^^^^^^^^^^^^^^^^^^^^^^^
   9 | import {
  10 |   HomeCategoryBar,
  11 |   HomeCommunityCta,

Import map: aliased to relative './src/components/home/home-hero-section' inside of [project]/

https://nextjs.org/docs/messages/module-not-found @ http://127.0.0.1:3000/_next/static/chunks/node_modules_next_dist_f3530cac._.js:3127
[  393553ms] [ERROR] ./src/app/page.tsx:8:1
Module not found: Can't resolve '@/components/home/home-hero-section'
   6 | import { ActiveJamBanner } from "@/components/jams/active-jam-banner"
   7 | import { HomeGameLane } from "@/components/home/home-game-lane"
>  8 | import { HomeHeroSection } from "@/components/home/home-hero-section"
     | ^^^^^^^^^^^^^^^^^^^^^^^^^^^^^^^^^^^^^^^^^^^^^^^^^^^^^^^^^^^^^^^^^^^^^
   9 | import {
  10 |   HomeCategoryBar,
  11 |   HomeCommunityCta,

Import map: aliased to relative './src/components/home/home-hero-section' inside of [project]/

https://nextjs.org/docs/messages/module-not-found @ http://127.0.0.1:3000/_next/static/chunks/node_modules_next_dist_f3530cac._.js:3127
[  393637ms] [ERROR] ./src/app/page.tsx:8:1
Module not found: Can't resolve '@/components/home/home-hero-section'
   6 | import { ActiveJamBanner } from "@/components/jams/active-jam-banner"
   7 | import { HomeGameLane } from "@/components/home/home-game-lane"
>  8 | import { HomeHeroSection } from "@/components/home/home-hero-section"
     | ^^^^^^^^^^^^^^^^^^^^^^^^^^^^^^^^^^^^^^^^^^^^^^^^^^^^^^^^^^^^^^^^^^^^^
   9 | import {
  10 |   HomeCategoryBar,
  11 |   HomeCommunityCta,

Import map: aliased to relative './src/components/home/home-hero-section' inside of [project]/

https://nextjs.org/docs/messages/module-not-found @ http://127.0.0.1:3000/_next/static/chunks/node_modules_next_dist_f3530cac._.js:3127
[  393703ms] [ERROR] ./src/app/page.tsx:8:1
Module not found: Can't resolve '@/components/home/home-hero-section'
   6 | import { ActiveJamBanner } from "@/components/jams/active-jam-banner"
   7 | import { HomeGameLane } from "@/components/home/home-game-lane"
>  8 | import { HomeHeroSection } from "@/components/home/home-hero-section"
     | ^^^^^^^^^^^^^^^^^^^^^^^^^^^^^^^^^^^^^^^^^^^^^^^^^^^^^^^^^^^^^^^^^^^^^
   9 | import {
  10 |   HomeCategoryBar,
  11 |   HomeCommunityCta,

Import map: aliased to relative './src/components/home/home-hero-section' inside of [project]/

https://nextjs.org/docs/messages/module-not-found @ http://127.0.0.1:3000/_next/static/chunks/node_modules_next_dist_f3530cac._.js:3127
[  393832ms] [LOG] [Fast Refresh] rebuilding @ http://127.0.0.1:3000/_next/static/chunks/node_modules_next_dist_f3530cac._.js:2297
[  393833ms] [ERROR] ./src/app/page.tsx:8:1
Module not found: Can't resolve '@/components/home/home-hero-section'
   6 | import { ActiveJamBanner } from "@/components/jams/active-jam-banner"
   7 | import { HomeGameLane } from "@/components/home/home-game-lane"
>  8 | import { HomeHeroSection } from "@/components/home/home-hero-section"
     | ^^^^^^^^^^^^^^^^^^^^^^^^^^^^^^^^^^^^^^^^^^^^^^^^^^^^^^^^^^^^^^^^^^^^^
   9 | import {
  10 |   HomeCategoryBar,
  11 |   HomeCommunityCta,

Import map: aliased to relative './src/components/home/home-hero-section' inside of [project]/

https://nextjs.org/docs/messages/module-not-found @ http://127.0.0.1:3000/_next/static/chunks/node_modules_next_dist_f3530cac._.js:3127
[  393934ms] [ERROR] ./src/app/page.tsx:8:1
Module not found: Can't resolve '@/components/home/home-hero-section'
   6 | import { ActiveJamBanner } from "@/components/jams/active-jam-banner"
   7 | import { HomeGameLane } from "@/components/home/home-game-lane"
>  8 | import { HomeHeroSection } from "@/components/home/home-hero-section"
     | ^^^^^^^^^^^^^^^^^^^^^^^^^^^^^^^^^^^^^^^^^^^^^^^^^^^^^^^^^^^^^^^^^^^^^
   9 | import {
  10 |   HomeCategoryBar,
  11 |   HomeCommunityCta,

Import map: aliased to relative './src/components/home/home-hero-section' inside of [project]/

https://nextjs.org/docs/messages/module-not-found @ http://127.0.0.1:3000/_next/static/chunks/node_modules_next_dist_f3530cac._.js:3127
[  393996ms] [ERROR] ./src/app/page.tsx:8:1
Module not found: Can't resolve '@/components/home/home-hero-section'
   6 | import { ActiveJamBanner } from "@/components/jams/active-jam-banner"
   7 | import { HomeGameLane } from "@/components/home/home-game-lane"
>  8 | import { HomeHeroSection } from "@/components/home/home-hero-section"
     | ^^^^^^^^^^^^^^^^^^^^^^^^^^^^^^^^^^^^^^^^^^^^^^^^^^^^^^^^^^^^^^^^^^^^^
   9 | import {
  10 |   HomeCategoryBar,
  11 |   HomeCommunityCta,

Import map: aliased to relative './src/components/home/home-hero-section' inside of [project]/

https://nextjs.org/docs/messages/module-not-found @ http://127.0.0.1:3000/_next/static/chunks/node_modules_next_dist_f3530cac._.js:3127
[  394063ms] [ERROR] ./src/app/page.tsx:8:1
Module not found: Can't resolve '@/components/home/home-hero-section'
   6 | import { ActiveJamBanner } from "@/components/jams/active-jam-banner"
   7 | import { HomeGameLane } from "@/components/home/home-game-lane"
>  8 | import { HomeHeroSection } from "@/components/home/home-hero-section"
     | ^^^^^^^^^^^^^^^^^^^^^^^^^^^^^^^^^^^^^^^^^^^^^^^^^^^^^^^^^^^^^^^^^^^^^
   9 | import {
  10 |   HomeCategoryBar,
  11 |   HomeCommunityCta,

Import map: aliased to relative './src/components/home/home-hero-section' inside of [project]/

https://nextjs.org/docs/messages/module-not-found @ http://127.0.0.1:3000/_next/static/chunks/node_modules_next_dist_f3530cac._.js:3127
[  394130ms] [ERROR] ./src/app/page.tsx:8:1
Module not found: Can't resolve '@/components/home/home-hero-section'
   6 | import { ActiveJamBanner } from "@/components/jams/active-jam-banner"
   7 | import { HomeGameLane } from "@/components/home/home-game-lane"
>  8 | import { HomeHeroSection } from "@/components/home/home-hero-section"
     | ^^^^^^^^^^^^^^^^^^^^^^^^^^^^^^^^^^^^^^^^^^^^^^^^^^^^^^^^^^^^^^^^^^^^^
   9 | import {
  10 |   HomeCategoryBar,
  11 |   HomeCommunityCta,

Import map: aliased to relative './src/components/home/home-hero-section' inside of [project]/

https://nextjs.org/docs/messages/module-not-found @ http://127.0.0.1:3000/_next/static/chunks/node_modules_next_dist_f3530cac._.js:3127
[  394196ms] [ERROR] ./src/app/page.tsx:8:1
Module not found: Can't resolve '@/components/home/home-hero-section'
   6 | import { ActiveJamBanner } from "@/components/jams/active-jam-banner"
   7 | import { HomeGameLane } from "@/components/home/home-game-lane"
>  8 | import { HomeHeroSection } from "@/components/home/home-hero-section"
     | ^^^^^^^^^^^^^^^^^^^^^^^^^^^^^^^^^^^^^^^^^^^^^^^^^^^^^^^^^^^^^^^^^^^^^
   9 | import {
  10 |   HomeCategoryBar,
  11 |   HomeCommunityCta,

Import map: aliased to relative './src/components/home/home-hero-section' inside of [project]/

https://nextjs.org/docs/messages/module-not-found @ http://127.0.0.1:3000/_next/static/chunks/node_modules_next_dist_f3530cac._.js:3127
[  394266ms] [ERROR] ./src/app/page.tsx:8:1
Module not found: Can't resolve '@/components/home/home-hero-section'
   6 | import { ActiveJamBanner } from "@/components/jams/active-jam-banner"
   7 | import { HomeGameLane } from "@/components/home/home-game-lane"
>  8 | import { HomeHeroSection } from "@/components/home/home-hero-section"
     | ^^^^^^^^^^^^^^^^^^^^^^^^^^^^^^^^^^^^^^^^^^^^^^^^^^^^^^^^^^^^^^^^^^^^^
   9 | import {
  10 |   HomeCategoryBar,
  11 |   HomeCommunityCta,

Import map: aliased to relative './src/components/home/home-hero-section' inside of [project]/

https://nextjs.org/docs/messages/module-not-found @ http://127.0.0.1:3000/_next/static/chunks/node_modules_next_dist_f3530cac._.js:3127
[  394326ms] [ERROR] ./src/app/page.tsx:8:1
Module not found: Can't resolve '@/components/home/home-hero-section'
   6 | import { ActiveJamBanner } from "@/components/jams/active-jam-banner"
   7 | import { HomeGameLane } from "@/components/home/home-game-lane"
>  8 | import { HomeHeroSection } from "@/components/home/home-hero-section"
     | ^^^^^^^^^^^^^^^^^^^^^^^^^^^^^^^^^^^^^^^^^^^^^^^^^^^^^^^^^^^^^^^^^^^^^
   9 | import {
  10 |   HomeCategoryBar,
  11 |   HomeCommunityCta,

Import map: aliased to relative './src/components/home/home-hero-section' inside of [project]/

https://nextjs.org/docs/messages/module-not-found @ http://127.0.0.1:3000/_next/static/chunks/node_modules_next_dist_f3530cac._.js:3127
[  394380ms] [ERROR] ./src/app/page.tsx:8:1
Module not found: Can't resolve '@/components/home/home-hero-section'
   6 | import { ActiveJamBanner } from "@/components/jams/active-jam-banner"
   7 | import { HomeGameLane } from "@/components/home/home-game-lane"
>  8 | import { HomeHeroSection } from "@/components/home/home-hero-section"
     | ^^^^^^^^^^^^^^^^^^^^^^^^^^^^^^^^^^^^^^^^^^^^^^^^^^^^^^^^^^^^^^^^^^^^^
   9 | import {
  10 |   HomeCategoryBar,
  11 |   HomeCommunityCta,

Import map: aliased to relative './src/components/home/home-hero-section' inside of [project]/

https://nextjs.org/docs/messages/module-not-found @ http://127.0.0.1:3000/_next/static/chunks/node_modules_next_dist_f3530cac._.js:3127
[  394444ms] [ERROR] ./src/app/page.tsx:8:1
Module not found: Can't resolve '@/components/home/home-hero-section'
   6 | import { ActiveJamBanner } from "@/components/jams/active-jam-banner"
   7 | import { HomeGameLane } from "@/components/home/home-game-lane"
>  8 | import { HomeHeroSection } from "@/components/home/home-hero-section"
     | ^^^^^^^^^^^^^^^^^^^^^^^^^^^^^^^^^^^^^^^^^^^^^^^^^^^^^^^^^^^^^^^^^^^^^
   9 | import {
  10 |   HomeCategoryBar,
  11 |   HomeCommunityCta,

Import map: aliased to relative './src/components/home/home-hero-section' inside of [project]/

https://nextjs.org/docs/messages/module-not-found @ http://127.0.0.1:3000/_next/static/chunks/node_modules_next_dist_f3530cac._.js:3127
[  394515ms] [ERROR] ./src/app/page.tsx:8:1
Module not found: Can't resolve '@/components/home/home-hero-section'
   6 | import { ActiveJamBanner } from "@/components/jams/active-jam-banner"
   7 | import { HomeGameLane } from "@/components/home/home-game-lane"
>  8 | import { HomeHeroSection } from "@/components/home/home-hero-section"
     | ^^^^^^^^^^^^^^^^^^^^^^^^^^^^^^^^^^^^^^^^^^^^^^^^^^^^^^^^^^^^^^^^^^^^^
   9 | import {
  10 |   HomeCategoryBar,
  11 |   HomeCommunityCta,

Import map: aliased to relative './src/components/home/home-hero-section' inside of [project]/

https://nextjs.org/docs/messages/module-not-found @ http://127.0.0.1:3000/_next/static/chunks/node_modules_next_dist_f3530cac._.js:3127
[  394586ms] [ERROR] ./src/app/page.tsx:8:1
Module not found: Can't resolve '@/components/home/home-hero-section'
   6 | import { ActiveJamBanner } from "@/components/jams/active-jam-banner"
   7 | import { HomeGameLane } from "@/components/home/home-game-lane"
>  8 | import { HomeHeroSection } from "@/components/home/home-hero-section"
     | ^^^^^^^^^^^^^^^^^^^^^^^^^^^^^^^^^^^^^^^^^^^^^^^^^^^^^^^^^^^^^^^^^^^^^
   9 | import {
  10 |   HomeCategoryBar,
  11 |   HomeCommunityCta,

Import map: aliased to relative './src/components/home/home-hero-section' inside of [project]/

https://nextjs.org/docs/messages/module-not-found @ http://127.0.0.1:3000/_next/static/chunks/node_modules_next_dist_f3530cac._.js:3127
[  394643ms] [ERROR] ./src/app/page.tsx:8:1
Module not found: Can't resolve '@/components/home/home-hero-section'
   6 | import { ActiveJamBanner } from "@/components/jams/active-jam-banner"
   7 | import { HomeGameLane } from "@/components/home/home-game-lane"
>  8 | import { HomeHeroSection } from "@/components/home/home-hero-section"
     | ^^^^^^^^^^^^^^^^^^^^^^^^^^^^^^^^^^^^^^^^^^^^^^^^^^^^^^^^^^^^^^^^^^^^^
   9 | import {
  10 |   HomeCategoryBar,
  11 |   HomeCommunityCta,

Import map: aliased to relative './src/components/home/home-hero-section' inside of [project]/

https://nextjs.org/docs/messages/module-not-found @ http://127.0.0.1:3000/_next/static/chunks/node_modules_next_dist_f3530cac._.js:3127
[  394714ms] [ERROR] ./src/app/page.tsx:8:1
Module not found: Can't resolve '@/components/home/home-hero-section'
   6 | import { ActiveJamBanner } from "@/components/jams/active-jam-banner"
   7 | import { HomeGameLane } from "@/components/home/home-game-lane"
>  8 | import { HomeHeroSection } from "@/components/home/home-hero-section"
     | ^^^^^^^^^^^^^^^^^^^^^^^^^^^^^^^^^^^^^^^^^^^^^^^^^^^^^^^^^^^^^^^^^^^^^
   9 | import {
  10 |   HomeCategoryBar,
  11 |   HomeCommunityCta,

Import map: aliased to relative './src/components/home/home-hero-section' inside of [project]/

https://nextjs.org/docs/messages/module-not-found @ http://127.0.0.1:3000/_next/static/chunks/node_modules_next_dist_f3530cac._.js:3127
[  394792ms] [ERROR] ./src/app/page.tsx:8:1
Module not found: Can't resolve '@/components/home/home-hero-section'
   6 | import { ActiveJamBanner } from "@/components/jams/active-jam-banner"
   7 | import { HomeGameLane } from "@/components/home/home-game-lane"
>  8 | import { HomeHeroSection } from "@/components/home/home-hero-section"
     | ^^^^^^^^^^^^^^^^^^^^^^^^^^^^^^^^^^^^^^^^^^^^^^^^^^^^^^^^^^^^^^^^^^^^^
   9 | import {
  10 |   HomeCategoryBar,
  11 |   HomeCommunityCta,

Import map: aliased to relative './src/components/home/home-hero-section' inside of [project]/

https://nextjs.org/docs/messages/module-not-found @ http://127.0.0.1:3000/_next/static/chunks/node_modules_next_dist_f3530cac._.js:3127
[  394860ms] [ERROR] ./src/app/page.tsx:8:1
Module not found: Can't resolve '@/components/home/home-hero-section'
   6 | import { ActiveJamBanner } from "@/components/jams/active-jam-banner"
   7 | import { HomeGameLane } from "@/components/home/home-game-lane"
>  8 | import { HomeHeroSection } from "@/components/home/home-hero-section"
     | ^^^^^^^^^^^^^^^^^^^^^^^^^^^^^^^^^^^^^^^^^^^^^^^^^^^^^^^^^^^^^^^^^^^^^
   9 | import {
  10 |   HomeCategoryBar,
  11 |   HomeCommunityCta,

Import map: aliased to relative './src/components/home/home-hero-section' inside of [project]/

https://nextjs.org/docs/messages/module-not-found @ http://127.0.0.1:3000/_next/static/chunks/node_modules_next_dist_f3530cac._.js:3127
[  394931ms] [ERROR] ./src/app/page.tsx:8:1
Module not found: Can't resolve '@/components/home/home-hero-section'
   6 | import { ActiveJamBanner } from "@/components/jams/active-jam-banner"
   7 | import { HomeGameLane } from "@/components/home/home-game-lane"
>  8 | import { HomeHeroSection } from "@/components/home/home-hero-section"
     | ^^^^^^^^^^^^^^^^^^^^^^^^^^^^^^^^^^^^^^^^^^^^^^^^^^^^^^^^^^^^^^^^^^^^^
   9 | import {
  10 |   HomeCategoryBar,
  11 |   HomeCommunityCta,

Import map: aliased to relative './src/components/home/home-hero-section' inside of [project]/

https://nextjs.org/docs/messages/module-not-found @ http://127.0.0.1:3000/_next/static/chunks/node_modules_next_dist_f3530cac._.js:3127
[  394992ms] [ERROR] ./src/app/page.tsx:8:1
Module not found: Can't resolve '@/components/home/home-hero-section'
   6 | import { ActiveJamBanner } from "@/components/jams/active-jam-banner"
   7 | import { HomeGameLane } from "@/components/home/home-game-lane"
>  8 | import { HomeHeroSection } from "@/components/home/home-hero-section"
     | ^^^^^^^^^^^^^^^^^^^^^^^^^^^^^^^^^^^^^^^^^^^^^^^^^^^^^^^^^^^^^^^^^^^^^
   9 | import {
  10 |   HomeCategoryBar,
  11 |   HomeCommunityCta,

Import map: aliased to relative './src/components/home/home-hero-section' inside of [project]/

https://nextjs.org/docs/messages/module-not-found @ http://127.0.0.1:3000/_next/static/chunks/node_modules_next_dist_f3530cac._.js:3127
[  395064ms] [ERROR] ./src/app/page.tsx:8:1
Module not found: Can't resolve '@/components/home/home-hero-section'
   6 | import { ActiveJamBanner } from "@/components/jams/active-jam-banner"
   7 | import { HomeGameLane } from "@/components/home/home-game-lane"
>  8 | import { HomeHeroSection } from "@/components/home/home-hero-section"
     | ^^^^^^^^^^^^^^^^^^^^^^^^^^^^^^^^^^^^^^^^^^^^^^^^^^^^^^^^^^^^^^^^^^^^^
   9 | import {
  10 |   HomeCategoryBar,
  11 |   HomeCommunityCta,

Import map: aliased to relative './src/components/home/home-hero-section' inside of [project]/

https://nextjs.org/docs/messages/module-not-found @ http://127.0.0.1:3000/_next/static/chunks/node_modules_next_dist_f3530cac._.js:3127
[  395113ms] [ERROR] ./src/app/page.tsx:8:1
Module not found: Can't resolve '@/components/home/home-hero-section'
   6 | import { ActiveJamBanner } from "@/components/jams/active-jam-banner"
   7 | import { HomeGameLane } from "@/components/home/home-game-lane"
>  8 | import { HomeHeroSection } from "@/components/home/home-hero-section"
     | ^^^^^^^^^^^^^^^^^^^^^^^^^^^^^^^^^^^^^^^^^^^^^^^^^^^^^^^^^^^^^^^^^^^^^
   9 | import {
  10 |   HomeCategoryBar,
  11 |   HomeCommunityCta,

Import map: aliased to relative './src/components/home/home-hero-section' inside of [project]/

https://nextjs.org/docs/messages/module-not-found @ http://127.0.0.1:3000/_next/static/chunks/node_modules_next_dist_f3530cac._.js:3127
[  395173ms] [ERROR] ./src/app/page.tsx:8:1
Module not found: Can't resolve '@/components/home/home-hero-section'
   6 | import { ActiveJamBanner } from "@/components/jams/active-jam-banner"
   7 | import { HomeGameLane } from "@/components/home/home-game-lane"
>  8 | import { HomeHeroSection } from "@/components/home/home-hero-section"
     | ^^^^^^^^^^^^^^^^^^^^^^^^^^^^^^^^^^^^^^^^^^^^^^^^^^^^^^^^^^^^^^^^^^^^^
   9 | import {
  10 |   HomeCategoryBar,
  11 |   HomeCommunityCta,

Import map: aliased to relative './src/components/home/home-hero-section' inside of [project]/

https://nextjs.org/docs/messages/module-not-found @ http://127.0.0.1:3000/_next/static/chunks/node_modules_next_dist_f3530cac._.js:3127
[  395246ms] [ERROR] ./src/app/page.tsx:8:1
Module not found: Can't resolve '@/components/home/home-hero-section'
   6 | import { ActiveJamBanner } from "@/components/jams/active-jam-banner"
   7 | import { HomeGameLane } from "@/components/home/home-game-lane"
>  8 | import { HomeHeroSection } from "@/components/home/home-hero-section"
     | ^^^^^^^^^^^^^^^^^^^^^^^^^^^^^^^^^^^^^^^^^^^^^^^^^^^^^^^^^^^^^^^^^^^^^
   9 | import {
  10 |   HomeCategoryBar,
  11 |   HomeCommunityCta,

Import map: aliased to relative './src/components/home/home-hero-section' inside of [project]/

https://nextjs.org/docs/messages/module-not-found @ http://127.0.0.1:3000/_next/static/chunks/node_modules_next_dist_f3530cac._.js:3127
[  395313ms] [ERROR] ./src/app/page.tsx:8:1
Module not found: Can't resolve '@/components/home/home-hero-section'
   6 | import { ActiveJamBanner } from "@/components/jams/active-jam-banner"
   7 | import { HomeGameLane } from "@/components/home/home-game-lane"
>  8 | import { HomeHeroSection } from "@/components/home/home-hero-section"
     | ^^^^^^^^^^^^^^^^^^^^^^^^^^^^^^^^^^^^^^^^^^^^^^^^^^^^^^^^^^^^^^^^^^^^^
   9 | import {
  10 |   HomeCategoryBar,
  11 |   HomeCommunityCta,

Import map: aliased to relative './src/components/home/home-hero-section' inside of [project]/

https://nextjs.org/docs/messages/module-not-found @ http://127.0.0.1:3000/_next/static/chunks/node_modules_next_dist_f3530cac._.js:3127
[  395375ms] [ERROR] ./src/app/page.tsx:8:1
Module not found: Can't resolve '@/components/home/home-hero-section'
   6 | import { ActiveJamBanner } from "@/components/jams/active-jam-banner"
   7 | import { HomeGameLane } from "@/components/home/home-game-lane"
>  8 | import { HomeHeroSection } from "@/components/home/home-hero-section"
     | ^^^^^^^^^^^^^^^^^^^^^^^^^^^^^^^^^^^^^^^^^^^^^^^^^^^^^^^^^^^^^^^^^^^^^
   9 | import {
  10 |   HomeCategoryBar,
  11 |   HomeCommunityCta,

Import map: aliased to relative './src/components/home/home-hero-section' inside of [project]/

https://nextjs.org/docs/messages/module-not-found @ http://127.0.0.1:3000/_next/static/chunks/node_modules_next_dist_f3530cac._.js:3127
[  395443ms] [ERROR] ./src/app/page.tsx:8:1
Module not found: Can't resolve '@/components/home/home-hero-section'
   6 | import { ActiveJamBanner } from "@/components/jams/active-jam-banner"
   7 | import { HomeGameLane } from "@/components/home/home-game-lane"
>  8 | import { HomeHeroSection } from "@/components/home/home-hero-section"
     | ^^^^^^^^^^^^^^^^^^^^^^^^^^^^^^^^^^^^^^^^^^^^^^^^^^^^^^^^^^^^^^^^^^^^^
   9 | import {
  10 |   HomeCategoryBar,
  11 |   HomeCommunityCta,

Import map: aliased to relative './src/components/home/home-hero-section' inside of [project]/

https://nextjs.org/docs/messages/module-not-found @ http://127.0.0.1:3000/_next/static/chunks/node_modules_next_dist_f3530cac._.js:3127
[  395509ms] [ERROR] ./src/app/page.tsx:8:1
Module not found: Can't resolve '@/components/home/home-hero-section'
   6 | import { ActiveJamBanner } from "@/components/jams/active-jam-banner"
   7 | import { HomeGameLane } from "@/components/home/home-game-lane"
>  8 | import { HomeHeroSection } from "@/components/home/home-hero-section"
     | ^^^^^^^^^^^^^^^^^^^^^^^^^^^^^^^^^^^^^^^^^^^^^^^^^^^^^^^^^^^^^^^^^^^^^
   9 | import {
  10 |   HomeCategoryBar,
  11 |   HomeCommunityCta,

Import map: aliased to relative './src/components/home/home-hero-section' inside of [project]/

https://nextjs.org/docs/messages/module-not-found @ http://127.0.0.1:3000/_next/static/chunks/node_modules_next_dist_f3530cac._.js:3127
[  395577ms] [ERROR] ./src/app/page.tsx:8:1
Module not found: Can't resolve '@/components/home/home-hero-section'
   6 | import { ActiveJamBanner } from "@/components/jams/active-jam-banner"
   7 | import { HomeGameLane } from "@/components/home/home-game-lane"
>  8 | import { HomeHeroSection } from "@/components/home/home-hero-section"
     | ^^^^^^^^^^^^^^^^^^^^^^^^^^^^^^^^^^^^^^^^^^^^^^^^^^^^^^^^^^^^^^^^^^^^^
   9 | import {
  10 |   HomeCategoryBar,
  11 |   HomeCommunityCta,

Import map: aliased to relative './src/components/home/home-hero-section' inside of [project]/

https://nextjs.org/docs/messages/module-not-found @ http://127.0.0.1:3000/_next/static/chunks/node_modules_next_dist_f3530cac._.js:3127
[  395640ms] [ERROR] ./src/app/page.tsx:8:1
Module not found: Can't resolve '@/components/home/home-hero-section'
   6 | import { ActiveJamBanner } from "@/components/jams/active-jam-banner"
   7 | import { HomeGameLane } from "@/components/home/home-game-lane"
>  8 | import { HomeHeroSection } from "@/components/home/home-hero-section"
     | ^^^^^^^^^^^^^^^^^^^^^^^^^^^^^^^^^^^^^^^^^^^^^^^^^^^^^^^^^^^^^^^^^^^^^
   9 | import {
  10 |   HomeCategoryBar,
  11 |   HomeCommunityCta,

Import map: aliased to relative './src/components/home/home-hero-section' inside of [project]/

https://nextjs.org/docs/messages/module-not-found @ http://127.0.0.1:3000/_next/static/chunks/node_modules_next_dist_f3530cac._.js:3127
[  395711ms] [ERROR] ./src/app/page.tsx:8:1
Module not found: Can't resolve '@/components/home/home-hero-section'
   6 | import { ActiveJamBanner } from "@/components/jams/active-jam-banner"
   7 | import { HomeGameLane } from "@/components/home/home-game-lane"
>  8 | import { HomeHeroSection } from "@/components/home/home-hero-section"
     | ^^^^^^^^^^^^^^^^^^^^^^^^^^^^^^^^^^^^^^^^^^^^^^^^^^^^^^^^^^^^^^^^^^^^^
   9 | import {
  10 |   HomeCategoryBar,
  11 |   HomeCommunityCta,

Import map: aliased to relative './src/components/home/home-hero-section' inside of [project]/

https://nextjs.org/docs/messages/module-not-found @ http://127.0.0.1:3000/_next/static/chunks/node_modules_next_dist_f3530cac._.js:3127
[  395761ms] [ERROR] ./src/app/page.tsx:8:1
Module not found: Can't resolve '@/components/home/home-hero-section'
   6 | import { ActiveJamBanner } from "@/components/jams/active-jam-banner"
   7 | import { HomeGameLane } from "@/components/home/home-game-lane"
>  8 | import { HomeHeroSection } from "@/components/home/home-hero-section"
     | ^^^^^^^^^^^^^^^^^^^^^^^^^^^^^^^^^^^^^^^^^^^^^^^^^^^^^^^^^^^^^^^^^^^^^
   9 | import {
  10 |   HomeCategoryBar,
  11 |   HomeCommunityCta,

Import map: aliased to relative './src/components/home/home-hero-section' inside of [project]/

https://nextjs.org/docs/messages/module-not-found @ http://127.0.0.1:3000/_next/static/chunks/node_modules_next_dist_f3530cac._.js:3127
[  395829ms] [ERROR] ./src/app/page.tsx:8:1
Module not found: Can't resolve '@/components/home/home-hero-section'
   6 | import { ActiveJamBanner } from "@/components/jams/active-jam-banner"
   7 | import { HomeGameLane } from "@/components/home/home-game-lane"
>  8 | import { HomeHeroSection } from "@/components/home/home-hero-section"
     | ^^^^^^^^^^^^^^^^^^^^^^^^^^^^^^^^^^^^^^^^^^^^^^^^^^^^^^^^^^^^^^^^^^^^^
   9 | import {
  10 |   HomeCategoryBar,
  11 |   HomeCommunityCta,

Import map: aliased to relative './src/components/home/home-hero-section' inside of [project]/

https://nextjs.org/docs/messages/module-not-found @ http://127.0.0.1:3000/_next/static/chunks/node_modules_next_dist_f3530cac._.js:3127
[  395894ms] [ERROR] ./src/app/page.tsx:8:1
Module not found: Can't resolve '@/components/home/home-hero-section'
   6 | import { ActiveJamBanner } from "@/components/jams/active-jam-banner"
   7 | import { HomeGameLane } from "@/components/home/home-game-lane"
>  8 | import { HomeHeroSection } from "@/components/home/home-hero-section"
     | ^^^^^^^^^^^^^^^^^^^^^^^^^^^^^^^^^^^^^^^^^^^^^^^^^^^^^^^^^^^^^^^^^^^^^
   9 | import {
  10 |   HomeCategoryBar,
  11 |   HomeCommunityCta,

Import map: aliased to relative './src/components/home/home-hero-section' inside of [project]/

https://nextjs.org/docs/messages/module-not-found @ http://127.0.0.1:3000/_next/static/chunks/node_modules_next_dist_f3530cac._.js:3127
[  395962ms] [ERROR] ./src/app/page.tsx:8:1
Module not found: Can't resolve '@/components/home/home-hero-section'
   6 | import { ActiveJamBanner } from "@/components/jams/active-jam-banner"
   7 | import { HomeGameLane } from "@/components/home/home-game-lane"
>  8 | import { HomeHeroSection } from "@/components/home/home-hero-section"
     | ^^^^^^^^^^^^^^^^^^^^^^^^^^^^^^^^^^^^^^^^^^^^^^^^^^^^^^^^^^^^^^^^^^^^^
   9 | import {
  10 |   HomeCategoryBar,
  11 |   HomeCommunityCta,

Import map: aliased to relative './src/components/home/home-hero-section' inside of [project]/

https://nextjs.org/docs/messages/module-not-found @ http://127.0.0.1:3000/_next/static/chunks/node_modules_next_dist_f3530cac._.js:3127
[  396033ms] [ERROR] ./src/app/page.tsx:8:1
Module not found: Can't resolve '@/components/home/home-hero-section'
   6 | import { ActiveJamBanner } from "@/components/jams/active-jam-banner"
   7 | import { HomeGameLane } from "@/components/home/home-game-lane"
>  8 | import { HomeHeroSection } from "@/components/home/home-hero-section"
     | ^^^^^^^^^^^^^^^^^^^^^^^^^^^^^^^^^^^^^^^^^^^^^^^^^^^^^^^^^^^^^^^^^^^^^
   9 | import {
  10 |   HomeCategoryBar,
  11 |   HomeCommunityCta,

Import map: aliased to relative './src/components/home/home-hero-section' inside of [project]/

https://nextjs.org/docs/messages/module-not-found @ http://127.0.0.1:3000/_next/static/chunks/node_modules_next_dist_f3530cac._.js:3127
[  396113ms] [ERROR] ./src/app/page.tsx:8:1
Module not found: Can't resolve '@/components/home/home-hero-section'
   6 | import { ActiveJamBanner } from "@/components/jams/active-jam-banner"
   7 | import { HomeGameLane } from "@/components/home/home-game-lane"
>  8 | import { HomeHeroSection } from "@/components/home/home-hero-section"
     | ^^^^^^^^^^^^^^^^^^^^^^^^^^^^^^^^^^^^^^^^^^^^^^^^^^^^^^^^^^^^^^^^^^^^^
   9 | import {
  10 |   HomeCategoryBar,
  11 |   HomeCommunityCta,

Import map: aliased to relative './src/components/home/home-hero-section' inside of [project]/

https://nextjs.org/docs/messages/module-not-found @ http://127.0.0.1:3000/_next/static/chunks/node_modules_next_dist_f3530cac._.js:3127
[  396179ms] [ERROR] ./src/app/page.tsx:8:1
Module not found: Can't resolve '@/components/home/home-hero-section'
   6 | import { ActiveJamBanner } from "@/components/jams/active-jam-banner"
   7 | import { HomeGameLane } from "@/components/home/home-game-lane"
>  8 | import { HomeHeroSection } from "@/components/home/home-hero-section"
     | ^^^^^^^^^^^^^^^^^^^^^^^^^^^^^^^^^^^^^^^^^^^^^^^^^^^^^^^^^^^^^^^^^^^^^
   9 | import {
  10 |   HomeCategoryBar,
  11 |   HomeCommunityCta,

Import map: aliased to relative './src/components/home/home-hero-section' inside of [project]/

https://nextjs.org/docs/messages/module-not-found @ http://127.0.0.1:3000/_next/static/chunks/node_modules_next_dist_f3530cac._.js:3127
[  396242ms] [ERROR] ./src/app/page.tsx:8:1
Module not found: Can't resolve '@/components/home/home-hero-section'
   6 | import { ActiveJamBanner } from "@/components/jams/active-jam-banner"
   7 | import { HomeGameLane } from "@/components/home/home-game-lane"
>  8 | import { HomeHeroSection } from "@/components/home/home-hero-section"
     | ^^^^^^^^^^^^^^^^^^^^^^^^^^^^^^^^^^^^^^^^^^^^^^^^^^^^^^^^^^^^^^^^^^^^^
   9 | import {
  10 |   HomeCategoryBar,
  11 |   HomeCommunityCta,

Import map: aliased to relative './src/components/home/home-hero-section' inside of [project]/

https://nextjs.org/docs/messages/module-not-found @ http://127.0.0.1:3000/_next/static/chunks/node_modules_next_dist_f3530cac._.js:3127
[  396308ms] [ERROR] ./src/app/page.tsx:8:1
Module not found: Can't resolve '@/components/home/home-hero-section'
   6 | import { ActiveJamBanner } from "@/components/jams/active-jam-banner"
   7 | import { HomeGameLane } from "@/components/home/home-game-lane"
>  8 | import { HomeHeroSection } from "@/components/home/home-hero-section"
     | ^^^^^^^^^^^^^^^^^^^^^^^^^^^^^^^^^^^^^^^^^^^^^^^^^^^^^^^^^^^^^^^^^^^^^
   9 | import {
  10 |   HomeCategoryBar,
  11 |   HomeCommunityCta,

Import map: aliased to relative './src/components/home/home-hero-section' inside of [project]/

https://nextjs.org/docs/messages/module-not-found @ http://127.0.0.1:3000/_next/static/chunks/node_modules_next_dist_f3530cac._.js:3127
[  396359ms] [ERROR] ./src/app/page.tsx:8:1
Module not found: Can't resolve '@/components/home/home-hero-section'
   6 | import { ActiveJamBanner } from "@/components/jams/active-jam-banner"
   7 | import { HomeGameLane } from "@/components/home/home-game-lane"
>  8 | import { HomeHeroSection } from "@/components/home/home-hero-section"
     | ^^^^^^^^^^^^^^^^^^^^^^^^^^^^^^^^^^^^^^^^^^^^^^^^^^^^^^^^^^^^^^^^^^^^^
   9 | import {
  10 |   HomeCategoryBar,
  11 |   HomeCommunityCta,

Import map: aliased to relative './src/components/home/home-hero-section' inside of [project]/

https://nextjs.org/docs/messages/module-not-found @ http://127.0.0.1:3000/_next/static/chunks/node_modules_next_dist_f3530cac._.js:3127
[  396425ms] [ERROR] ./src/app/page.tsx:8:1
Module not found: Can't resolve '@/components/home/home-hero-section'
   6 | import { ActiveJamBanner } from "@/components/jams/active-jam-banner"
   7 | import { HomeGameLane } from "@/components/home/home-game-lane"
>  8 | import { HomeHeroSection } from "@/components/home/home-hero-section"
     | ^^^^^^^^^^^^^^^^^^^^^^^^^^^^^^^^^^^^^^^^^^^^^^^^^^^^^^^^^^^^^^^^^^^^^
   9 | import {
  10 |   HomeCategoryBar,
  11 |   HomeCommunityCta,

Import map: aliased to relative './src/components/home/home-hero-section' inside of [project]/

https://nextjs.org/docs/messages/module-not-found @ http://127.0.0.1:3000/_next/static/chunks/node_modules_next_dist_f3530cac._.js:3127
[  396492ms] [ERROR] ./src/app/page.tsx:8:1
Module not found: Can't resolve '@/components/home/home-hero-section'
   6 | import { ActiveJamBanner } from "@/components/jams/active-jam-banner"
   7 | import { HomeGameLane } from "@/components/home/home-game-lane"
>  8 | import { HomeHeroSection } from "@/components/home/home-hero-section"
     | ^^^^^^^^^^^^^^^^^^^^^^^^^^^^^^^^^^^^^^^^^^^^^^^^^^^^^^^^^^^^^^^^^^^^^
   9 | import {
  10 |   HomeCategoryBar,
  11 |   HomeCommunityCta,

Import map: aliased to relative './src/components/home/home-hero-section' inside of [project]/

https://nextjs.org/docs/messages/module-not-found @ http://127.0.0.1:3000/_next/static/chunks/node_modules_next_dist_f3530cac._.js:3127
[  396556ms] [ERROR] ./src/app/page.tsx:8:1
Module not found: Can't resolve '@/components/home/home-hero-section'
   6 | import { ActiveJamBanner } from "@/components/jams/active-jam-banner"
   7 | import { HomeGameLane } from "@/components/home/home-game-lane"
>  8 | import { HomeHeroSection } from "@/components/home/home-hero-section"
     | ^^^^^^^^^^^^^^^^^^^^^^^^^^^^^^^^^^^^^^^^^^^^^^^^^^^^^^^^^^^^^^^^^^^^^
   9 | import {
  10 |   HomeCategoryBar,
  11 |   HomeCommunityCta,

Import map: aliased to relative './src/components/home/home-hero-section' inside of [project]/

https://nextjs.org/docs/messages/module-not-found @ http://127.0.0.1:3000/_next/static/chunks/node_modules_next_dist_f3530cac._.js:3127
[  396625ms] [ERROR] ./src/app/page.tsx:8:1
Module not found: Can't resolve '@/components/home/home-hero-section'
   6 | import { ActiveJamBanner } from "@/components/jams/active-jam-banner"
   7 | import { HomeGameLane } from "@/components/home/home-game-lane"
>  8 | import { HomeHeroSection } from "@/components/home/home-hero-section"
     | ^^^^^^^^^^^^^^^^^^^^^^^^^^^^^^^^^^^^^^^^^^^^^^^^^^^^^^^^^^^^^^^^^^^^^
   9 | import {
  10 |   HomeCategoryBar,
  11 |   HomeCommunityCta,

Import map: aliased to relative './src/components/home/home-hero-section' inside of [project]/

https://nextjs.org/docs/messages/module-not-found @ http://127.0.0.1:3000/_next/static/chunks/node_modules_next_dist_f3530cac._.js:3127
[  396690ms] [ERROR] ./src/app/page.tsx:8:1
Module not found: Can't resolve '@/components/home/home-hero-section'
   6 | import { ActiveJamBanner } from "@/components/jams/active-jam-banner"
   7 | import { HomeGameLane } from "@/components/home/home-game-lane"
>  8 | import { HomeHeroSection } from "@/components/home/home-hero-section"
     | ^^^^^^^^^^^^^^^^^^^^^^^^^^^^^^^^^^^^^^^^^^^^^^^^^^^^^^^^^^^^^^^^^^^^^
   9 | import {
  10 |   HomeCategoryBar,
  11 |   HomeCommunityCta,

Import map: aliased to relative './src/components/home/home-hero-section' inside of [project]/

https://nextjs.org/docs/messages/module-not-found @ http://127.0.0.1:3000/_next/static/chunks/node_modules_next_dist_f3530cac._.js:3127
[  396755ms] [ERROR] ./src/app/page.tsx:8:1
Module not found: Can't resolve '@/components/home/home-hero-section'
   6 | import { ActiveJamBanner } from "@/components/jams/active-jam-banner"
   7 | import { HomeGameLane } from "@/components/home/home-game-lane"
>  8 | import { HomeHeroSection } from "@/components/home/home-hero-section"
     | ^^^^^^^^^^^^^^^^^^^^^^^^^^^^^^^^^^^^^^^^^^^^^^^^^^^^^^^^^^^^^^^^^^^^^
   9 | import {
  10 |   HomeCategoryBar,
  11 |   HomeCommunityCta,

Import map: aliased to relative './src/components/home/home-hero-section' inside of [project]/

https://nextjs.org/docs/messages/module-not-found @ http://127.0.0.1:3000/_next/static/chunks/node_modules_next_dist_f3530cac._.js:3127
[  396804ms] [ERROR] ./src/app/page.tsx:8:1
Module not found: Can't resolve '@/components/home/home-hero-section'
   6 | import { ActiveJamBanner } from "@/components/jams/active-jam-banner"
   7 | import { HomeGameLane } from "@/components/home/home-game-lane"
>  8 | import { HomeHeroSection } from "@/components/home/home-hero-section"
     | ^^^^^^^^^^^^^^^^^^^^^^^^^^^^^^^^^^^^^^^^^^^^^^^^^^^^^^^^^^^^^^^^^^^^^
   9 | import {
  10 |   HomeCategoryBar,
  11 |   HomeCommunityCta,

Import map: aliased to relative './src/components/home/home-hero-section' inside of [project]/

https://nextjs.org/docs/messages/module-not-found @ http://127.0.0.1:3000/_next/static/chunks/node_modules_next_dist_f3530cac._.js:3127
[  396876ms] [ERROR] ./src/app/page.tsx:8:1
Module not found: Can't resolve '@/components/home/home-hero-section'
   6 | import { ActiveJamBanner } from "@/components/jams/active-jam-banner"
   7 | import { HomeGameLane } from "@/components/home/home-game-lane"
>  8 | import { HomeHeroSection } from "@/components/home/home-hero-section"
     | ^^^^^^^^^^^^^^^^^^^^^^^^^^^^^^^^^^^^^^^^^^^^^^^^^^^^^^^^^^^^^^^^^^^^^
   9 | import {
  10 |   HomeCategoryBar,
  11 |   HomeCommunityCta,

Import map: aliased to relative './src/components/home/home-hero-section' inside of [project]/

https://nextjs.org/docs/messages/module-not-found @ http://127.0.0.1:3000/_next/static/chunks/node_modules_next_dist_f3530cac._.js:3127
[  396940ms] [ERROR] ./src/app/page.tsx:8:1
Module not found: Can't resolve '@/components/home/home-hero-section'
   6 | import { ActiveJamBanner } from "@/components/jams/active-jam-banner"
   7 | import { HomeGameLane } from "@/components/home/home-game-lane"
>  8 | import { HomeHeroSection } from "@/components/home/home-hero-section"
     | ^^^^^^^^^^^^^^^^^^^^^^^^^^^^^^^^^^^^^^^^^^^^^^^^^^^^^^^^^^^^^^^^^^^^^
   9 | import {
  10 |   HomeCategoryBar,
  11 |   HomeCommunityCta,

Import map: aliased to relative './src/components/home/home-hero-section' inside of [project]/

https://nextjs.org/docs/messages/module-not-found @ http://127.0.0.1:3000/_next/static/chunks/node_modules_next_dist_f3530cac._.js:3127
[  397013ms] [ERROR] ./src/app/page.tsx:8:1
Module not found: Can't resolve '@/components/home/home-hero-section'
   6 | import { ActiveJamBanner } from "@/components/jams/active-jam-banner"
   7 | import { HomeGameLane } from "@/components/home/home-game-lane"
>  8 | import { HomeHeroSection } from "@/components/home/home-hero-section"
     | ^^^^^^^^^^^^^^^^^^^^^^^^^^^^^^^^^^^^^^^^^^^^^^^^^^^^^^^^^^^^^^^^^^^^^
   9 | import {
  10 |   HomeCategoryBar,
  11 |   HomeCommunityCta,

Import map: aliased to relative './src/components/home/home-hero-section' inside of [project]/

https://nextjs.org/docs/messages/module-not-found @ http://127.0.0.1:3000/_next/static/chunks/node_modules_next_dist_f3530cac._.js:3127
[  397072ms] [ERROR] ./src/app/page.tsx:8:1
Module not found: Can't resolve '@/components/home/home-hero-section'
   6 | import { ActiveJamBanner } from "@/components/jams/active-jam-banner"
   7 | import { HomeGameLane } from "@/components/home/home-game-lane"
>  8 | import { HomeHeroSection } from "@/components/home/home-hero-section"
     | ^^^^^^^^^^^^^^^^^^^^^^^^^^^^^^^^^^^^^^^^^^^^^^^^^^^^^^^^^^^^^^^^^^^^^
   9 | import {
  10 |   HomeCategoryBar,
  11 |   HomeCommunityCta,

Import map: aliased to relative './src/components/home/home-hero-section' inside of [project]/

https://nextjs.org/docs/messages/module-not-found @ http://127.0.0.1:3000/_next/static/chunks/node_modules_next_dist_f3530cac._.js:3127
[  397131ms] [ERROR] ./src/app/page.tsx:8:1
Module not found: Can't resolve '@/components/home/home-hero-section'
   6 | import { ActiveJamBanner } from "@/components/jams/active-jam-banner"
   7 | import { HomeGameLane } from "@/components/home/home-game-lane"
>  8 | import { HomeHeroSection } from "@/components/home/home-hero-section"
     | ^^^^^^^^^^^^^^^^^^^^^^^^^^^^^^^^^^^^^^^^^^^^^^^^^^^^^^^^^^^^^^^^^^^^^
   9 | import {
  10 |   HomeCategoryBar,
  11 |   HomeCommunityCta,

Import map: aliased to relative './src/components/home/home-hero-section' inside of [project]/

https://nextjs.org/docs/messages/module-not-found @ http://127.0.0.1:3000/_next/static/chunks/node_modules_next_dist_f3530cac._.js:3127
[  397195ms] [ERROR] ./src/app/page.tsx:8:1
Module not found: Can't resolve '@/components/home/home-hero-section'
   6 | import { ActiveJamBanner } from "@/components/jams/active-jam-banner"
   7 | import { HomeGameLane } from "@/components/home/home-game-lane"
>  8 | import { HomeHeroSection } from "@/components/home/home-hero-section"
     | ^^^^^^^^^^^^^^^^^^^^^^^^^^^^^^^^^^^^^^^^^^^^^^^^^^^^^^^^^^^^^^^^^^^^^
   9 | import {
  10 |   HomeCategoryBar,
  11 |   HomeCommunityCta,

Import map: aliased to relative './src/components/home/home-hero-section' inside of [project]/

https://nextjs.org/docs/messages/module-not-found @ http://127.0.0.1:3000/_next/static/chunks/node_modules_next_dist_f3530cac._.js:3127
[  397259ms] [ERROR] ./src/app/page.tsx:8:1
Module not found: Can't resolve '@/components/home/home-hero-section'
   6 | import { ActiveJamBanner } from "@/components/jams/active-jam-banner"
   7 | import { HomeGameLane } from "@/components/home/home-game-lane"
>  8 | import { HomeHeroSection } from "@/components/home/home-hero-section"
     | ^^^^^^^^^^^^^^^^^^^^^^^^^^^^^^^^^^^^^^^^^^^^^^^^^^^^^^^^^^^^^^^^^^^^^
   9 | import {
  10 |   HomeCategoryBar,
  11 |   HomeCommunityCta,

Import map: aliased to relative './src/components/home/home-hero-section' inside of [project]/

https://nextjs.org/docs/messages/module-not-found @ http://127.0.0.1:3000/_next/static/chunks/node_modules_next_dist_f3530cac._.js:3127
[  397326ms] [ERROR] ./src/app/page.tsx:8:1
Module not found: Can't resolve '@/components/home/home-hero-section'
   6 | import { ActiveJamBanner } from "@/components/jams/active-jam-banner"
   7 | import { HomeGameLane } from "@/components/home/home-game-lane"
>  8 | import { HomeHeroSection } from "@/components/home/home-hero-section"
     | ^^^^^^^^^^^^^^^^^^^^^^^^^^^^^^^^^^^^^^^^^^^^^^^^^^^^^^^^^^^^^^^^^^^^^
   9 | import {
  10 |   HomeCategoryBar,
  11 |   HomeCommunityCta,

Import map: aliased to relative './src/components/home/home-hero-section' inside of [project]/

https://nextjs.org/docs/messages/module-not-found @ http://127.0.0.1:3000/_next/static/chunks/node_modules_next_dist_f3530cac._.js:3127
[  397391ms] [ERROR] ./src/app/page.tsx:8:1
Module not found: Can't resolve '@/components/home/home-hero-section'
   6 | import { ActiveJamBanner } from "@/components/jams/active-jam-banner"
   7 | import { HomeGameLane } from "@/components/home/home-game-lane"
>  8 | import { HomeHeroSection } from "@/components/home/home-hero-section"
     | ^^^^^^^^^^^^^^^^^^^^^^^^^^^^^^^^^^^^^^^^^^^^^^^^^^^^^^^^^^^^^^^^^^^^^
   9 | import {
  10 |   HomeCategoryBar,
  11 |   HomeCommunityCta,

Import map: aliased to relative './src/components/home/home-hero-section' inside of [project]/

https://nextjs.org/docs/messages/module-not-found @ http://127.0.0.1:3000/_next/static/chunks/node_modules_next_dist_f3530cac._.js:3127
[  397453ms] [ERROR] ./src/app/page.tsx:8:1
Module not found: Can't resolve '@/components/home/home-hero-section'
   6 | import { ActiveJamBanner } from "@/components/jams/active-jam-banner"
   7 | import { HomeGameLane } from "@/components/home/home-game-lane"
>  8 | import { HomeHeroSection } from "@/components/home/home-hero-section"
     | ^^^^^^^^^^^^^^^^^^^^^^^^^^^^^^^^^^^^^^^^^^^^^^^^^^^^^^^^^^^^^^^^^^^^^
   9 | import {
  10 |   HomeCategoryBar,
  11 |   HomeCommunityCta,

Import map: aliased to relative './src/components/home/home-hero-section' inside of [project]/

https://nextjs.org/docs/messages/module-not-found @ http://127.0.0.1:3000/_next/static/chunks/node_modules_next_dist_f3530cac._.js:3127
[  397523ms] [ERROR] ./src/app/page.tsx:8:1
Module not found: Can't resolve '@/components/home/home-hero-section'
   6 | import { ActiveJamBanner } from "@/components/jams/active-jam-banner"
   7 | import { HomeGameLane } from "@/components/home/home-game-lane"
>  8 | import { HomeHeroSection } from "@/components/home/home-hero-section"
     | ^^^^^^^^^^^^^^^^^^^^^^^^^^^^^^^^^^^^^^^^^^^^^^^^^^^^^^^^^^^^^^^^^^^^^
   9 | import {
  10 |   HomeCategoryBar,
  11 |   HomeCommunityCta,

Import map: aliased to relative './src/components/home/home-hero-section' inside of [project]/

https://nextjs.org/docs/messages/module-not-found @ http://127.0.0.1:3000/_next/static/chunks/node_modules_next_dist_f3530cac._.js:3127
[  397587ms] [ERROR] ./src/app/page.tsx:8:1
Module not found: Can't resolve '@/components/home/home-hero-section'
   6 | import { ActiveJamBanner } from "@/components/jams/active-jam-banner"
   7 | import { HomeGameLane } from "@/components/home/home-game-lane"
>  8 | import { HomeHeroSection } from "@/components/home/home-hero-section"
     | ^^^^^^^^^^^^^^^^^^^^^^^^^^^^^^^^^^^^^^^^^^^^^^^^^^^^^^^^^^^^^^^^^^^^^
   9 | import {
  10 |   HomeCategoryBar,
  11 |   HomeCommunityCta,

Import map: aliased to relative './src/components/home/home-hero-section' inside of [project]/

https://nextjs.org/docs/messages/module-not-found @ http://127.0.0.1:3000/_next/static/chunks/node_modules_next_dist_f3530cac._.js:3127
[  397648ms] [ERROR] ./src/app/page.tsx:8:1
Module not found: Can't resolve '@/components/home/home-hero-section'
   6 | import { ActiveJamBanner } from "@/components/jams/active-jam-banner"
   7 | import { HomeGameLane } from "@/components/home/home-game-lane"
>  8 | import { HomeHeroSection } from "@/components/home/home-hero-section"
     | ^^^^^^^^^^^^^^^^^^^^^^^^^^^^^^^^^^^^^^^^^^^^^^^^^^^^^^^^^^^^^^^^^^^^^
   9 | import {
  10 |   HomeCategoryBar,
  11 |   HomeCommunityCta,

Import map: aliased to relative './src/components/home/home-hero-section' inside of [project]/

https://nextjs.org/docs/messages/module-not-found @ http://127.0.0.1:3000/_next/static/chunks/node_modules_next_dist_f3530cac._.js:3127
[  397719ms] [ERROR] ./src/app/page.tsx:8:1
Module not found: Can't resolve '@/components/home/home-hero-section'
   6 | import { ActiveJamBanner } from "@/components/jams/active-jam-banner"
   7 | import { HomeGameLane } from "@/components/home/home-game-lane"
>  8 | import { HomeHeroSection } from "@/components/home/home-hero-section"
     | ^^^^^^^^^^^^^^^^^^^^^^^^^^^^^^^^^^^^^^^^^^^^^^^^^^^^^^^^^^^^^^^^^^^^^
   9 | import {
  10 |   HomeCategoryBar,
  11 |   HomeCommunityCta,

Import map: aliased to relative './src/components/home/home-hero-section' inside of [project]/

https://nextjs.org/docs/messages/module-not-found @ http://127.0.0.1:3000/_next/static/chunks/node_modules_next_dist_f3530cac._.js:3127
[  397786ms] [ERROR] ./src/app/page.tsx:8:1
Module not found: Can't resolve '@/components/home/home-hero-section'
   6 | import { ActiveJamBanner } from "@/components/jams/active-jam-banner"
   7 | import { HomeGameLane } from "@/components/home/home-game-lane"
>  8 | import { HomeHeroSection } from "@/components/home/home-hero-section"
     | ^^^^^^^^^^^^^^^^^^^^^^^^^^^^^^^^^^^^^^^^^^^^^^^^^^^^^^^^^^^^^^^^^^^^^
   9 | import {
  10 |   HomeCategoryBar,
  11 |   HomeCommunityCta,

Import map: aliased to relative './src/components/home/home-hero-section' inside of [project]/

https://nextjs.org/docs/messages/module-not-found @ http://127.0.0.1:3000/_next/static/chunks/node_modules_next_dist_f3530cac._.js:3127
[  397856ms] [ERROR] ./src/app/page.tsx:8:1
Module not found: Can't resolve '@/components/home/home-hero-section'
   6 | import { ActiveJamBanner } from "@/components/jams/active-jam-banner"
   7 | import { HomeGameLane } from "@/components/home/home-game-lane"
>  8 | import { HomeHeroSection } from "@/components/home/home-hero-section"
     | ^^^^^^^^^^^^^^^^^^^^^^^^^^^^^^^^^^^^^^^^^^^^^^^^^^^^^^^^^^^^^^^^^^^^^
   9 | import {
  10 |   HomeCategoryBar,
  11 |   HomeCommunityCta,

Import map: aliased to relative './src/components/home/home-hero-section' inside of [project]/

https://nextjs.org/docs/messages/module-not-found @ http://127.0.0.1:3000/_next/static/chunks/node_modules_next_dist_f3530cac._.js:3127
[  397923ms] [ERROR] ./src/app/page.tsx:8:1
Module not found: Can't resolve '@/components/home/home-hero-section'
   6 | import { ActiveJamBanner } from "@/components/jams/active-jam-banner"
   7 | import { HomeGameLane } from "@/components/home/home-game-lane"
>  8 | import { HomeHeroSection } from "@/components/home/home-hero-section"
     | ^^^^^^^^^^^^^^^^^^^^^^^^^^^^^^^^^^^^^^^^^^^^^^^^^^^^^^^^^^^^^^^^^^^^^
   9 | import {
  10 |   HomeCategoryBar,
  11 |   HomeCommunityCta,

Import map: aliased to relative './src/components/home/home-hero-section' inside of [project]/

https://nextjs.org/docs/messages/module-not-found @ http://127.0.0.1:3000/_next/static/chunks/node_modules_next_dist_f3530cac._.js:3127
[  397987ms] [ERROR] ./src/app/page.tsx:8:1
Module not found: Can't resolve '@/components/home/home-hero-section'
   6 | import { ActiveJamBanner } from "@/components/jams/active-jam-banner"
   7 | import { HomeGameLane } from "@/components/home/home-game-lane"
>  8 | import { HomeHeroSection } from "@/components/home/home-hero-section"
     | ^^^^^^^^^^^^^^^^^^^^^^^^^^^^^^^^^^^^^^^^^^^^^^^^^^^^^^^^^^^^^^^^^^^^^
   9 | import {
  10 |   HomeCategoryBar,
  11 |   HomeCommunityCta,

Import map: aliased to relative './src/components/home/home-hero-section' inside of [project]/

https://nextjs.org/docs/messages/module-not-found @ http://127.0.0.1:3000/_next/static/chunks/node_modules_next_dist_f3530cac._.js:3127
[  398055ms] [ERROR] ./src/app/page.tsx:8:1
Module not found: Can't resolve '@/components/home/home-hero-section'
   6 | import { ActiveJamBanner } from "@/components/jams/active-jam-banner"
   7 | import { HomeGameLane } from "@/components/home/home-game-lane"
>  8 | import { HomeHeroSection } from "@/components/home/home-hero-section"
     | ^^^^^^^^^^^^^^^^^^^^^^^^^^^^^^^^^^^^^^^^^^^^^^^^^^^^^^^^^^^^^^^^^^^^^
   9 | import {
  10 |   HomeCategoryBar,
  11 |   HomeCommunityCta,

Import map: aliased to relative './src/components/home/home-hero-section' inside of [project]/

https://nextjs.org/docs/messages/module-not-found @ http://127.0.0.1:3000/_next/static/chunks/node_modules_next_dist_f3530cac._.js:3127
[  398125ms] [ERROR] ./src/app/page.tsx:8:1
Module not found: Can't resolve '@/components/home/home-hero-section'
   6 | import { ActiveJamBanner } from "@/components/jams/active-jam-banner"
   7 | import { HomeGameLane } from "@/components/home/home-game-lane"
>  8 | import { HomeHeroSection } from "@/components/home/home-hero-section"
     | ^^^^^^^^^^^^^^^^^^^^^^^^^^^^^^^^^^^^^^^^^^^^^^^^^^^^^^^^^^^^^^^^^^^^^
   9 | import {
  10 |   HomeCategoryBar,
  11 |   HomeCommunityCta,

Import map: aliased to relative './src/components/home/home-hero-section' inside of [project]/

https://nextjs.org/docs/messages/module-not-found @ http://127.0.0.1:3000/_next/static/chunks/node_modules_next_dist_f3530cac._.js:3127
[  398189ms] [ERROR] ./src/app/page.tsx:8:1
Module not found: Can't resolve '@/components/home/home-hero-section'
   6 | import { ActiveJamBanner } from "@/components/jams/active-jam-banner"
   7 | import { HomeGameLane } from "@/components/home/home-game-lane"
>  8 | import { HomeHeroSection } from "@/components/home/home-hero-section"
     | ^^^^^^^^^^^^^^^^^^^^^^^^^^^^^^^^^^^^^^^^^^^^^^^^^^^^^^^^^^^^^^^^^^^^^
   9 | import {
  10 |   HomeCategoryBar,
  11 |   HomeCommunityCta,

Import map: aliased to relative './src/components/home/home-hero-section' inside of [project]/

https://nextjs.org/docs/messages/module-not-found @ http://127.0.0.1:3000/_next/static/chunks/node_modules_next_dist_f3530cac._.js:3127
[  398245ms] [ERROR] ./src/app/page.tsx:8:1
Module not found: Can't resolve '@/components/home/home-hero-section'
   6 | import { ActiveJamBanner } from "@/components/jams/active-jam-banner"
   7 | import { HomeGameLane } from "@/components/home/home-game-lane"
>  8 | import { HomeHeroSection } from "@/components/home/home-hero-section"
     | ^^^^^^^^^^^^^^^^^^^^^^^^^^^^^^^^^^^^^^^^^^^^^^^^^^^^^^^^^^^^^^^^^^^^^
   9 | import {
  10 |   HomeCategoryBar,
  11 |   HomeCommunityCta,

Import map: aliased to relative './src/components/home/home-hero-section' inside of [project]/

https://nextjs.org/docs/messages/module-not-found @ http://127.0.0.1:3000/_next/static/chunks/node_modules_next_dist_f3530cac._.js:3127
[  398295ms] [ERROR] ./src/app/page.tsx:8:1
Module not found: Can't resolve '@/components/home/home-hero-section'
   6 | import { ActiveJamBanner } from "@/components/jams/active-jam-banner"
   7 | import { HomeGameLane } from "@/components/home/home-game-lane"
>  8 | import { HomeHeroSection } from "@/components/home/home-hero-section"
     | ^^^^^^^^^^^^^^^^^^^^^^^^^^^^^^^^^^^^^^^^^^^^^^^^^^^^^^^^^^^^^^^^^^^^^
   9 | import {
  10 |   HomeCategoryBar,
  11 |   HomeCommunityCta,

Import map: aliased to relative './src/components/home/home-hero-section' inside of [project]/

https://nextjs.org/docs/messages/module-not-found @ http://127.0.0.1:3000/_next/static/chunks/node_modules_next_dist_f3530cac._.js:3127
[  398347ms] [ERROR] ./src/app/page.tsx:8:1
Module not found: Can't resolve '@/components/home/home-hero-section'
   6 | import { ActiveJamBanner } from "@/components/jams/active-jam-banner"
   7 | import { HomeGameLane } from "@/components/home/home-game-lane"
>  8 | import { HomeHeroSection } from "@/components/home/home-hero-section"
     | ^^^^^^^^^^^^^^^^^^^^^^^^^^^^^^^^^^^^^^^^^^^^^^^^^^^^^^^^^^^^^^^^^^^^^
   9 | import {
  10 |   HomeCategoryBar,
  11 |   HomeCommunityCta,

Import map: aliased to relative './src/components/home/home-hero-section' inside of [project]/

https://nextjs.org/docs/messages/module-not-found @ http://127.0.0.1:3000/_next/static/chunks/node_modules_next_dist_f3530cac._.js:3127
[  398416ms] [ERROR] ./src/app/page.tsx:8:1
Module not found: Can't resolve '@/components/home/home-hero-section'
   6 | import { ActiveJamBanner } from "@/components/jams/active-jam-banner"
   7 | import { HomeGameLane } from "@/components/home/home-game-lane"
>  8 | import { HomeHeroSection } from "@/components/home/home-hero-section"
     | ^^^^^^^^^^^^^^^^^^^^^^^^^^^^^^^^^^^^^^^^^^^^^^^^^^^^^^^^^^^^^^^^^^^^^
   9 | import {
  10 |   HomeCategoryBar,
  11 |   HomeCommunityCta,

Import map: aliased to relative './src/components/home/home-hero-section' inside of [project]/

https://nextjs.org/docs/messages/module-not-found @ http://127.0.0.1:3000/_next/static/chunks/node_modules_next_dist_f3530cac._.js:3127
[  398480ms] [ERROR] ./src/app/page.tsx:8:1
Module not found: Can't resolve '@/components/home/home-hero-section'
   6 | import { ActiveJamBanner } from "@/components/jams/active-jam-banner"
   7 | import { HomeGameLane } from "@/components/home/home-game-lane"
>  8 | import { HomeHeroSection } from "@/components/home/home-hero-section"
     | ^^^^^^^^^^^^^^^^^^^^^^^^^^^^^^^^^^^^^^^^^^^^^^^^^^^^^^^^^^^^^^^^^^^^^
   9 | import {
  10 |   HomeCategoryBar,
  11 |   HomeCommunityCta,

Import map: aliased to relative './src/components/home/home-hero-section' inside of [project]/

https://nextjs.org/docs/messages/module-not-found @ http://127.0.0.1:3000/_next/static/chunks/node_modules_next_dist_f3530cac._.js:3127
[  398551ms] [ERROR] ./src/app/page.tsx:8:1
Module not found: Can't resolve '@/components/home/home-hero-section'
   6 | import { ActiveJamBanner } from "@/components/jams/active-jam-banner"
   7 | import { HomeGameLane } from "@/components/home/home-game-lane"
>  8 | import { HomeHeroSection } from "@/components/home/home-hero-section"
     | ^^^^^^^^^^^^^^^^^^^^^^^^^^^^^^^^^^^^^^^^^^^^^^^^^^^^^^^^^^^^^^^^^^^^^
   9 | import {
  10 |   HomeCategoryBar,
  11 |   HomeCommunityCta,

Import map: aliased to relative './src/components/home/home-hero-section' inside of [project]/

https://nextjs.org/docs/messages/module-not-found @ http://127.0.0.1:3000/_next/static/chunks/node_modules_next_dist_f3530cac._.js:3127
[  398636ms] [ERROR] ./src/app/page.tsx:8:1
Module not found: Can't resolve '@/components/home/home-hero-section'
   6 | import { ActiveJamBanner } from "@/components/jams/active-jam-banner"
   7 | import { HomeGameLane } from "@/components/home/home-game-lane"
>  8 | import { HomeHeroSection } from "@/components/home/home-hero-section"
     | ^^^^^^^^^^^^^^^^^^^^^^^^^^^^^^^^^^^^^^^^^^^^^^^^^^^^^^^^^^^^^^^^^^^^^
   9 | import {
  10 |   HomeCategoryBar,
  11 |   HomeCommunityCta,

Import map: aliased to relative './src/components/home/home-hero-section' inside of [project]/

https://nextjs.org/docs/messages/module-not-found @ http://127.0.0.1:3000/_next/static/chunks/node_modules_next_dist_f3530cac._.js:3127
[  398694ms] [ERROR] ./src/app/page.tsx:8:1
Module not found: Can't resolve '@/components/home/home-hero-section'
   6 | import { ActiveJamBanner } from "@/components/jams/active-jam-banner"
   7 | import { HomeGameLane } from "@/components/home/home-game-lane"
>  8 | import { HomeHeroSection } from "@/components/home/home-hero-section"
     | ^^^^^^^^^^^^^^^^^^^^^^^^^^^^^^^^^^^^^^^^^^^^^^^^^^^^^^^^^^^^^^^^^^^^^
   9 | import {
  10 |   HomeCategoryBar,
  11 |   HomeCommunityCta,

Import map: aliased to relative './src/components/home/home-hero-section' inside of [project]/

https://nextjs.org/docs/messages/module-not-found @ http://127.0.0.1:3000/_next/static/chunks/node_modules_next_dist_f3530cac._.js:3127
[  398751ms] [ERROR] ./src/app/page.tsx:8:1
Module not found: Can't resolve '@/components/home/home-hero-section'
   6 | import { ActiveJamBanner } from "@/components/jams/active-jam-banner"
   7 | import { HomeGameLane } from "@/components/home/home-game-lane"
>  8 | import { HomeHeroSection } from "@/components/home/home-hero-section"
     | ^^^^^^^^^^^^^^^^^^^^^^^^^^^^^^^^^^^^^^^^^^^^^^^^^^^^^^^^^^^^^^^^^^^^^
   9 | import {
  10 |   HomeCategoryBar,
  11 |   HomeCommunityCta,

Import map: aliased to relative './src/components/home/home-hero-section' inside of [project]/

https://nextjs.org/docs/messages/module-not-found @ http://127.0.0.1:3000/_next/static/chunks/node_modules_next_dist_f3530cac._.js:3127
[  398817ms] [ERROR] ./src/app/page.tsx:8:1
Module not found: Can't resolve '@/components/home/home-hero-section'
   6 | import { ActiveJamBanner } from "@/components/jams/active-jam-banner"
   7 | import { HomeGameLane } from "@/components/home/home-game-lane"
>  8 | import { HomeHeroSection } from "@/components/home/home-hero-section"
     | ^^^^^^^^^^^^^^^^^^^^^^^^^^^^^^^^^^^^^^^^^^^^^^^^^^^^^^^^^^^^^^^^^^^^^
   9 | import {
  10 |   HomeCategoryBar,
  11 |   HomeCommunityCta,

Import map: aliased to relative './src/components/home/home-hero-section' inside of [project]/

https://nextjs.org/docs/messages/module-not-found @ http://127.0.0.1:3000/_next/static/chunks/node_modules_next_dist_f3530cac._.js:3127
[  398887ms] [ERROR] ./src/app/page.tsx:8:1
Module not found: Can't resolve '@/components/home/home-hero-section'
   6 | import { ActiveJamBanner } from "@/components/jams/active-jam-banner"
   7 | import { HomeGameLane } from "@/components/home/home-game-lane"
>  8 | import { HomeHeroSection } from "@/components/home/home-hero-section"
     | ^^^^^^^^^^^^^^^^^^^^^^^^^^^^^^^^^^^^^^^^^^^^^^^^^^^^^^^^^^^^^^^^^^^^^
   9 | import {
  10 |   HomeCategoryBar,
  11 |   HomeCommunityCta,

Import map: aliased to relative './src/components/home/home-hero-section' inside of [project]/

https://nextjs.org/docs/messages/module-not-found @ http://127.0.0.1:3000/_next/static/chunks/node_modules_next_dist_f3530cac._.js:3127
[  398953ms] [ERROR] ./src/app/page.tsx:8:1
Module not found: Can't resolve '@/components/home/home-hero-section'
   6 | import { ActiveJamBanner } from "@/components/jams/active-jam-banner"
   7 | import { HomeGameLane } from "@/components/home/home-game-lane"
>  8 | import { HomeHeroSection } from "@/components/home/home-hero-section"
     | ^^^^^^^^^^^^^^^^^^^^^^^^^^^^^^^^^^^^^^^^^^^^^^^^^^^^^^^^^^^^^^^^^^^^^
   9 | import {
  10 |   HomeCategoryBar,
  11 |   HomeCommunityCta,

Import map: aliased to relative './src/components/home/home-hero-section' inside of [project]/

https://nextjs.org/docs/messages/module-not-found @ http://127.0.0.1:3000/_next/static/chunks/node_modules_next_dist_f3530cac._.js:3127
[  399015ms] [ERROR] ./src/app/page.tsx:8:1
Module not found: Can't resolve '@/components/home/home-hero-section'
   6 | import { ActiveJamBanner } from "@/components/jams/active-jam-banner"
   7 | import { HomeGameLane } from "@/components/home/home-game-lane"
>  8 | import { HomeHeroSection } from "@/components/home/home-hero-section"
     | ^^^^^^^^^^^^^^^^^^^^^^^^^^^^^^^^^^^^^^^^^^^^^^^^^^^^^^^^^^^^^^^^^^^^^
   9 | import {
  10 |   HomeCategoryBar,
  11 |   HomeCommunityCta,

Import map: aliased to relative './src/components/home/home-hero-section' inside of [project]/

https://nextjs.org/docs/messages/module-not-found @ http://127.0.0.1:3000/_next/static/chunks/node_modules_next_dist_f3530cac._.js:3127
[  399089ms] [ERROR] ./src/app/page.tsx:8:1
Module not found: Can't resolve '@/components/home/home-hero-section'
   6 | import { ActiveJamBanner } from "@/components/jams/active-jam-banner"
   7 | import { HomeGameLane } from "@/components/home/home-game-lane"
>  8 | import { HomeHeroSection } from "@/components/home/home-hero-section"
     | ^^^^^^^^^^^^^^^^^^^^^^^^^^^^^^^^^^^^^^^^^^^^^^^^^^^^^^^^^^^^^^^^^^^^^
   9 | import {
  10 |   HomeCategoryBar,
  11 |   HomeCommunityCta,

Import map: aliased to relative './src/components/home/home-hero-section' inside of [project]/

https://nextjs.org/docs/messages/module-not-found @ http://127.0.0.1:3000/_next/static/chunks/node_modules_next_dist_f3530cac._.js:3127
[  399156ms] [ERROR] ./src/app/page.tsx:8:1
Module not found: Can't resolve '@/components/home/home-hero-section'
   6 | import { ActiveJamBanner } from "@/components/jams/active-jam-banner"
   7 | import { HomeGameLane } from "@/components/home/home-game-lane"
>  8 | import { HomeHeroSection } from "@/components/home/home-hero-section"
     | ^^^^^^^^^^^^^^^^^^^^^^^^^^^^^^^^^^^^^^^^^^^^^^^^^^^^^^^^^^^^^^^^^^^^^
   9 | import {
  10 |   HomeCategoryBar,
  11 |   HomeCommunityCta,

Import map: aliased to relative './src/components/home/home-hero-section' inside of [project]/

https://nextjs.org/docs/messages/module-not-found @ http://127.0.0.1:3000/_next/static/chunks/node_modules_next_dist_f3530cac._.js:3127
[  399225ms] [ERROR] ./src/app/page.tsx:8:1
Module not found: Can't resolve '@/components/home/home-hero-section'
   6 | import { ActiveJamBanner } from "@/components/jams/active-jam-banner"
   7 | import { HomeGameLane } from "@/components/home/home-game-lane"
>  8 | import { HomeHeroSection } from "@/components/home/home-hero-section"
     | ^^^^^^^^^^^^^^^^^^^^^^^^^^^^^^^^^^^^^^^^^^^^^^^^^^^^^^^^^^^^^^^^^^^^^
   9 | import {
  10 |   HomeCategoryBar,
  11 |   HomeCommunityCta,

Import map: aliased to relative './src/components/home/home-hero-section' inside of [project]/

https://nextjs.org/docs/messages/module-not-found @ http://127.0.0.1:3000/_next/static/chunks/node_modules_next_dist_f3530cac._.js:3127
[  399283ms] [ERROR] ./src/app/page.tsx:8:1
Module not found: Can't resolve '@/components/home/home-hero-section'
   6 | import { ActiveJamBanner } from "@/components/jams/active-jam-banner"
   7 | import { HomeGameLane } from "@/components/home/home-game-lane"
>  8 | import { HomeHeroSection } from "@/components/home/home-hero-section"
     | ^^^^^^^^^^^^^^^^^^^^^^^^^^^^^^^^^^^^^^^^^^^^^^^^^^^^^^^^^^^^^^^^^^^^^
   9 | import {
  10 |   HomeCategoryBar,
  11 |   HomeCommunityCta,

Import map: aliased to relative './src/components/home/home-hero-section' inside of [project]/

https://nextjs.org/docs/messages/module-not-found @ http://127.0.0.1:3000/_next/static/chunks/node_modules_next_dist_f3530cac._.js:3127
[  399352ms] [ERROR] ./src/app/page.tsx:8:1
Module not found: Can't resolve '@/components/home/home-hero-section'
   6 | import { ActiveJamBanner } from "@/components/jams/active-jam-banner"
   7 | import { HomeGameLane } from "@/components/home/home-game-lane"
>  8 | import { HomeHeroSection } from "@/components/home/home-hero-section"
     | ^^^^^^^^^^^^^^^^^^^^^^^^^^^^^^^^^^^^^^^^^^^^^^^^^^^^^^^^^^^^^^^^^^^^^
   9 | import {
  10 |   HomeCategoryBar,
  11 |   HomeCommunityCta,

Import map: aliased to relative './src/components/home/home-hero-section' inside of [project]/

https://nextjs.org/docs/messages/module-not-found @ http://127.0.0.1:3000/_next/static/chunks/node_modules_next_dist_f3530cac._.js:3127
[  399403ms] [ERROR] ./src/app/page.tsx:8:1
Module not found: Can't resolve '@/components/home/home-hero-section'
   6 | import { ActiveJamBanner } from "@/components/jams/active-jam-banner"
   7 | import { HomeGameLane } from "@/components/home/home-game-lane"
>  8 | import { HomeHeroSection } from "@/components/home/home-hero-section"
     | ^^^^^^^^^^^^^^^^^^^^^^^^^^^^^^^^^^^^^^^^^^^^^^^^^^^^^^^^^^^^^^^^^^^^^
   9 | import {
  10 |   HomeCategoryBar,
  11 |   HomeCommunityCta,

Import map: aliased to relative './src/components/home/home-hero-section' inside of [project]/

https://nextjs.org/docs/messages/module-not-found @ http://127.0.0.1:3000/_next/static/chunks/node_modules_next_dist_f3530cac._.js:3127
[  399467ms] [ERROR] ./src/app/page.tsx:8:1
Module not found: Can't resolve '@/components/home/home-hero-section'
   6 | import { ActiveJamBanner } from "@/components/jams/active-jam-banner"
   7 | import { HomeGameLane } from "@/components/home/home-game-lane"
>  8 | import { HomeHeroSection } from "@/components/home/home-hero-section"
     | ^^^^^^^^^^^^^^^^^^^^^^^^^^^^^^^^^^^^^^^^^^^^^^^^^^^^^^^^^^^^^^^^^^^^^
   9 | import {
  10 |   HomeCategoryBar,
  11 |   HomeCommunityCta,

Import map: aliased to relative './src/components/home/home-hero-section' inside of [project]/

https://nextjs.org/docs/messages/module-not-found @ http://127.0.0.1:3000/_next/static/chunks/node_modules_next_dist_f3530cac._.js:3127
[  399534ms] [ERROR] ./src/app/page.tsx:8:1
Module not found: Can't resolve '@/components/home/home-hero-section'
   6 | import { ActiveJamBanner } from "@/components/jams/active-jam-banner"
   7 | import { HomeGameLane } from "@/components/home/home-game-lane"
>  8 | import { HomeHeroSection } from "@/components/home/home-hero-section"
     | ^^^^^^^^^^^^^^^^^^^^^^^^^^^^^^^^^^^^^^^^^^^^^^^^^^^^^^^^^^^^^^^^^^^^^
   9 | import {
  10 |   HomeCategoryBar,
  11 |   HomeCommunityCta,

Import map: aliased to relative './src/components/home/home-hero-section' inside of [project]/

https://nextjs.org/docs/messages/module-not-found @ http://127.0.0.1:3000/_next/static/chunks/node_modules_next_dist_f3530cac._.js:3127
[  399602ms] [ERROR] ./src/app/page.tsx:8:1
Module not found: Can't resolve '@/components/home/home-hero-section'
   6 | import { ActiveJamBanner } from "@/components/jams/active-jam-banner"
   7 | import { HomeGameLane } from "@/components/home/home-game-lane"
>  8 | import { HomeHeroSection } from "@/components/home/home-hero-section"
     | ^^^^^^^^^^^^^^^^^^^^^^^^^^^^^^^^^^^^^^^^^^^^^^^^^^^^^^^^^^^^^^^^^^^^^
   9 | import {
  10 |   HomeCategoryBar,
  11 |   HomeCommunityCta,

Import map: aliased to relative './src/components/home/home-hero-section' inside of [project]/

https://nextjs.org/docs/messages/module-not-found @ http://127.0.0.1:3000/_next/static/chunks/node_modules_next_dist_f3530cac._.js:3127
[  399671ms] [ERROR] ./src/app/page.tsx:8:1
Module not found: Can't resolve '@/components/home/home-hero-section'
   6 | import { ActiveJamBanner } from "@/components/jams/active-jam-banner"
   7 | import { HomeGameLane } from "@/components/home/home-game-lane"
>  8 | import { HomeHeroSection } from "@/components/home/home-hero-section"
     | ^^^^^^^^^^^^^^^^^^^^^^^^^^^^^^^^^^^^^^^^^^^^^^^^^^^^^^^^^^^^^^^^^^^^^
   9 | import {
  10 |   HomeCategoryBar,
  11 |   HomeCommunityCta,

Import map: aliased to relative './src/components/home/home-hero-section' inside of [project]/

https://nextjs.org/docs/messages/module-not-found @ http://127.0.0.1:3000/_next/static/chunks/node_modules_next_dist_f3530cac._.js:3127
[  399734ms] [ERROR] ./src/app/page.tsx:8:1
Module not found: Can't resolve '@/components/home/home-hero-section'
   6 | import { ActiveJamBanner } from "@/components/jams/active-jam-banner"
   7 | import { HomeGameLane } from "@/components/home/home-game-lane"
>  8 | import { HomeHeroSection } from "@/components/home/home-hero-section"
     | ^^^^^^^^^^^^^^^^^^^^^^^^^^^^^^^^^^^^^^^^^^^^^^^^^^^^^^^^^^^^^^^^^^^^^
   9 | import {
  10 |   HomeCategoryBar,
  11 |   HomeCommunityCta,

Import map: aliased to relative './src/components/home/home-hero-section' inside of [project]/

https://nextjs.org/docs/messages/module-not-found @ http://127.0.0.1:3000/_next/static/chunks/node_modules_next_dist_f3530cac._.js:3127
[  399799ms] [ERROR] ./src/app/page.tsx:8:1
Module not found: Can't resolve '@/components/home/home-hero-section'
   6 | import { ActiveJamBanner } from "@/components/jams/active-jam-banner"
   7 | import { HomeGameLane } from "@/components/home/home-game-lane"
>  8 | import { HomeHeroSection } from "@/components/home/home-hero-section"
     | ^^^^^^^^^^^^^^^^^^^^^^^^^^^^^^^^^^^^^^^^^^^^^^^^^^^^^^^^^^^^^^^^^^^^^
   9 | import {
  10 |   HomeCategoryBar,
  11 |   HomeCommunityCta,

Import map: aliased to relative './src/components/home/home-hero-section' inside of [project]/

https://nextjs.org/docs/messages/module-not-found @ http://127.0.0.1:3000/_next/static/chunks/node_modules_next_dist_f3530cac._.js:3127
[  399867ms] [ERROR] ./src/app/page.tsx:8:1
Module not found: Can't resolve '@/components/home/home-hero-section'
   6 | import { ActiveJamBanner } from "@/components/jams/active-jam-banner"
   7 | import { HomeGameLane } from "@/components/home/home-game-lane"
>  8 | import { HomeHeroSection } from "@/components/home/home-hero-section"
     | ^^^^^^^^^^^^^^^^^^^^^^^^^^^^^^^^^^^^^^^^^^^^^^^^^^^^^^^^^^^^^^^^^^^^^
   9 | import {
  10 |   HomeCategoryBar,
  11 |   HomeCommunityCta,

Import map: aliased to relative './src/components/home/home-hero-section' inside of [project]/

https://nextjs.org/docs/messages/module-not-found @ http://127.0.0.1:3000/_next/static/chunks/node_modules_next_dist_f3530cac._.js:3127
[  399948ms] [ERROR] ./src/app/page.tsx:8:1
Module not found: Can't resolve '@/components/home/home-hero-section'
   6 | import { ActiveJamBanner } from "@/components/jams/active-jam-banner"
   7 | import { HomeGameLane } from "@/components/home/home-game-lane"
>  8 | import { HomeHeroSection } from "@/components/home/home-hero-section"
     | ^^^^^^^^^^^^^^^^^^^^^^^^^^^^^^^^^^^^^^^^^^^^^^^^^^^^^^^^^^^^^^^^^^^^^
   9 | import {
  10 |   HomeCategoryBar,
  11 |   HomeCommunityCta,

Import map: aliased to relative './src/components/home/home-hero-section' inside of [project]/

https://nextjs.org/docs/messages/module-not-found @ http://127.0.0.1:3000/_next/static/chunks/node_modules_next_dist_f3530cac._.js:3127
[  400015ms] [ERROR] ./src/app/page.tsx:8:1
Module not found: Can't resolve '@/components/home/home-hero-section'
   6 | import { ActiveJamBanner } from "@/components/jams/active-jam-banner"
   7 | import { HomeGameLane } from "@/components/home/home-game-lane"
>  8 | import { HomeHeroSection } from "@/components/home/home-hero-section"
     | ^^^^^^^^^^^^^^^^^^^^^^^^^^^^^^^^^^^^^^^^^^^^^^^^^^^^^^^^^^^^^^^^^^^^^
   9 | import {
  10 |   HomeCategoryBar,
  11 |   HomeCommunityCta,

Import map: aliased to relative './src/components/home/home-hero-section' inside of [project]/

https://nextjs.org/docs/messages/module-not-found @ http://127.0.0.1:3000/_next/static/chunks/node_modules_next_dist_f3530cac._.js:3127
[  400082ms] [ERROR] ./src/app/page.tsx:8:1
Module not found: Can't resolve '@/components/home/home-hero-section'
   6 | import { ActiveJamBanner } from "@/components/jams/active-jam-banner"
   7 | import { HomeGameLane } from "@/components/home/home-game-lane"
>  8 | import { HomeHeroSection } from "@/components/home/home-hero-section"
     | ^^^^^^^^^^^^^^^^^^^^^^^^^^^^^^^^^^^^^^^^^^^^^^^^^^^^^^^^^^^^^^^^^^^^^
   9 | import {
  10 |   HomeCategoryBar,
  11 |   HomeCommunityCta,

Import map: aliased to relative './src/components/home/home-hero-section' inside of [project]/

https://nextjs.org/docs/messages/module-not-found @ http://127.0.0.1:3000/_next/static/chunks/node_modules_next_dist_f3530cac._.js:3127
[  400147ms] [ERROR] ./src/app/page.tsx:8:1
Module not found: Can't resolve '@/components/home/home-hero-section'
   6 | import { ActiveJamBanner } from "@/components/jams/active-jam-banner"
   7 | import { HomeGameLane } from "@/components/home/home-game-lane"
>  8 | import { HomeHeroSection } from "@/components/home/home-hero-section"
     | ^^^^^^^^^^^^^^^^^^^^^^^^^^^^^^^^^^^^^^^^^^^^^^^^^^^^^^^^^^^^^^^^^^^^^
   9 | import {
  10 |   HomeCategoryBar,
  11 |   HomeCommunityCta,

Import map: aliased to relative './src/components/home/home-hero-section' inside of [project]/

https://nextjs.org/docs/messages/module-not-found @ http://127.0.0.1:3000/_next/static/chunks/node_modules_next_dist_f3530cac._.js:3127
[  400236ms] [ERROR] ./src/app/page.tsx:8:1
Module not found: Can't resolve '@/components/home/home-hero-section'
   6 | import { ActiveJamBanner } from "@/components/jams/active-jam-banner"
   7 | import { HomeGameLane } from "@/components/home/home-game-lane"
>  8 | import { HomeHeroSection } from "@/components/home/home-hero-section"
     | ^^^^^^^^^^^^^^^^^^^^^^^^^^^^^^^^^^^^^^^^^^^^^^^^^^^^^^^^^^^^^^^^^^^^^
   9 | import {
  10 |   HomeCategoryBar,
  11 |   HomeCommunityCta,

Import map: aliased to relative './src/components/home/home-hero-section' inside of [project]/

https://nextjs.org/docs/messages/module-not-found @ http://127.0.0.1:3000/_next/static/chunks/node_modules_next_dist_f3530cac._.js:3127
[  400300ms] [ERROR] ./src/app/page.tsx:8:1
Module not found: Can't resolve '@/components/home/home-hero-section'
   6 | import { ActiveJamBanner } from "@/components/jams/active-jam-banner"
   7 | import { HomeGameLane } from "@/components/home/home-game-lane"
>  8 | import { HomeHeroSection } from "@/components/home/home-hero-section"
     | ^^^^^^^^^^^^^^^^^^^^^^^^^^^^^^^^^^^^^^^^^^^^^^^^^^^^^^^^^^^^^^^^^^^^^
   9 | import {
  10 |   HomeCategoryBar,
  11 |   HomeCommunityCta,

Import map: aliased to relative './src/components/home/home-hero-section' inside of [project]/

https://nextjs.org/docs/messages/module-not-found @ http://127.0.0.1:3000/_next/static/chunks/node_modules_next_dist_f3530cac._.js:3127
[  400365ms] [ERROR] ./src/app/page.tsx:8:1
Module not found: Can't resolve '@/components/home/home-hero-section'
   6 | import { ActiveJamBanner } from "@/components/jams/active-jam-banner"
   7 | import { HomeGameLane } from "@/components/home/home-game-lane"
>  8 | import { HomeHeroSection } from "@/components/home/home-hero-section"
     | ^^^^^^^^^^^^^^^^^^^^^^^^^^^^^^^^^^^^^^^^^^^^^^^^^^^^^^^^^^^^^^^^^^^^^
   9 | import {
  10 |   HomeCategoryBar,
  11 |   HomeCommunityCta,

Import map: aliased to relative './src/components/home/home-hero-section' inside of [project]/

https://nextjs.org/docs/messages/module-not-found @ http://127.0.0.1:3000/_next/static/chunks/node_modules_next_dist_f3530cac._.js:3127
[  400434ms] [ERROR] ./src/app/page.tsx:8:1
Module not found: Can't resolve '@/components/home/home-hero-section'
   6 | import { ActiveJamBanner } from "@/components/jams/active-jam-banner"
   7 | import { HomeGameLane } from "@/components/home/home-game-lane"
>  8 | import { HomeHeroSection } from "@/components/home/home-hero-section"
     | ^^^^^^^^^^^^^^^^^^^^^^^^^^^^^^^^^^^^^^^^^^^^^^^^^^^^^^^^^^^^^^^^^^^^^
   9 | import {
  10 |   HomeCategoryBar,
  11 |   HomeCommunityCta,

Import map: aliased to relative './src/components/home/home-hero-section' inside of [project]/

https://nextjs.org/docs/messages/module-not-found @ http://127.0.0.1:3000/_next/static/chunks/node_modules_next_dist_f3530cac._.js:3127
[  400499ms] [ERROR] ./src/app/page.tsx:8:1
Module not found: Can't resolve '@/components/home/home-hero-section'
   6 | import { ActiveJamBanner } from "@/components/jams/active-jam-banner"
   7 | import { HomeGameLane } from "@/components/home/home-game-lane"
>  8 | import { HomeHeroSection } from "@/components/home/home-hero-section"
     | ^^^^^^^^^^^^^^^^^^^^^^^^^^^^^^^^^^^^^^^^^^^^^^^^^^^^^^^^^^^^^^^^^^^^^
   9 | import {
  10 |   HomeCategoryBar,
  11 |   HomeCommunityCta,

Import map: aliased to relative './src/components/home/home-hero-section' inside of [project]/

https://nextjs.org/docs/messages/module-not-found @ http://127.0.0.1:3000/_next/static/chunks/node_modules_next_dist_f3530cac._.js:3127
[  400565ms] [ERROR] ./src/app/page.tsx:8:1
Module not found: Can't resolve '@/components/home/home-hero-section'
   6 | import { ActiveJamBanner } from "@/components/jams/active-jam-banner"
   7 | import { HomeGameLane } from "@/components/home/home-game-lane"
>  8 | import { HomeHeroSection } from "@/components/home/home-hero-section"
     | ^^^^^^^^^^^^^^^^^^^^^^^^^^^^^^^^^^^^^^^^^^^^^^^^^^^^^^^^^^^^^^^^^^^^^
   9 | import {
  10 |   HomeCategoryBar,
  11 |   HomeCommunityCta,

Import map: aliased to relative './src/components/home/home-hero-section' inside of [project]/

https://nextjs.org/docs/messages/module-not-found @ http://127.0.0.1:3000/_next/static/chunks/node_modules_next_dist_f3530cac._.js:3127
[  400633ms] [ERROR] ./src/app/page.tsx:8:1
Module not found: Can't resolve '@/components/home/home-hero-section'
   6 | import { ActiveJamBanner } from "@/components/jams/active-jam-banner"
   7 | import { HomeGameLane } from "@/components/home/home-game-lane"
>  8 | import { HomeHeroSection } from "@/components/home/home-hero-section"
     | ^^^^^^^^^^^^^^^^^^^^^^^^^^^^^^^^^^^^^^^^^^^^^^^^^^^^^^^^^^^^^^^^^^^^^
   9 | import {
  10 |   HomeCategoryBar,
  11 |   HomeCommunityCta,

Import map: aliased to relative './src/components/home/home-hero-section' inside of [project]/

https://nextjs.org/docs/messages/module-not-found @ http://127.0.0.1:3000/_next/static/chunks/node_modules_next_dist_f3530cac._.js:3127
[  400701ms] [ERROR] ./src/app/page.tsx:8:1
Module not found: Can't resolve '@/components/home/home-hero-section'
   6 | import { ActiveJamBanner } from "@/components/jams/active-jam-banner"
   7 | import { HomeGameLane } from "@/components/home/home-game-lane"
>  8 | import { HomeHeroSection } from "@/components/home/home-hero-section"
     | ^^^^^^^^^^^^^^^^^^^^^^^^^^^^^^^^^^^^^^^^^^^^^^^^^^^^^^^^^^^^^^^^^^^^^
   9 | import {
  10 |   HomeCategoryBar,
  11 |   HomeCommunityCta,

Import map: aliased to relative './src/components/home/home-hero-section' inside of [project]/

https://nextjs.org/docs/messages/module-not-found @ http://127.0.0.1:3000/_next/static/chunks/node_modules_next_dist_f3530cac._.js:3127
[  400767ms] [ERROR] ./src/app/page.tsx:8:1
Module not found: Can't resolve '@/components/home/home-hero-section'
   6 | import { ActiveJamBanner } from "@/components/jams/active-jam-banner"
   7 | import { HomeGameLane } from "@/components/home/home-game-lane"
>  8 | import { HomeHeroSection } from "@/components/home/home-hero-section"
     | ^^^^^^^^^^^^^^^^^^^^^^^^^^^^^^^^^^^^^^^^^^^^^^^^^^^^^^^^^^^^^^^^^^^^^
   9 | import {
  10 |   HomeCategoryBar,
  11 |   HomeCommunityCta,

Import map: aliased to relative './src/components/home/home-hero-section' inside of [project]/

https://nextjs.org/docs/messages/module-not-found @ http://127.0.0.1:3000/_next/static/chunks/node_modules_next_dist_f3530cac._.js:3127
[  400833ms] [ERROR] ./src/app/page.tsx:8:1
Module not found: Can't resolve '@/components/home/home-hero-section'
   6 | import { ActiveJamBanner } from "@/components/jams/active-jam-banner"
   7 | import { HomeGameLane } from "@/components/home/home-game-lane"
>  8 | import { HomeHeroSection } from "@/components/home/home-hero-section"
     | ^^^^^^^^^^^^^^^^^^^^^^^^^^^^^^^^^^^^^^^^^^^^^^^^^^^^^^^^^^^^^^^^^^^^^
   9 | import {
  10 |   HomeCategoryBar,
  11 |   HomeCommunityCta,

Import map: aliased to relative './src/components/home/home-hero-section' inside of [project]/

https://nextjs.org/docs/messages/module-not-found @ http://127.0.0.1:3000/_next/static/chunks/node_modules_next_dist_f3530cac._.js:3127
[  400897ms] [ERROR] ./src/app/page.tsx:8:1
Module not found: Can't resolve '@/components/home/home-hero-section'
   6 | import { ActiveJamBanner } from "@/components/jams/active-jam-banner"
   7 | import { HomeGameLane } from "@/components/home/home-game-lane"
>  8 | import { HomeHeroSection } from "@/components/home/home-hero-section"
     | ^^^^^^^^^^^^^^^^^^^^^^^^^^^^^^^^^^^^^^^^^^^^^^^^^^^^^^^^^^^^^^^^^^^^^
   9 | import {
  10 |   HomeCategoryBar,
  11 |   HomeCommunityCta,

Import map: aliased to relative './src/components/home/home-hero-section' inside of [project]/

https://nextjs.org/docs/messages/module-not-found @ http://127.0.0.1:3000/_next/static/chunks/node_modules_next_dist_f3530cac._.js:3127
[  400959ms] [ERROR] ./src/app/page.tsx:8:1
Module not found: Can't resolve '@/components/home/home-hero-section'
   6 | import { ActiveJamBanner } from "@/components/jams/active-jam-banner"
   7 | import { HomeGameLane } from "@/components/home/home-game-lane"
>  8 | import { HomeHeroSection } from "@/components/home/home-hero-section"
     | ^^^^^^^^^^^^^^^^^^^^^^^^^^^^^^^^^^^^^^^^^^^^^^^^^^^^^^^^^^^^^^^^^^^^^
   9 | import {
  10 |   HomeCategoryBar,
  11 |   HomeCommunityCta,

Import map: aliased to relative './src/components/home/home-hero-section' inside of [project]/

https://nextjs.org/docs/messages/module-not-found @ http://127.0.0.1:3000/_next/static/chunks/node_modules_next_dist_f3530cac._.js:3127
[  401030ms] [ERROR] ./src/app/page.tsx:8:1
Module not found: Can't resolve '@/components/home/home-hero-section'
   6 | import { ActiveJamBanner } from "@/components/jams/active-jam-banner"
   7 | import { HomeGameLane } from "@/components/home/home-game-lane"
>  8 | import { HomeHeroSection } from "@/components/home/home-hero-section"
     | ^^^^^^^^^^^^^^^^^^^^^^^^^^^^^^^^^^^^^^^^^^^^^^^^^^^^^^^^^^^^^^^^^^^^^
   9 | import {
  10 |   HomeCategoryBar,
  11 |   HomeCommunityCta,

Import map: aliased to relative './src/components/home/home-hero-section' inside of [project]/

https://nextjs.org/docs/messages/module-not-found @ http://127.0.0.1:3000/_next/static/chunks/node_modules_next_dist_f3530cac._.js:3127
[  401095ms] [ERROR] ./src/app/page.tsx:8:1
Module not found: Can't resolve '@/components/home/home-hero-section'
   6 | import { ActiveJamBanner } from "@/components/jams/active-jam-banner"
   7 | import { HomeGameLane } from "@/components/home/home-game-lane"
>  8 | import { HomeHeroSection } from "@/components/home/home-hero-section"
     | ^^^^^^^^^^^^^^^^^^^^^^^^^^^^^^^^^^^^^^^^^^^^^^^^^^^^^^^^^^^^^^^^^^^^^
   9 | import {
  10 |   HomeCategoryBar,
  11 |   HomeCommunityCta,

Import map: aliased to relative './src/components/home/home-hero-section' inside of [project]/

https://nextjs.org/docs/messages/module-not-found @ http://127.0.0.1:3000/_next/static/chunks/node_modules_next_dist_f3530cac._.js:3127
[  401164ms] [ERROR] ./src/app/page.tsx:8:1
Module not found: Can't resolve '@/components/home/home-hero-section'
   6 | import { ActiveJamBanner } from "@/components/jams/active-jam-banner"
   7 | import { HomeGameLane } from "@/components/home/home-game-lane"
>  8 | import { HomeHeroSection } from "@/components/home/home-hero-section"
     | ^^^^^^^^^^^^^^^^^^^^^^^^^^^^^^^^^^^^^^^^^^^^^^^^^^^^^^^^^^^^^^^^^^^^^
   9 | import {
  10 |   HomeCategoryBar,
  11 |   HomeCommunityCta,

Import map: aliased to relative './src/components/home/home-hero-section' inside of [project]/

https://nextjs.org/docs/messages/module-not-found @ http://127.0.0.1:3000/_next/static/chunks/node_modules_next_dist_f3530cac._.js:3127
[  401229ms] [ERROR] ./src/app/page.tsx:8:1
Module not found: Can't resolve '@/components/home/home-hero-section'
   6 | import { ActiveJamBanner } from "@/components/jams/active-jam-banner"
   7 | import { HomeGameLane } from "@/components/home/home-game-lane"
>  8 | import { HomeHeroSection } from "@/components/home/home-hero-section"
     | ^^^^^^^^^^^^^^^^^^^^^^^^^^^^^^^^^^^^^^^^^^^^^^^^^^^^^^^^^^^^^^^^^^^^^
   9 | import {
  10 |   HomeCategoryBar,
  11 |   HomeCommunityCta,

Import map: aliased to relative './src/components/home/home-hero-section' inside of [project]/

https://nextjs.org/docs/messages/module-not-found @ http://127.0.0.1:3000/_next/static/chunks/node_modules_next_dist_f3530cac._.js:3127
[  401296ms] [ERROR] ./src/app/page.tsx:8:1
Module not found: Can't resolve '@/components/home/home-hero-section'
   6 | import { ActiveJamBanner } from "@/components/jams/active-jam-banner"
   7 | import { HomeGameLane } from "@/components/home/home-game-lane"
>  8 | import { HomeHeroSection } from "@/components/home/home-hero-section"
     | ^^^^^^^^^^^^^^^^^^^^^^^^^^^^^^^^^^^^^^^^^^^^^^^^^^^^^^^^^^^^^^^^^^^^^
   9 | import {
  10 |   HomeCategoryBar,
  11 |   HomeCommunityCta,

Import map: aliased to relative './src/components/home/home-hero-section' inside of [project]/

https://nextjs.org/docs/messages/module-not-found @ http://127.0.0.1:3000/_next/static/chunks/node_modules_next_dist_f3530cac._.js:3127
[  401364ms] [ERROR] ./src/app/page.tsx:8:1
Module not found: Can't resolve '@/components/home/home-hero-section'
   6 | import { ActiveJamBanner } from "@/components/jams/active-jam-banner"
   7 | import { HomeGameLane } from "@/components/home/home-game-lane"
>  8 | import { HomeHeroSection } from "@/components/home/home-hero-section"
     | ^^^^^^^^^^^^^^^^^^^^^^^^^^^^^^^^^^^^^^^^^^^^^^^^^^^^^^^^^^^^^^^^^^^^^
   9 | import {
  10 |   HomeCategoryBar,
  11 |   HomeCommunityCta,

Import map: aliased to relative './src/components/home/home-hero-section' inside of [project]/

https://nextjs.org/docs/messages/module-not-found @ http://127.0.0.1:3000/_next/static/chunks/node_modules_next_dist_f3530cac._.js:3127
[  401428ms] [ERROR] ./src/app/page.tsx:8:1
Module not found: Can't resolve '@/components/home/home-hero-section'
   6 | import { ActiveJamBanner } from "@/components/jams/active-jam-banner"
   7 | import { HomeGameLane } from "@/components/home/home-game-lane"
>  8 | import { HomeHeroSection } from "@/components/home/home-hero-section"
     | ^^^^^^^^^^^^^^^^^^^^^^^^^^^^^^^^^^^^^^^^^^^^^^^^^^^^^^^^^^^^^^^^^^^^^
   9 | import {
  10 |   HomeCategoryBar,
  11 |   HomeCommunityCta,

Import map: aliased to relative './src/components/home/home-hero-section' inside of [project]/

https://nextjs.org/docs/messages/module-not-found @ http://127.0.0.1:3000/_next/static/chunks/node_modules_next_dist_f3530cac._.js:3127
[  401497ms] [ERROR] ./src/app/page.tsx:8:1
Module not found: Can't resolve '@/components/home/home-hero-section'
   6 | import { ActiveJamBanner } from "@/components/jams/active-jam-banner"
   7 | import { HomeGameLane } from "@/components/home/home-game-lane"
>  8 | import { HomeHeroSection } from "@/components/home/home-hero-section"
     | ^^^^^^^^^^^^^^^^^^^^^^^^^^^^^^^^^^^^^^^^^^^^^^^^^^^^^^^^^^^^^^^^^^^^^
   9 | import {
  10 |   HomeCategoryBar,
  11 |   HomeCommunityCta,

Import map: aliased to relative './src/components/home/home-hero-section' inside of [project]/

https://nextjs.org/docs/messages/module-not-found @ http://127.0.0.1:3000/_next/static/chunks/node_modules_next_dist_f3530cac._.js:3127
[  401563ms] [ERROR] ./src/app/page.tsx:8:1
Module not found: Can't resolve '@/components/home/home-hero-section'
   6 | import { ActiveJamBanner } from "@/components/jams/active-jam-banner"
   7 | import { HomeGameLane } from "@/components/home/home-game-lane"
>  8 | import { HomeHeroSection } from "@/components/home/home-hero-section"
     | ^^^^^^^^^^^^^^^^^^^^^^^^^^^^^^^^^^^^^^^^^^^^^^^^^^^^^^^^^^^^^^^^^^^^^
   9 | import {
  10 |   HomeCategoryBar,
  11 |   HomeCommunityCta,

Import map: aliased to relative './src/components/home/home-hero-section' inside of [project]/

https://nextjs.org/docs/messages/module-not-found @ http://127.0.0.1:3000/_next/static/chunks/node_modules_next_dist_f3530cac._.js:3127
[  401630ms] [ERROR] ./src/app/page.tsx:8:1
Module not found: Can't resolve '@/components/home/home-hero-section'
   6 | import { ActiveJamBanner } from "@/components/jams/active-jam-banner"
   7 | import { HomeGameLane } from "@/components/home/home-game-lane"
>  8 | import { HomeHeroSection } from "@/components/home/home-hero-section"
     | ^^^^^^^^^^^^^^^^^^^^^^^^^^^^^^^^^^^^^^^^^^^^^^^^^^^^^^^^^^^^^^^^^^^^^
   9 | import {
  10 |   HomeCategoryBar,
  11 |   HomeCommunityCta,

Import map: aliased to relative './src/components/home/home-hero-section' inside of [project]/

https://nextjs.org/docs/messages/module-not-found @ http://127.0.0.1:3000/_next/static/chunks/node_modules_next_dist_f3530cac._.js:3127
[  401698ms] [ERROR] ./src/app/page.tsx:8:1
Module not found: Can't resolve '@/components/home/home-hero-section'
   6 | import { ActiveJamBanner } from "@/components/jams/active-jam-banner"
   7 | import { HomeGameLane } from "@/components/home/home-game-lane"
>  8 | import { HomeHeroSection } from "@/components/home/home-hero-section"
     | ^^^^^^^^^^^^^^^^^^^^^^^^^^^^^^^^^^^^^^^^^^^^^^^^^^^^^^^^^^^^^^^^^^^^^
   9 | import {
  10 |   HomeCategoryBar,
  11 |   HomeCommunityCta,

Import map: aliased to relative './src/components/home/home-hero-section' inside of [project]/

https://nextjs.org/docs/messages/module-not-found @ http://127.0.0.1:3000/_next/static/chunks/node_modules_next_dist_f3530cac._.js:3127
[  401763ms] [ERROR] ./src/app/page.tsx:8:1
Module not found: Can't resolve '@/components/home/home-hero-section'
   6 | import { ActiveJamBanner } from "@/components/jams/active-jam-banner"
   7 | import { HomeGameLane } from "@/components/home/home-game-lane"
>  8 | import { HomeHeroSection } from "@/components/home/home-hero-section"
     | ^^^^^^^^^^^^^^^^^^^^^^^^^^^^^^^^^^^^^^^^^^^^^^^^^^^^^^^^^^^^^^^^^^^^^
   9 | import {
  10 |   HomeCategoryBar,
  11 |   HomeCommunityCta,

Import map: aliased to relative './src/components/home/home-hero-section' inside of [project]/

https://nextjs.org/docs/messages/module-not-found @ http://127.0.0.1:3000/_next/static/chunks/node_modules_next_dist_f3530cac._.js:3127
[  401830ms] [ERROR] ./src/app/page.tsx:8:1
Module not found: Can't resolve '@/components/home/home-hero-section'
   6 | import { ActiveJamBanner } from "@/components/jams/active-jam-banner"
   7 | import { HomeGameLane } from "@/components/home/home-game-lane"
>  8 | import { HomeHeroSection } from "@/components/home/home-hero-section"
     | ^^^^^^^^^^^^^^^^^^^^^^^^^^^^^^^^^^^^^^^^^^^^^^^^^^^^^^^^^^^^^^^^^^^^^
   9 | import {
  10 |   HomeCategoryBar,
  11 |   HomeCommunityCta,

Import map: aliased to relative './src/components/home/home-hero-section' inside of [project]/

https://nextjs.org/docs/messages/module-not-found @ http://127.0.0.1:3000/_next/static/chunks/node_modules_next_dist_f3530cac._.js:3127
[  401896ms] [ERROR] ./src/app/page.tsx:8:1
Module not found: Can't resolve '@/components/home/home-hero-section'
   6 | import { ActiveJamBanner } from "@/components/jams/active-jam-banner"
   7 | import { HomeGameLane } from "@/components/home/home-game-lane"
>  8 | import { HomeHeroSection } from "@/components/home/home-hero-section"
     | ^^^^^^^^^^^^^^^^^^^^^^^^^^^^^^^^^^^^^^^^^^^^^^^^^^^^^^^^^^^^^^^^^^^^^
   9 | import {
  10 |   HomeCategoryBar,
  11 |   HomeCommunityCta,

Import map: aliased to relative './src/components/home/home-hero-section' inside of [project]/

https://nextjs.org/docs/messages/module-not-found @ http://127.0.0.1:3000/_next/static/chunks/node_modules_next_dist_f3530cac._.js:3127
[  401964ms] [ERROR] ./src/app/page.tsx:8:1
Module not found: Can't resolve '@/components/home/home-hero-section'
   6 | import { ActiveJamBanner } from "@/components/jams/active-jam-banner"
   7 | import { HomeGameLane } from "@/components/home/home-game-lane"
>  8 | import { HomeHeroSection } from "@/components/home/home-hero-section"
     | ^^^^^^^^^^^^^^^^^^^^^^^^^^^^^^^^^^^^^^^^^^^^^^^^^^^^^^^^^^^^^^^^^^^^^
   9 | import {
  10 |   HomeCategoryBar,
  11 |   HomeCommunityCta,

Import map: aliased to relative './src/components/home/home-hero-section' inside of [project]/

https://nextjs.org/docs/messages/module-not-found @ http://127.0.0.1:3000/_next/static/chunks/node_modules_next_dist_f3530cac._.js:3127
[  402030ms] [ERROR] ./src/app/page.tsx:8:1
Module not found: Can't resolve '@/components/home/home-hero-section'
   6 | import { ActiveJamBanner } from "@/components/jams/active-jam-banner"
   7 | import { HomeGameLane } from "@/components/home/home-game-lane"
>  8 | import { HomeHeroSection } from "@/components/home/home-hero-section"
     | ^^^^^^^^^^^^^^^^^^^^^^^^^^^^^^^^^^^^^^^^^^^^^^^^^^^^^^^^^^^^^^^^^^^^^
   9 | import {
  10 |   HomeCategoryBar,
  11 |   HomeCommunityCta,

Import map: aliased to relative './src/components/home/home-hero-section' inside of [project]/

https://nextjs.org/docs/messages/module-not-found @ http://127.0.0.1:3000/_next/static/chunks/node_modules_next_dist_f3530cac._.js:3127
[  402093ms] [ERROR] ./src/app/page.tsx:8:1
Module not found: Can't resolve '@/components/home/home-hero-section'
   6 | import { ActiveJamBanner } from "@/components/jams/active-jam-banner"
   7 | import { HomeGameLane } from "@/components/home/home-game-lane"
>  8 | import { HomeHeroSection } from "@/components/home/home-hero-section"
     | ^^^^^^^^^^^^^^^^^^^^^^^^^^^^^^^^^^^^^^^^^^^^^^^^^^^^^^^^^^^^^^^^^^^^^
   9 | import {
  10 |   HomeCategoryBar,
  11 |   HomeCommunityCta,

Import map: aliased to relative './src/components/home/home-hero-section' inside of [project]/

https://nextjs.org/docs/messages/module-not-found @ http://127.0.0.1:3000/_next/static/chunks/node_modules_next_dist_f3530cac._.js:3127
[  402161ms] [ERROR] ./src/app/page.tsx:8:1
Module not found: Can't resolve '@/components/home/home-hero-section'
   6 | import { ActiveJamBanner } from "@/components/jams/active-jam-banner"
   7 | import { HomeGameLane } from "@/components/home/home-game-lane"
>  8 | import { HomeHeroSection } from "@/components/home/home-hero-section"
     | ^^^^^^^^^^^^^^^^^^^^^^^^^^^^^^^^^^^^^^^^^^^^^^^^^^^^^^^^^^^^^^^^^^^^^
   9 | import {
  10 |   HomeCategoryBar,
  11 |   HomeCommunityCta,

Import map: aliased to relative './src/components/home/home-hero-section' inside of [project]/

https://nextjs.org/docs/messages/module-not-found @ http://127.0.0.1:3000/_next/static/chunks/node_modules_next_dist_f3530cac._.js:3127
[  402223ms] [ERROR] ./src/app/page.tsx:8:1
Module not found: Can't resolve '@/components/home/home-hero-section'
   6 | import { ActiveJamBanner } from "@/components/jams/active-jam-banner"
   7 | import { HomeGameLane } from "@/components/home/home-game-lane"
>  8 | import { HomeHeroSection } from "@/components/home/home-hero-section"
     | ^^^^^^^^^^^^^^^^^^^^^^^^^^^^^^^^^^^^^^^^^^^^^^^^^^^^^^^^^^^^^^^^^^^^^
   9 | import {
  10 |   HomeCategoryBar,
  11 |   HomeCommunityCta,

Import map: aliased to relative './src/components/home/home-hero-section' inside of [project]/

https://nextjs.org/docs/messages/module-not-found @ http://127.0.0.1:3000/_next/static/chunks/node_modules_next_dist_f3530cac._.js:3127
[  402294ms] [ERROR] ./src/app/page.tsx:8:1
Module not found: Can't resolve '@/components/home/home-hero-section'
   6 | import { ActiveJamBanner } from "@/components/jams/active-jam-banner"
   7 | import { HomeGameLane } from "@/components/home/home-game-lane"
>  8 | import { HomeHeroSection } from "@/components/home/home-hero-section"
     | ^^^^^^^^^^^^^^^^^^^^^^^^^^^^^^^^^^^^^^^^^^^^^^^^^^^^^^^^^^^^^^^^^^^^^
   9 | import {
  10 |   HomeCategoryBar,
  11 |   HomeCommunityCta,

Import map: aliased to relative './src/components/home/home-hero-section' inside of [project]/

https://nextjs.org/docs/messages/module-not-found @ http://127.0.0.1:3000/_next/static/chunks/node_modules_next_dist_f3530cac._.js:3127
[  402348ms] [ERROR] ./src/app/page.tsx:8:1
Module not found: Can't resolve '@/components/home/home-hero-section'
   6 | import { ActiveJamBanner } from "@/components/jams/active-jam-banner"
   7 | import { HomeGameLane } from "@/components/home/home-game-lane"
>  8 | import { HomeHeroSection } from "@/components/home/home-hero-section"
     | ^^^^^^^^^^^^^^^^^^^^^^^^^^^^^^^^^^^^^^^^^^^^^^^^^^^^^^^^^^^^^^^^^^^^^
   9 | import {
  10 |   HomeCategoryBar,
  11 |   HomeCommunityCta,

Import map: aliased to relative './src/components/home/home-hero-section' inside of [project]/

https://nextjs.org/docs/messages/module-not-found @ http://127.0.0.1:3000/_next/static/chunks/node_modules_next_dist_f3530cac._.js:3127
[  402413ms] [ERROR] ./src/app/page.tsx:8:1
Module not found: Can't resolve '@/components/home/home-hero-section'
   6 | import { ActiveJamBanner } from "@/components/jams/active-jam-banner"
   7 | import { HomeGameLane } from "@/components/home/home-game-lane"
>  8 | import { HomeHeroSection } from "@/components/home/home-hero-section"
     | ^^^^^^^^^^^^^^^^^^^^^^^^^^^^^^^^^^^^^^^^^^^^^^^^^^^^^^^^^^^^^^^^^^^^^
   9 | import {
  10 |   HomeCategoryBar,
  11 |   HomeCommunityCta,

Import map: aliased to relative './src/components/home/home-hero-section' inside of [project]/

https://nextjs.org/docs/messages/module-not-found @ http://127.0.0.1:3000/_next/static/chunks/node_modules_next_dist_f3530cac._.js:3127
[  402476ms] [ERROR] ./src/app/page.tsx:8:1
Module not found: Can't resolve '@/components/home/home-hero-section'
   6 | import { ActiveJamBanner } from "@/components/jams/active-jam-banner"
   7 | import { HomeGameLane } from "@/components/home/home-game-lane"
>  8 | import { HomeHeroSection } from "@/components/home/home-hero-section"
     | ^^^^^^^^^^^^^^^^^^^^^^^^^^^^^^^^^^^^^^^^^^^^^^^^^^^^^^^^^^^^^^^^^^^^^
   9 | import {
  10 |   HomeCategoryBar,
  11 |   HomeCommunityCta,

Import map: aliased to relative './src/components/home/home-hero-section' inside of [project]/

https://nextjs.org/docs/messages/module-not-found @ http://127.0.0.1:3000/_next/static/chunks/node_modules_next_dist_f3530cac._.js:3127
[  402544ms] [ERROR] ./src/app/page.tsx:8:1
Module not found: Can't resolve '@/components/home/home-hero-section'
   6 | import { ActiveJamBanner } from "@/components/jams/active-jam-banner"
   7 | import { HomeGameLane } from "@/components/home/home-game-lane"
>  8 | import { HomeHeroSection } from "@/components/home/home-hero-section"
     | ^^^^^^^^^^^^^^^^^^^^^^^^^^^^^^^^^^^^^^^^^^^^^^^^^^^^^^^^^^^^^^^^^^^^^
   9 | import {
  10 |   HomeCategoryBar,
  11 |   HomeCommunityCta,

Import map: aliased to relative './src/components/home/home-hero-section' inside of [project]/

https://nextjs.org/docs/messages/module-not-found @ http://127.0.0.1:3000/_next/static/chunks/node_modules_next_dist_f3530cac._.js:3127
[  402612ms] [ERROR] ./src/app/page.tsx:8:1
Module not found: Can't resolve '@/components/home/home-hero-section'
   6 | import { ActiveJamBanner } from "@/components/jams/active-jam-banner"
   7 | import { HomeGameLane } from "@/components/home/home-game-lane"
>  8 | import { HomeHeroSection } from "@/components/home/home-hero-section"
     | ^^^^^^^^^^^^^^^^^^^^^^^^^^^^^^^^^^^^^^^^^^^^^^^^^^^^^^^^^^^^^^^^^^^^^
   9 | import {
  10 |   HomeCategoryBar,
  11 |   HomeCommunityCta,

Import map: aliased to relative './src/components/home/home-hero-section' inside of [project]/

https://nextjs.org/docs/messages/module-not-found @ http://127.0.0.1:3000/_next/static/chunks/node_modules_next_dist_f3530cac._.js:3127
[  402678ms] [ERROR] ./src/app/page.tsx:8:1
Module not found: Can't resolve '@/components/home/home-hero-section'
   6 | import { ActiveJamBanner } from "@/components/jams/active-jam-banner"
   7 | import { HomeGameLane } from "@/components/home/home-game-lane"
>  8 | import { HomeHeroSection } from "@/components/home/home-hero-section"
     | ^^^^^^^^^^^^^^^^^^^^^^^^^^^^^^^^^^^^^^^^^^^^^^^^^^^^^^^^^^^^^^^^^^^^^
   9 | import {
  10 |   HomeCategoryBar,
  11 |   HomeCommunityCta,

Import map: aliased to relative './src/components/home/home-hero-section' inside of [project]/

https://nextjs.org/docs/messages/module-not-found @ http://127.0.0.1:3000/_next/static/chunks/node_modules_next_dist_f3530cac._.js:3127
[  402743ms] [ERROR] ./src/app/page.tsx:8:1
Module not found: Can't resolve '@/components/home/home-hero-section'
   6 | import { ActiveJamBanner } from "@/components/jams/active-jam-banner"
   7 | import { HomeGameLane } from "@/components/home/home-game-lane"
>  8 | import { HomeHeroSection } from "@/components/home/home-hero-section"
     | ^^^^^^^^^^^^^^^^^^^^^^^^^^^^^^^^^^^^^^^^^^^^^^^^^^^^^^^^^^^^^^^^^^^^^
   9 | import {
  10 |   HomeCategoryBar,
  11 |   HomeCommunityCta,

Import map: aliased to relative './src/components/home/home-hero-section' inside of [project]/

https://nextjs.org/docs/messages/module-not-found @ http://127.0.0.1:3000/_next/static/chunks/node_modules_next_dist_f3530cac._.js:3127
[  402811ms] [ERROR] ./src/app/page.tsx:8:1
Module not found: Can't resolve '@/components/home/home-hero-section'
   6 | import { ActiveJamBanner } from "@/components/jams/active-jam-banner"
   7 | import { HomeGameLane } from "@/components/home/home-game-lane"
>  8 | import { HomeHeroSection } from "@/components/home/home-hero-section"
     | ^^^^^^^^^^^^^^^^^^^^^^^^^^^^^^^^^^^^^^^^^^^^^^^^^^^^^^^^^^^^^^^^^^^^^
   9 | import {
  10 |   HomeCategoryBar,
  11 |   HomeCommunityCta,

Import map: aliased to relative './src/components/home/home-hero-section' inside of [project]/

https://nextjs.org/docs/messages/module-not-found @ http://127.0.0.1:3000/_next/static/chunks/node_modules_next_dist_f3530cac._.js:3127
[  402876ms] [ERROR] ./src/app/page.tsx:8:1
Module not found: Can't resolve '@/components/home/home-hero-section'
   6 | import { ActiveJamBanner } from "@/components/jams/active-jam-banner"
   7 | import { HomeGameLane } from "@/components/home/home-game-lane"
>  8 | import { HomeHeroSection } from "@/components/home/home-hero-section"
     | ^^^^^^^^^^^^^^^^^^^^^^^^^^^^^^^^^^^^^^^^^^^^^^^^^^^^^^^^^^^^^^^^^^^^^
   9 | import {
  10 |   HomeCategoryBar,
  11 |   HomeCommunityCta,

Import map: aliased to relative './src/components/home/home-hero-section' inside of [project]/

https://nextjs.org/docs/messages/module-not-found @ http://127.0.0.1:3000/_next/static/chunks/node_modules_next_dist_f3530cac._.js:3127
[  402945ms] [ERROR] ./src/app/page.tsx:8:1
Module not found: Can't resolve '@/components/home/home-hero-section'
   6 | import { ActiveJamBanner } from "@/components/jams/active-jam-banner"
   7 | import { HomeGameLane } from "@/components/home/home-game-lane"
>  8 | import { HomeHeroSection } from "@/components/home/home-hero-section"
     | ^^^^^^^^^^^^^^^^^^^^^^^^^^^^^^^^^^^^^^^^^^^^^^^^^^^^^^^^^^^^^^^^^^^^^
   9 | import {
  10 |   HomeCategoryBar,
  11 |   HomeCommunityCta,

Import map: aliased to relative './src/components/home/home-hero-section' inside of [project]/

https://nextjs.org/docs/messages/module-not-found @ http://127.0.0.1:3000/_next/static/chunks/node_modules_next_dist_f3530cac._.js:3127
[  403010ms] [ERROR] ./src/app/page.tsx:8:1
Module not found: Can't resolve '@/components/home/home-hero-section'
   6 | import { ActiveJamBanner } from "@/components/jams/active-jam-banner"
   7 | import { HomeGameLane } from "@/components/home/home-game-lane"
>  8 | import { HomeHeroSection } from "@/components/home/home-hero-section"
     | ^^^^^^^^^^^^^^^^^^^^^^^^^^^^^^^^^^^^^^^^^^^^^^^^^^^^^^^^^^^^^^^^^^^^^
   9 | import {
  10 |   HomeCategoryBar,
  11 |   HomeCommunityCta,

Import map: aliased to relative './src/components/home/home-hero-section' inside of [project]/

https://nextjs.org/docs/messages/module-not-found @ http://127.0.0.1:3000/_next/static/chunks/node_modules_next_dist_f3530cac._.js:3127
[  403080ms] [ERROR] ./src/app/page.tsx:8:1
Module not found: Can't resolve '@/components/home/home-hero-section'
   6 | import { ActiveJamBanner } from "@/components/jams/active-jam-banner"
   7 | import { HomeGameLane } from "@/components/home/home-game-lane"
>  8 | import { HomeHeroSection } from "@/components/home/home-hero-section"
     | ^^^^^^^^^^^^^^^^^^^^^^^^^^^^^^^^^^^^^^^^^^^^^^^^^^^^^^^^^^^^^^^^^^^^^
   9 | import {
  10 |   HomeCategoryBar,
  11 |   HomeCommunityCta,

Import map: aliased to relative './src/components/home/home-hero-section' inside of [project]/

https://nextjs.org/docs/messages/module-not-found @ http://127.0.0.1:3000/_next/static/chunks/node_modules_next_dist_f3530cac._.js:3127
[  403144ms] [ERROR] ./src/app/page.tsx:8:1
Module not found: Can't resolve '@/components/home/home-hero-section'
   6 | import { ActiveJamBanner } from "@/components/jams/active-jam-banner"
   7 | import { HomeGameLane } from "@/components/home/home-game-lane"
>  8 | import { HomeHeroSection } from "@/components/home/home-hero-section"
     | ^^^^^^^^^^^^^^^^^^^^^^^^^^^^^^^^^^^^^^^^^^^^^^^^^^^^^^^^^^^^^^^^^^^^^
   9 | import {
  10 |   HomeCategoryBar,
  11 |   HomeCommunityCta,

Import map: aliased to relative './src/components/home/home-hero-section' inside of [project]/

https://nextjs.org/docs/messages/module-not-found @ http://127.0.0.1:3000/_next/static/chunks/node_modules_next_dist_f3530cac._.js:3127
[  403210ms] [ERROR] ./src/app/page.tsx:8:1
Module not found: Can't resolve '@/components/home/home-hero-section'
   6 | import { ActiveJamBanner } from "@/components/jams/active-jam-banner"
   7 | import { HomeGameLane } from "@/components/home/home-game-lane"
>  8 | import { HomeHeroSection } from "@/components/home/home-hero-section"
     | ^^^^^^^^^^^^^^^^^^^^^^^^^^^^^^^^^^^^^^^^^^^^^^^^^^^^^^^^^^^^^^^^^^^^^
   9 | import {
  10 |   HomeCategoryBar,
  11 |   HomeCommunityCta,

Import map: aliased to relative './src/components/home/home-hero-section' inside of [project]/

https://nextjs.org/docs/messages/module-not-found @ http://127.0.0.1:3000/_next/static/chunks/node_modules_next_dist_f3530cac._.js:3127
[  403269ms] [ERROR] ./src/app/page.tsx:8:1
Module not found: Can't resolve '@/components/home/home-hero-section'
   6 | import { ActiveJamBanner } from "@/components/jams/active-jam-banner"
   7 | import { HomeGameLane } from "@/components/home/home-game-lane"
>  8 | import { HomeHeroSection } from "@/components/home/home-hero-section"
     | ^^^^^^^^^^^^^^^^^^^^^^^^^^^^^^^^^^^^^^^^^^^^^^^^^^^^^^^^^^^^^^^^^^^^^
   9 | import {
  10 |   HomeCategoryBar,
  11 |   HomeCommunityCta,

Import map: aliased to relative './src/components/home/home-hero-section' inside of [project]/

https://nextjs.org/docs/messages/module-not-found @ http://127.0.0.1:3000/_next/static/chunks/node_modules_next_dist_f3530cac._.js:3127
[  403324ms] [ERROR] ./src/app/page.tsx:8:1
Module not found: Can't resolve '@/components/home/home-hero-section'
   6 | import { ActiveJamBanner } from "@/components/jams/active-jam-banner"
   7 | import { HomeGameLane } from "@/components/home/home-game-lane"
>  8 | import { HomeHeroSection } from "@/components/home/home-hero-section"
     | ^^^^^^^^^^^^^^^^^^^^^^^^^^^^^^^^^^^^^^^^^^^^^^^^^^^^^^^^^^^^^^^^^^^^^
   9 | import {
  10 |   HomeCategoryBar,
  11 |   HomeCommunityCta,

Import map: aliased to relative './src/components/home/home-hero-section' inside of [project]/

https://nextjs.org/docs/messages/module-not-found @ http://127.0.0.1:3000/_next/static/chunks/node_modules_next_dist_f3530cac._.js:3127
[  403394ms] [ERROR] ./src/app/page.tsx:8:1
Module not found: Can't resolve '@/components/home/home-hero-section'
   6 | import { ActiveJamBanner } from "@/components/jams/active-jam-banner"
   7 | import { HomeGameLane } from "@/components/home/home-game-lane"
>  8 | import { HomeHeroSection } from "@/components/home/home-hero-section"
     | ^^^^^^^^^^^^^^^^^^^^^^^^^^^^^^^^^^^^^^^^^^^^^^^^^^^^^^^^^^^^^^^^^^^^^
   9 | import {
  10 |   HomeCategoryBar,
  11 |   HomeCommunityCta,

Import map: aliased to relative './src/components/home/home-hero-section' inside of [project]/

https://nextjs.org/docs/messages/module-not-found @ http://127.0.0.1:3000/_next/static/chunks/node_modules_next_dist_f3530cac._.js:3127
[  403457ms] [ERROR] ./src/app/page.tsx:8:1
Module not found: Can't resolve '@/components/home/home-hero-section'
   6 | import { ActiveJamBanner } from "@/components/jams/active-jam-banner"
   7 | import { HomeGameLane } from "@/components/home/home-game-lane"
>  8 | import { HomeHeroSection } from "@/components/home/home-hero-section"
     | ^^^^^^^^^^^^^^^^^^^^^^^^^^^^^^^^^^^^^^^^^^^^^^^^^^^^^^^^^^^^^^^^^^^^^
   9 | import {
  10 |   HomeCategoryBar,
  11 |   HomeCommunityCta,

Import map: aliased to relative './src/components/home/home-hero-section' inside of [project]/

https://nextjs.org/docs/messages/module-not-found @ http://127.0.0.1:3000/_next/static/chunks/node_modules_next_dist_f3530cac._.js:3127
[  403526ms] [ERROR] ./src/app/page.tsx:8:1
Module not found: Can't resolve '@/components/home/home-hero-section'
   6 | import { ActiveJamBanner } from "@/components/jams/active-jam-banner"
   7 | import { HomeGameLane } from "@/components/home/home-game-lane"
>  8 | import { HomeHeroSection } from "@/components/home/home-hero-section"
     | ^^^^^^^^^^^^^^^^^^^^^^^^^^^^^^^^^^^^^^^^^^^^^^^^^^^^^^^^^^^^^^^^^^^^^
   9 | import {
  10 |   HomeCategoryBar,
  11 |   HomeCommunityCta,

Import map: aliased to relative './src/components/home/home-hero-section' inside of [project]/

https://nextjs.org/docs/messages/module-not-found @ http://127.0.0.1:3000/_next/static/chunks/node_modules_next_dist_f3530cac._.js:3127
[  403591ms] [ERROR] ./src/app/page.tsx:8:1
Module not found: Can't resolve '@/components/home/home-hero-section'
   6 | import { ActiveJamBanner } from "@/components/jams/active-jam-banner"
   7 | import { HomeGameLane } from "@/components/home/home-game-lane"
>  8 | import { HomeHeroSection } from "@/components/home/home-hero-section"
     | ^^^^^^^^^^^^^^^^^^^^^^^^^^^^^^^^^^^^^^^^^^^^^^^^^^^^^^^^^^^^^^^^^^^^^
   9 | import {
  10 |   HomeCategoryBar,
  11 |   HomeCommunityCta,

Import map: aliased to relative './src/components/home/home-hero-section' inside of [project]/

https://nextjs.org/docs/messages/module-not-found @ http://127.0.0.1:3000/_next/static/chunks/node_modules_next_dist_f3530cac._.js:3127
[  403657ms] [ERROR] ./src/app/page.tsx:8:1
Module not found: Can't resolve '@/components/home/home-hero-section'
   6 | import { ActiveJamBanner } from "@/components/jams/active-jam-banner"
   7 | import { HomeGameLane } from "@/components/home/home-game-lane"
>  8 | import { HomeHeroSection } from "@/components/home/home-hero-section"
     | ^^^^^^^^^^^^^^^^^^^^^^^^^^^^^^^^^^^^^^^^^^^^^^^^^^^^^^^^^^^^^^^^^^^^^
   9 | import {
  10 |   HomeCategoryBar,
  11 |   HomeCommunityCta,

Import map: aliased to relative './src/components/home/home-hero-section' inside of [project]/

https://nextjs.org/docs/messages/module-not-found @ http://127.0.0.1:3000/_next/static/chunks/node_modules_next_dist_f3530cac._.js:3127
[  403725ms] [ERROR] ./src/app/page.tsx:8:1
Module not found: Can't resolve '@/components/home/home-hero-section'
   6 | import { ActiveJamBanner } from "@/components/jams/active-jam-banner"
   7 | import { HomeGameLane } from "@/components/home/home-game-lane"
>  8 | import { HomeHeroSection } from "@/components/home/home-hero-section"
     | ^^^^^^^^^^^^^^^^^^^^^^^^^^^^^^^^^^^^^^^^^^^^^^^^^^^^^^^^^^^^^^^^^^^^^
   9 | import {
  10 |   HomeCategoryBar,
  11 |   HomeCommunityCta,

Import map: aliased to relative './src/components/home/home-hero-section' inside of [project]/

https://nextjs.org/docs/messages/module-not-found @ http://127.0.0.1:3000/_next/static/chunks/node_modules_next_dist_f3530cac._.js:3127
[  403793ms] [ERROR] ./src/app/page.tsx:8:1
Module not found: Can't resolve '@/components/home/home-hero-section'
   6 | import { ActiveJamBanner } from "@/components/jams/active-jam-banner"
   7 | import { HomeGameLane } from "@/components/home/home-game-lane"
>  8 | import { HomeHeroSection } from "@/components/home/home-hero-section"
     | ^^^^^^^^^^^^^^^^^^^^^^^^^^^^^^^^^^^^^^^^^^^^^^^^^^^^^^^^^^^^^^^^^^^^^
   9 | import {
  10 |   HomeCategoryBar,
  11 |   HomeCommunityCta,

Import map: aliased to relative './src/components/home/home-hero-section' inside of [project]/

https://nextjs.org/docs/messages/module-not-found @ http://127.0.0.1:3000/_next/static/chunks/node_modules_next_dist_f3530cac._.js:3127
[  403846ms] [ERROR] ./src/app/page.tsx:8:1
Module not found: Can't resolve '@/components/home/home-hero-section'
   6 | import { ActiveJamBanner } from "@/components/jams/active-jam-banner"
   7 | import { HomeGameLane } from "@/components/home/home-game-lane"
>  8 | import { HomeHeroSection } from "@/components/home/home-hero-section"
     | ^^^^^^^^^^^^^^^^^^^^^^^^^^^^^^^^^^^^^^^^^^^^^^^^^^^^^^^^^^^^^^^^^^^^^
   9 | import {
  10 |   HomeCategoryBar,
  11 |   HomeCommunityCta,

Import map: aliased to relative './src/components/home/home-hero-section' inside of [project]/

https://nextjs.org/docs/messages/module-not-found @ http://127.0.0.1:3000/_next/static/chunks/node_modules_next_dist_f3530cac._.js:3127
[  403915ms] [ERROR] ./src/app/page.tsx:8:1
Module not found: Can't resolve '@/components/home/home-hero-section'
   6 | import { ActiveJamBanner } from "@/components/jams/active-jam-banner"
   7 | import { HomeGameLane } from "@/components/home/home-game-lane"
>  8 | import { HomeHeroSection } from "@/components/home/home-hero-section"
     | ^^^^^^^^^^^^^^^^^^^^^^^^^^^^^^^^^^^^^^^^^^^^^^^^^^^^^^^^^^^^^^^^^^^^^
   9 | import {
  10 |   HomeCategoryBar,
  11 |   HomeCommunityCta,

Import map: aliased to relative './src/components/home/home-hero-section' inside of [project]/

https://nextjs.org/docs/messages/module-not-found @ http://127.0.0.1:3000/_next/static/chunks/node_modules_next_dist_f3530cac._.js:3127
[  403974ms] [ERROR] ./src/app/page.tsx:8:1
Module not found: Can't resolve '@/components/home/home-hero-section'
   6 | import { ActiveJamBanner } from "@/components/jams/active-jam-banner"
   7 | import { HomeGameLane } from "@/components/home/home-game-lane"
>  8 | import { HomeHeroSection } from "@/components/home/home-hero-section"
     | ^^^^^^^^^^^^^^^^^^^^^^^^^^^^^^^^^^^^^^^^^^^^^^^^^^^^^^^^^^^^^^^^^^^^^
   9 | import {
  10 |   HomeCategoryBar,
  11 |   HomeCommunityCta,

Import map: aliased to relative './src/components/home/home-hero-section' inside of [project]/

https://nextjs.org/docs/messages/module-not-found @ http://127.0.0.1:3000/_next/static/chunks/node_modules_next_dist_f3530cac._.js:3127
[  404040ms] [ERROR] ./src/app/page.tsx:8:1
Module not found: Can't resolve '@/components/home/home-hero-section'
   6 | import { ActiveJamBanner } from "@/components/jams/active-jam-banner"
   7 | import { HomeGameLane } from "@/components/home/home-game-lane"
>  8 | import { HomeHeroSection } from "@/components/home/home-hero-section"
     | ^^^^^^^^^^^^^^^^^^^^^^^^^^^^^^^^^^^^^^^^^^^^^^^^^^^^^^^^^^^^^^^^^^^^^
   9 | import {
  10 |   HomeCategoryBar,
  11 |   HomeCommunityCta,

Import map: aliased to relative './src/components/home/home-hero-section' inside of [project]/

https://nextjs.org/docs/messages/module-not-found @ http://127.0.0.1:3000/_next/static/chunks/node_modules_next_dist_f3530cac._.js:3127
[  404095ms] [ERROR] ./src/app/page.tsx:8:1
Module not found: Can't resolve '@/components/home/home-hero-section'
   6 | import { ActiveJamBanner } from "@/components/jams/active-jam-banner"
   7 | import { HomeGameLane } from "@/components/home/home-game-lane"
>  8 | import { HomeHeroSection } from "@/components/home/home-hero-section"
     | ^^^^^^^^^^^^^^^^^^^^^^^^^^^^^^^^^^^^^^^^^^^^^^^^^^^^^^^^^^^^^^^^^^^^^
   9 | import {
  10 |   HomeCategoryBar,
  11 |   HomeCommunityCta,

Import map: aliased to relative './src/components/home/home-hero-section' inside of [project]/

https://nextjs.org/docs/messages/module-not-found @ http://127.0.0.1:3000/_next/static/chunks/node_modules_next_dist_f3530cac._.js:3127
[  404160ms] [ERROR] ./src/app/page.tsx:8:1
Module not found: Can't resolve '@/components/home/home-hero-section'
   6 | import { ActiveJamBanner } from "@/components/jams/active-jam-banner"
   7 | import { HomeGameLane } from "@/components/home/home-game-lane"
>  8 | import { HomeHeroSection } from "@/components/home/home-hero-section"
     | ^^^^^^^^^^^^^^^^^^^^^^^^^^^^^^^^^^^^^^^^^^^^^^^^^^^^^^^^^^^^^^^^^^^^^
   9 | import {
  10 |   HomeCategoryBar,
  11 |   HomeCommunityCta,

Import map: aliased to relative './src/components/home/home-hero-section' inside of [project]/

https://nextjs.org/docs/messages/module-not-found @ http://127.0.0.1:3000/_next/static/chunks/node_modules_next_dist_f3530cac._.js:3127
[  404226ms] [ERROR] ./src/app/page.tsx:8:1
Module not found: Can't resolve '@/components/home/home-hero-section'
   6 | import { ActiveJamBanner } from "@/components/jams/active-jam-banner"
   7 | import { HomeGameLane } from "@/components/home/home-game-lane"
>  8 | import { HomeHeroSection } from "@/components/home/home-hero-section"
     | ^^^^^^^^^^^^^^^^^^^^^^^^^^^^^^^^^^^^^^^^^^^^^^^^^^^^^^^^^^^^^^^^^^^^^
   9 | import {
  10 |   HomeCategoryBar,
  11 |   HomeCommunityCta,

Import map: aliased to relative './src/components/home/home-hero-section' inside of [project]/

https://nextjs.org/docs/messages/module-not-found @ http://127.0.0.1:3000/_next/static/chunks/node_modules_next_dist_f3530cac._.js:3127
[  404294ms] [ERROR] ./src/app/page.tsx:8:1
Module not found: Can't resolve '@/components/home/home-hero-section'
   6 | import { ActiveJamBanner } from "@/components/jams/active-jam-banner"
   7 | import { HomeGameLane } from "@/components/home/home-game-lane"
>  8 | import { HomeHeroSection } from "@/components/home/home-hero-section"
     | ^^^^^^^^^^^^^^^^^^^^^^^^^^^^^^^^^^^^^^^^^^^^^^^^^^^^^^^^^^^^^^^^^^^^^
   9 | import {
  10 |   HomeCategoryBar,
  11 |   HomeCommunityCta,

Import map: aliased to relative './src/components/home/home-hero-section' inside of [project]/

https://nextjs.org/docs/messages/module-not-found @ http://127.0.0.1:3000/_next/static/chunks/node_modules_next_dist_f3530cac._.js:3127
[  404361ms] [ERROR] ./src/app/page.tsx:8:1
Module not found: Can't resolve '@/components/home/home-hero-section'
   6 | import { ActiveJamBanner } from "@/components/jams/active-jam-banner"
   7 | import { HomeGameLane } from "@/components/home/home-game-lane"
>  8 | import { HomeHeroSection } from "@/components/home/home-hero-section"
     | ^^^^^^^^^^^^^^^^^^^^^^^^^^^^^^^^^^^^^^^^^^^^^^^^^^^^^^^^^^^^^^^^^^^^^
   9 | import {
  10 |   HomeCategoryBar,
  11 |   HomeCommunityCta,

Import map: aliased to relative './src/components/home/home-hero-section' inside of [project]/

https://nextjs.org/docs/messages/module-not-found @ http://127.0.0.1:3000/_next/static/chunks/node_modules_next_dist_f3530cac._.js:3127
[  404415ms] [ERROR] ./src/app/page.tsx:8:1
Module not found: Can't resolve '@/components/home/home-hero-section'
   6 | import { ActiveJamBanner } from "@/components/jams/active-jam-banner"
   7 | import { HomeGameLane } from "@/components/home/home-game-lane"
>  8 | import { HomeHeroSection } from "@/components/home/home-hero-section"
     | ^^^^^^^^^^^^^^^^^^^^^^^^^^^^^^^^^^^^^^^^^^^^^^^^^^^^^^^^^^^^^^^^^^^^^
   9 | import {
  10 |   HomeCategoryBar,
  11 |   HomeCommunityCta,

Import map: aliased to relative './src/components/home/home-hero-section' inside of [project]/

https://nextjs.org/docs/messages/module-not-found @ http://127.0.0.1:3000/_next/static/chunks/node_modules_next_dist_f3530cac._.js:3127
[  404473ms] [ERROR] ./src/app/page.tsx:8:1
Module not found: Can't resolve '@/components/home/home-hero-section'
   6 | import { ActiveJamBanner } from "@/components/jams/active-jam-banner"
   7 | import { HomeGameLane } from "@/components/home/home-game-lane"
>  8 | import { HomeHeroSection } from "@/components/home/home-hero-section"
     | ^^^^^^^^^^^^^^^^^^^^^^^^^^^^^^^^^^^^^^^^^^^^^^^^^^^^^^^^^^^^^^^^^^^^^
   9 | import {
  10 |   HomeCategoryBar,
  11 |   HomeCommunityCta,

Import map: aliased to relative './src/components/home/home-hero-section' inside of [project]/

https://nextjs.org/docs/messages/module-not-found @ http://127.0.0.1:3000/_next/static/chunks/node_modules_next_dist_f3530cac._.js:3127
[  404541ms] [ERROR] ./src/app/page.tsx:8:1
Module not found: Can't resolve '@/components/home/home-hero-section'
   6 | import { ActiveJamBanner } from "@/components/jams/active-jam-banner"
   7 | import { HomeGameLane } from "@/components/home/home-game-lane"
>  8 | import { HomeHeroSection } from "@/components/home/home-hero-section"
     | ^^^^^^^^^^^^^^^^^^^^^^^^^^^^^^^^^^^^^^^^^^^^^^^^^^^^^^^^^^^^^^^^^^^^^
   9 | import {
  10 |   HomeCategoryBar,
  11 |   HomeCommunityCta,

Import map: aliased to relative './src/components/home/home-hero-section' inside of [project]/

https://nextjs.org/docs/messages/module-not-found @ http://127.0.0.1:3000/_next/static/chunks/node_modules_next_dist_f3530cac._.js:3127
[  404602ms] [ERROR] ./src/app/page.tsx:8:1
Module not found: Can't resolve '@/components/home/home-hero-section'
   6 | import { ActiveJamBanner } from "@/components/jams/active-jam-banner"
   7 | import { HomeGameLane } from "@/components/home/home-game-lane"
>  8 | import { HomeHeroSection } from "@/components/home/home-hero-section"
     | ^^^^^^^^^^^^^^^^^^^^^^^^^^^^^^^^^^^^^^^^^^^^^^^^^^^^^^^^^^^^^^^^^^^^^
   9 | import {
  10 |   HomeCategoryBar,
  11 |   HomeCommunityCta,

Import map: aliased to relative './src/components/home/home-hero-section' inside of [project]/

https://nextjs.org/docs/messages/module-not-found @ http://127.0.0.1:3000/_next/static/chunks/node_modules_next_dist_f3530cac._.js:3127
[  404656ms] [ERROR] ./src/app/page.tsx:8:1
Module not found: Can't resolve '@/components/home/home-hero-section'
   6 | import { ActiveJamBanner } from "@/components/jams/active-jam-banner"
   7 | import { HomeGameLane } from "@/components/home/home-game-lane"
>  8 | import { HomeHeroSection } from "@/components/home/home-hero-section"
     | ^^^^^^^^^^^^^^^^^^^^^^^^^^^^^^^^^^^^^^^^^^^^^^^^^^^^^^^^^^^^^^^^^^^^^
   9 | import {
  10 |   HomeCategoryBar,
  11 |   HomeCommunityCta,

Import map: aliased to relative './src/components/home/home-hero-section' inside of [project]/

https://nextjs.org/docs/messages/module-not-found @ http://127.0.0.1:3000/_next/static/chunks/node_modules_next_dist_f3530cac._.js:3127
[  404717ms] [ERROR] ./src/app/page.tsx:8:1
Module not found: Can't resolve '@/components/home/home-hero-section'
   6 | import { ActiveJamBanner } from "@/components/jams/active-jam-banner"
   7 | import { HomeGameLane } from "@/components/home/home-game-lane"
>  8 | import { HomeHeroSection } from "@/components/home/home-hero-section"
     | ^^^^^^^^^^^^^^^^^^^^^^^^^^^^^^^^^^^^^^^^^^^^^^^^^^^^^^^^^^^^^^^^^^^^^
   9 | import {
  10 |   HomeCategoryBar,
  11 |   HomeCommunityCta,

Import map: aliased to relative './src/components/home/home-hero-section' inside of [project]/

https://nextjs.org/docs/messages/module-not-found @ http://127.0.0.1:3000/_next/static/chunks/node_modules_next_dist_f3530cac._.js:3127
[  404773ms] [ERROR] ./src/app/page.tsx:8:1
Module not found: Can't resolve '@/components/home/home-hero-section'
   6 | import { ActiveJamBanner } from "@/components/jams/active-jam-banner"
   7 | import { HomeGameLane } from "@/components/home/home-game-lane"
>  8 | import { HomeHeroSection } from "@/components/home/home-hero-section"
     | ^^^^^^^^^^^^^^^^^^^^^^^^^^^^^^^^^^^^^^^^^^^^^^^^^^^^^^^^^^^^^^^^^^^^^
   9 | import {
  10 |   HomeCategoryBar,
  11 |   HomeCommunityCta,

Import map: aliased to relative './src/components/home/home-hero-section' inside of [project]/

https://nextjs.org/docs/messages/module-not-found @ http://127.0.0.1:3000/_next/static/chunks/node_modules_next_dist_f3530cac._.js:3127
[  404841ms] [ERROR] ./src/app/page.tsx:8:1
Module not found: Can't resolve '@/components/home/home-hero-section'
   6 | import { ActiveJamBanner } from "@/components/jams/active-jam-banner"
   7 | import { HomeGameLane } from "@/components/home/home-game-lane"
>  8 | import { HomeHeroSection } from "@/components/home/home-hero-section"
     | ^^^^^^^^^^^^^^^^^^^^^^^^^^^^^^^^^^^^^^^^^^^^^^^^^^^^^^^^^^^^^^^^^^^^^
   9 | import {
  10 |   HomeCategoryBar,
  11 |   HomeCommunityCta,

Import map: aliased to relative './src/components/home/home-hero-section' inside of [project]/

https://nextjs.org/docs/messages/module-not-found @ http://127.0.0.1:3000/_next/static/chunks/node_modules_next_dist_f3530cac._.js:3127
[  404905ms] [ERROR] ./src/app/page.tsx:8:1
Module not found: Can't resolve '@/components/home/home-hero-section'
   6 | import { ActiveJamBanner } from "@/components/jams/active-jam-banner"
   7 | import { HomeGameLane } from "@/components/home/home-game-lane"
>  8 | import { HomeHeroSection } from "@/components/home/home-hero-section"
     | ^^^^^^^^^^^^^^^^^^^^^^^^^^^^^^^^^^^^^^^^^^^^^^^^^^^^^^^^^^^^^^^^^^^^^
   9 | import {
  10 |   HomeCategoryBar,
  11 |   HomeCommunityCta,

Import map: aliased to relative './src/components/home/home-hero-section' inside of [project]/

https://nextjs.org/docs/messages/module-not-found @ http://127.0.0.1:3000/_next/static/chunks/node_modules_next_dist_f3530cac._.js:3127
[  404975ms] [ERROR] ./src/app/page.tsx:8:1
Module not found: Can't resolve '@/components/home/home-hero-section'
   6 | import { ActiveJamBanner } from "@/components/jams/active-jam-banner"
   7 | import { HomeGameLane } from "@/components/home/home-game-lane"
>  8 | import { HomeHeroSection } from "@/components/home/home-hero-section"
     | ^^^^^^^^^^^^^^^^^^^^^^^^^^^^^^^^^^^^^^^^^^^^^^^^^^^^^^^^^^^^^^^^^^^^^
   9 | import {
  10 |   HomeCategoryBar,
  11 |   HomeCommunityCta,

Import map: aliased to relative './src/components/home/home-hero-section' inside of [project]/

https://nextjs.org/docs/messages/module-not-found @ http://127.0.0.1:3000/_next/static/chunks/node_modules_next_dist_f3530cac._.js:3127
[  405045ms] [ERROR] ./src/app/page.tsx:8:1
Module not found: Can't resolve '@/components/home/home-hero-section'
   6 | import { ActiveJamBanner } from "@/components/jams/active-jam-banner"
   7 | import { HomeGameLane } from "@/components/home/home-game-lane"
>  8 | import { HomeHeroSection } from "@/components/home/home-hero-section"
     | ^^^^^^^^^^^^^^^^^^^^^^^^^^^^^^^^^^^^^^^^^^^^^^^^^^^^^^^^^^^^^^^^^^^^^
   9 | import {
  10 |   HomeCategoryBar,
  11 |   HomeCommunityCta,

Import map: aliased to relative './src/components/home/home-hero-section' inside of [project]/

https://nextjs.org/docs/messages/module-not-found @ http://127.0.0.1:3000/_next/static/chunks/node_modules_next_dist_f3530cac._.js:3127
[  405099ms] [ERROR] ./src/app/page.tsx:8:1
Module not found: Can't resolve '@/components/home/home-hero-section'
   6 | import { ActiveJamBanner } from "@/components/jams/active-jam-banner"
   7 | import { HomeGameLane } from "@/components/home/home-game-lane"
>  8 | import { HomeHeroSection } from "@/components/home/home-hero-section"
     | ^^^^^^^^^^^^^^^^^^^^^^^^^^^^^^^^^^^^^^^^^^^^^^^^^^^^^^^^^^^^^^^^^^^^^
   9 | import {
  10 |   HomeCategoryBar,
  11 |   HomeCommunityCta,

Import map: aliased to relative './src/components/home/home-hero-section' inside of [project]/

https://nextjs.org/docs/messages/module-not-found @ http://127.0.0.1:3000/_next/static/chunks/node_modules_next_dist_f3530cac._.js:3127
[  405157ms] [ERROR] ./src/app/page.tsx:8:1
Module not found: Can't resolve '@/components/home/home-hero-section'
   6 | import { ActiveJamBanner } from "@/components/jams/active-jam-banner"
   7 | import { HomeGameLane } from "@/components/home/home-game-lane"
>  8 | import { HomeHeroSection } from "@/components/home/home-hero-section"
     | ^^^^^^^^^^^^^^^^^^^^^^^^^^^^^^^^^^^^^^^^^^^^^^^^^^^^^^^^^^^^^^^^^^^^^
   9 | import {
  10 |   HomeCategoryBar,
  11 |   HomeCommunityCta,

Import map: aliased to relative './src/components/home/home-hero-section' inside of [project]/

https://nextjs.org/docs/messages/module-not-found @ http://127.0.0.1:3000/_next/static/chunks/node_modules_next_dist_f3530cac._.js:3127
[  405221ms] [ERROR] ./src/app/page.tsx:8:1
Module not found: Can't resolve '@/components/home/home-hero-section'
   6 | import { ActiveJamBanner } from "@/components/jams/active-jam-banner"
   7 | import { HomeGameLane } from "@/components/home/home-game-lane"
>  8 | import { HomeHeroSection } from "@/components/home/home-hero-section"
     | ^^^^^^^^^^^^^^^^^^^^^^^^^^^^^^^^^^^^^^^^^^^^^^^^^^^^^^^^^^^^^^^^^^^^^
   9 | import {
  10 |   HomeCategoryBar,
  11 |   HomeCommunityCta,

Import map: aliased to relative './src/components/home/home-hero-section' inside of [project]/

https://nextjs.org/docs/messages/module-not-found @ http://127.0.0.1:3000/_next/static/chunks/node_modules_next_dist_f3530cac._.js:3127
[  405289ms] [ERROR] ./src/app/page.tsx:8:1
Module not found: Can't resolve '@/components/home/home-hero-section'
   6 | import { ActiveJamBanner } from "@/components/jams/active-jam-banner"
   7 | import { HomeGameLane } from "@/components/home/home-game-lane"
>  8 | import { HomeHeroSection } from "@/components/home/home-hero-section"
     | ^^^^^^^^^^^^^^^^^^^^^^^^^^^^^^^^^^^^^^^^^^^^^^^^^^^^^^^^^^^^^^^^^^^^^
   9 | import {
  10 |   HomeCategoryBar,
  11 |   HomeCommunityCta,

Import map: aliased to relative './src/components/home/home-hero-section' inside of [project]/

https://nextjs.org/docs/messages/module-not-found @ http://127.0.0.1:3000/_next/static/chunks/node_modules_next_dist_f3530cac._.js:3127
[  405359ms] [ERROR] ./src/app/page.tsx:8:1
Module not found: Can't resolve '@/components/home/home-hero-section'
   6 | import { ActiveJamBanner } from "@/components/jams/active-jam-banner"
   7 | import { HomeGameLane } from "@/components/home/home-game-lane"
>  8 | import { HomeHeroSection } from "@/components/home/home-hero-section"
     | ^^^^^^^^^^^^^^^^^^^^^^^^^^^^^^^^^^^^^^^^^^^^^^^^^^^^^^^^^^^^^^^^^^^^^
   9 | import {
  10 |   HomeCategoryBar,
  11 |   HomeCommunityCta,

Import map: aliased to relative './src/components/home/home-hero-section' inside of [project]/

https://nextjs.org/docs/messages/module-not-found @ http://127.0.0.1:3000/_next/static/chunks/node_modules_next_dist_f3530cac._.js:3127
[  405426ms] [ERROR] ./src/app/page.tsx:8:1
Module not found: Can't resolve '@/components/home/home-hero-section'
   6 | import { ActiveJamBanner } from "@/components/jams/active-jam-banner"
   7 | import { HomeGameLane } from "@/components/home/home-game-lane"
>  8 | import { HomeHeroSection } from "@/components/home/home-hero-section"
     | ^^^^^^^^^^^^^^^^^^^^^^^^^^^^^^^^^^^^^^^^^^^^^^^^^^^^^^^^^^^^^^^^^^^^^
   9 | import {
  10 |   HomeCategoryBar,
  11 |   HomeCommunityCta,

Import map: aliased to relative './src/components/home/home-hero-section' inside of [project]/

https://nextjs.org/docs/messages/module-not-found @ http://127.0.0.1:3000/_next/static/chunks/node_modules_next_dist_f3530cac._.js:3127
[  405489ms] [ERROR] ./src/app/page.tsx:8:1
Module not found: Can't resolve '@/components/home/home-hero-section'
   6 | import { ActiveJamBanner } from "@/components/jams/active-jam-banner"
   7 | import { HomeGameLane } from "@/components/home/home-game-lane"
>  8 | import { HomeHeroSection } from "@/components/home/home-hero-section"
     | ^^^^^^^^^^^^^^^^^^^^^^^^^^^^^^^^^^^^^^^^^^^^^^^^^^^^^^^^^^^^^^^^^^^^^
   9 | import {
  10 |   HomeCategoryBar,
  11 |   HomeCommunityCta,

Import map: aliased to relative './src/components/home/home-hero-section' inside of [project]/

https://nextjs.org/docs/messages/module-not-found @ http://127.0.0.1:3000/_next/static/chunks/node_modules_next_dist_f3530cac._.js:3127
[  405555ms] [ERROR] ./src/app/page.tsx:8:1
Module not found: Can't resolve '@/components/home/home-hero-section'
   6 | import { ActiveJamBanner } from "@/components/jams/active-jam-banner"
   7 | import { HomeGameLane } from "@/components/home/home-game-lane"
>  8 | import { HomeHeroSection } from "@/components/home/home-hero-section"
     | ^^^^^^^^^^^^^^^^^^^^^^^^^^^^^^^^^^^^^^^^^^^^^^^^^^^^^^^^^^^^^^^^^^^^^
   9 | import {
  10 |   HomeCategoryBar,
  11 |   HomeCommunityCta,

Import map: aliased to relative './src/components/home/home-hero-section' inside of [project]/

https://nextjs.org/docs/messages/module-not-found @ http://127.0.0.1:3000/_next/static/chunks/node_modules_next_dist_f3530cac._.js:3127
[  405621ms] [ERROR] ./src/app/page.tsx:8:1
Module not found: Can't resolve '@/components/home/home-hero-section'
   6 | import { ActiveJamBanner } from "@/components/jams/active-jam-banner"
   7 | import { HomeGameLane } from "@/components/home/home-game-lane"
>  8 | import { HomeHeroSection } from "@/components/home/home-hero-section"
     | ^^^^^^^^^^^^^^^^^^^^^^^^^^^^^^^^^^^^^^^^^^^^^^^^^^^^^^^^^^^^^^^^^^^^^
   9 | import {
  10 |   HomeCategoryBar,
  11 |   HomeCommunityCta,

Import map: aliased to relative './src/components/home/home-hero-section' inside of [project]/

https://nextjs.org/docs/messages/module-not-found @ http://127.0.0.1:3000/_next/static/chunks/node_modules_next_dist_f3530cac._.js:3127
[  405688ms] [ERROR] ./src/app/page.tsx:8:1
Module not found: Can't resolve '@/components/home/home-hero-section'
   6 | import { ActiveJamBanner } from "@/components/jams/active-jam-banner"
   7 | import { HomeGameLane } from "@/components/home/home-game-lane"
>  8 | import { HomeHeroSection } from "@/components/home/home-hero-section"
     | ^^^^^^^^^^^^^^^^^^^^^^^^^^^^^^^^^^^^^^^^^^^^^^^^^^^^^^^^^^^^^^^^^^^^^
   9 | import {
  10 |   HomeCategoryBar,
  11 |   HomeCommunityCta,

Import map: aliased to relative './src/components/home/home-hero-section' inside of [project]/

https://nextjs.org/docs/messages/module-not-found @ http://127.0.0.1:3000/_next/static/chunks/node_modules_next_dist_f3530cac._.js:3127
[  405749ms] [ERROR] ./src/app/page.tsx:8:1
Module not found: Can't resolve '@/components/home/home-hero-section'
   6 | import { ActiveJamBanner } from "@/components/jams/active-jam-banner"
   7 | import { HomeGameLane } from "@/components/home/home-game-lane"
>  8 | import { HomeHeroSection } from "@/components/home/home-hero-section"
     | ^^^^^^^^^^^^^^^^^^^^^^^^^^^^^^^^^^^^^^^^^^^^^^^^^^^^^^^^^^^^^^^^^^^^^
   9 | import {
  10 |   HomeCategoryBar,
  11 |   HomeCommunityCta,

Import map: aliased to relative './src/components/home/home-hero-section' inside of [project]/

https://nextjs.org/docs/messages/module-not-found @ http://127.0.0.1:3000/_next/static/chunks/node_modules_next_dist_f3530cac._.js:3127
[  405804ms] [ERROR] ./src/app/page.tsx:8:1
Module not found: Can't resolve '@/components/home/home-hero-section'
   6 | import { ActiveJamBanner } from "@/components/jams/active-jam-banner"
   7 | import { HomeGameLane } from "@/components/home/home-game-lane"
>  8 | import { HomeHeroSection } from "@/components/home/home-hero-section"
     | ^^^^^^^^^^^^^^^^^^^^^^^^^^^^^^^^^^^^^^^^^^^^^^^^^^^^^^^^^^^^^^^^^^^^^
   9 | import {
  10 |   HomeCategoryBar,
  11 |   HomeCommunityCta,

Import map: aliased to relative './src/components/home/home-hero-section' inside of [project]/

https://nextjs.org/docs/messages/module-not-found @ http://127.0.0.1:3000/_next/static/chunks/node_modules_next_dist_f3530cac._.js:3127
[  405857ms] [ERROR] ./src/app/page.tsx:8:1
Module not found: Can't resolve '@/components/home/home-hero-section'
   6 | import { ActiveJamBanner } from "@/components/jams/active-jam-banner"
   7 | import { HomeGameLane } from "@/components/home/home-game-lane"
>  8 | import { HomeHeroSection } from "@/components/home/home-hero-section"
     | ^^^^^^^^^^^^^^^^^^^^^^^^^^^^^^^^^^^^^^^^^^^^^^^^^^^^^^^^^^^^^^^^^^^^^
   9 | import {
  10 |   HomeCategoryBar,
  11 |   HomeCommunityCta,

Import map: aliased to relative './src/components/home/home-hero-section' inside of [project]/

https://nextjs.org/docs/messages/module-not-found @ http://127.0.0.1:3000/_next/static/chunks/node_modules_next_dist_f3530cac._.js:3127
[  405918ms] [ERROR] ./src/app/page.tsx:8:1
Module not found: Can't resolve '@/components/home/home-hero-section'
   6 | import { ActiveJamBanner } from "@/components/jams/active-jam-banner"
   7 | import { HomeGameLane } from "@/components/home/home-game-lane"
>  8 | import { HomeHeroSection } from "@/components/home/home-hero-section"
     | ^^^^^^^^^^^^^^^^^^^^^^^^^^^^^^^^^^^^^^^^^^^^^^^^^^^^^^^^^^^^^^^^^^^^^
   9 | import {
  10 |   HomeCategoryBar,
  11 |   HomeCommunityCta,

Import map: aliased to relative './src/components/home/home-hero-section' inside of [project]/

https://nextjs.org/docs/messages/module-not-found @ http://127.0.0.1:3000/_next/static/chunks/node_modules_next_dist_f3530cac._.js:3127
[  405986ms] [ERROR] ./src/app/page.tsx:8:1
Module not found: Can't resolve '@/components/home/home-hero-section'
   6 | import { ActiveJamBanner } from "@/components/jams/active-jam-banner"
   7 | import { HomeGameLane } from "@/components/home/home-game-lane"
>  8 | import { HomeHeroSection } from "@/components/home/home-hero-section"
     | ^^^^^^^^^^^^^^^^^^^^^^^^^^^^^^^^^^^^^^^^^^^^^^^^^^^^^^^^^^^^^^^^^^^^^
   9 | import {
  10 |   HomeCategoryBar,
  11 |   HomeCommunityCta,

Import map: aliased to relative './src/components/home/home-hero-section' inside of [project]/

https://nextjs.org/docs/messages/module-not-found @ http://127.0.0.1:3000/_next/static/chunks/node_modules_next_dist_f3530cac._.js:3127
[  406053ms] [ERROR] ./src/app/page.tsx:8:1
Module not found: Can't resolve '@/components/home/home-hero-section'
   6 | import { ActiveJamBanner } from "@/components/jams/active-jam-banner"
   7 | import { HomeGameLane } from "@/components/home/home-game-lane"
>  8 | import { HomeHeroSection } from "@/components/home/home-hero-section"
     | ^^^^^^^^^^^^^^^^^^^^^^^^^^^^^^^^^^^^^^^^^^^^^^^^^^^^^^^^^^^^^^^^^^^^^
   9 | import {
  10 |   HomeCategoryBar,
  11 |   HomeCommunityCta,

Import map: aliased to relative './src/components/home/home-hero-section' inside of [project]/

https://nextjs.org/docs/messages/module-not-found @ http://127.0.0.1:3000/_next/static/chunks/node_modules_next_dist_f3530cac._.js:3127
[  406121ms] [ERROR] ./src/app/page.tsx:8:1
Module not found: Can't resolve '@/components/home/home-hero-section'
   6 | import { ActiveJamBanner } from "@/components/jams/active-jam-banner"
   7 | import { HomeGameLane } from "@/components/home/home-game-lane"
>  8 | import { HomeHeroSection } from "@/components/home/home-hero-section"
     | ^^^^^^^^^^^^^^^^^^^^^^^^^^^^^^^^^^^^^^^^^^^^^^^^^^^^^^^^^^^^^^^^^^^^^
   9 | import {
  10 |   HomeCategoryBar,
  11 |   HomeCommunityCta,

Import map: aliased to relative './src/components/home/home-hero-section' inside of [project]/

https://nextjs.org/docs/messages/module-not-found @ http://127.0.0.1:3000/_next/static/chunks/node_modules_next_dist_f3530cac._.js:3127
[  406174ms] [ERROR] ./src/app/page.tsx:8:1
Module not found: Can't resolve '@/components/home/home-hero-section'
   6 | import { ActiveJamBanner } from "@/components/jams/active-jam-banner"
   7 | import { HomeGameLane } from "@/components/home/home-game-lane"
>  8 | import { HomeHeroSection } from "@/components/home/home-hero-section"
     | ^^^^^^^^^^^^^^^^^^^^^^^^^^^^^^^^^^^^^^^^^^^^^^^^^^^^^^^^^^^^^^^^^^^^^
   9 | import {
  10 |   HomeCategoryBar,
  11 |   HomeCommunityCta,

Import map: aliased to relative './src/components/home/home-hero-section' inside of [project]/

https://nextjs.org/docs/messages/module-not-found @ http://127.0.0.1:3000/_next/static/chunks/node_modules_next_dist_f3530cac._.js:3127
[  406238ms] [ERROR] ./src/app/page.tsx:8:1
Module not found: Can't resolve '@/components/home/home-hero-section'
   6 | import { ActiveJamBanner } from "@/components/jams/active-jam-banner"
   7 | import { HomeGameLane } from "@/components/home/home-game-lane"
>  8 | import { HomeHeroSection } from "@/components/home/home-hero-section"
     | ^^^^^^^^^^^^^^^^^^^^^^^^^^^^^^^^^^^^^^^^^^^^^^^^^^^^^^^^^^^^^^^^^^^^^
   9 | import {
  10 |   HomeCategoryBar,
  11 |   HomeCommunityCta,

Import map: aliased to relative './src/components/home/home-hero-section' inside of [project]/

https://nextjs.org/docs/messages/module-not-found @ http://127.0.0.1:3000/_next/static/chunks/node_modules_next_dist_f3530cac._.js:3127
[  406308ms] [ERROR] ./src/app/page.tsx:8:1
Module not found: Can't resolve '@/components/home/home-hero-section'
   6 | import { ActiveJamBanner } from "@/components/jams/active-jam-banner"
   7 | import { HomeGameLane } from "@/components/home/home-game-lane"
>  8 | import { HomeHeroSection } from "@/components/home/home-hero-section"
     | ^^^^^^^^^^^^^^^^^^^^^^^^^^^^^^^^^^^^^^^^^^^^^^^^^^^^^^^^^^^^^^^^^^^^^
   9 | import {
  10 |   HomeCategoryBar,
  11 |   HomeCommunityCta,

Import map: aliased to relative './src/components/home/home-hero-section' inside of [project]/

https://nextjs.org/docs/messages/module-not-found @ http://127.0.0.1:3000/_next/static/chunks/node_modules_next_dist_f3530cac._.js:3127
[  406368ms] [ERROR] ./src/app/page.tsx:8:1
Module not found: Can't resolve '@/components/home/home-hero-section'
   6 | import { ActiveJamBanner } from "@/components/jams/active-jam-banner"
   7 | import { HomeGameLane } from "@/components/home/home-game-lane"
>  8 | import { HomeHeroSection } from "@/components/home/home-hero-section"
     | ^^^^^^^^^^^^^^^^^^^^^^^^^^^^^^^^^^^^^^^^^^^^^^^^^^^^^^^^^^^^^^^^^^^^^
   9 | import {
  10 |   HomeCategoryBar,
  11 |   HomeCommunityCta,

Import map: aliased to relative './src/components/home/home-hero-section' inside of [project]/

https://nextjs.org/docs/messages/module-not-found @ http://127.0.0.1:3000/_next/static/chunks/node_modules_next_dist_f3530cac._.js:3127
[  406440ms] [ERROR] ./src/app/page.tsx:8:1
Module not found: Can't resolve '@/components/home/home-hero-section'
   6 | import { ActiveJamBanner } from "@/components/jams/active-jam-banner"
   7 | import { HomeGameLane } from "@/components/home/home-game-lane"
>  8 | import { HomeHeroSection } from "@/components/home/home-hero-section"
     | ^^^^^^^^^^^^^^^^^^^^^^^^^^^^^^^^^^^^^^^^^^^^^^^^^^^^^^^^^^^^^^^^^^^^^
   9 | import {
  10 |   HomeCategoryBar,
  11 |   HomeCommunityCta,

Import map: aliased to relative './src/components/home/home-hero-section' inside of [project]/

https://nextjs.org/docs/messages/module-not-found @ http://127.0.0.1:3000/_next/static/chunks/node_modules_next_dist_f3530cac._.js:3127
[  406504ms] [ERROR] ./src/app/page.tsx:8:1
Module not found: Can't resolve '@/components/home/home-hero-section'
   6 | import { ActiveJamBanner } from "@/components/jams/active-jam-banner"
   7 | import { HomeGameLane } from "@/components/home/home-game-lane"
>  8 | import { HomeHeroSection } from "@/components/home/home-hero-section"
     | ^^^^^^^^^^^^^^^^^^^^^^^^^^^^^^^^^^^^^^^^^^^^^^^^^^^^^^^^^^^^^^^^^^^^^
   9 | import {
  10 |   HomeCategoryBar,
  11 |   HomeCommunityCta,

Import map: aliased to relative './src/components/home/home-hero-section' inside of [project]/

https://nextjs.org/docs/messages/module-not-found @ http://127.0.0.1:3000/_next/static/chunks/node_modules_next_dist_f3530cac._.js:3127
[  406571ms] [ERROR] ./src/app/page.tsx:8:1
Module not found: Can't resolve '@/components/home/home-hero-section'
   6 | import { ActiveJamBanner } from "@/components/jams/active-jam-banner"
   7 | import { HomeGameLane } from "@/components/home/home-game-lane"
>  8 | import { HomeHeroSection } from "@/components/home/home-hero-section"
     | ^^^^^^^^^^^^^^^^^^^^^^^^^^^^^^^^^^^^^^^^^^^^^^^^^^^^^^^^^^^^^^^^^^^^^
   9 | import {
  10 |   HomeCategoryBar,
  11 |   HomeCommunityCta,

Import map: aliased to relative './src/components/home/home-hero-section' inside of [project]/

https://nextjs.org/docs/messages/module-not-found @ http://127.0.0.1:3000/_next/static/chunks/node_modules_next_dist_f3530cac._.js:3127
[  406640ms] [ERROR] ./src/app/page.tsx:8:1
Module not found: Can't resolve '@/components/home/home-hero-section'
   6 | import { ActiveJamBanner } from "@/components/jams/active-jam-banner"
   7 | import { HomeGameLane } from "@/components/home/home-game-lane"
>  8 | import { HomeHeroSection } from "@/components/home/home-hero-section"
     | ^^^^^^^^^^^^^^^^^^^^^^^^^^^^^^^^^^^^^^^^^^^^^^^^^^^^^^^^^^^^^^^^^^^^^
   9 | import {
  10 |   HomeCategoryBar,
  11 |   HomeCommunityCta,

Import map: aliased to relative './src/components/home/home-hero-section' inside of [project]/

https://nextjs.org/docs/messages/module-not-found @ http://127.0.0.1:3000/_next/static/chunks/node_modules_next_dist_f3530cac._.js:3127
[  406690ms] [ERROR] ./src/app/page.tsx:8:1
Module not found: Can't resolve '@/components/home/home-hero-section'
   6 | import { ActiveJamBanner } from "@/components/jams/active-jam-banner"
   7 | import { HomeGameLane } from "@/components/home/home-game-lane"
>  8 | import { HomeHeroSection } from "@/components/home/home-hero-section"
     | ^^^^^^^^^^^^^^^^^^^^^^^^^^^^^^^^^^^^^^^^^^^^^^^^^^^^^^^^^^^^^^^^^^^^^
   9 | import {
  10 |   HomeCategoryBar,
  11 |   HomeCommunityCta,

Import map: aliased to relative './src/components/home/home-hero-section' inside of [project]/

https://nextjs.org/docs/messages/module-not-found @ http://127.0.0.1:3000/_next/static/chunks/node_modules_next_dist_f3530cac._.js:3127
[  406761ms] [ERROR] ./src/app/page.tsx:8:1
Module not found: Can't resolve '@/components/home/home-hero-section'
   6 | import { ActiveJamBanner } from "@/components/jams/active-jam-banner"
   7 | import { HomeGameLane } from "@/components/home/home-game-lane"
>  8 | import { HomeHeroSection } from "@/components/home/home-hero-section"
     | ^^^^^^^^^^^^^^^^^^^^^^^^^^^^^^^^^^^^^^^^^^^^^^^^^^^^^^^^^^^^^^^^^^^^^
   9 | import {
  10 |   HomeCategoryBar,
  11 |   HomeCommunityCta,

Import map: aliased to relative './src/components/home/home-hero-section' inside of [project]/

https://nextjs.org/docs/messages/module-not-found @ http://127.0.0.1:3000/_next/static/chunks/node_modules_next_dist_f3530cac._.js:3127
[  406820ms] [ERROR] ./src/app/page.tsx:8:1
Module not found: Can't resolve '@/components/home/home-hero-section'
   6 | import { ActiveJamBanner } from "@/components/jams/active-jam-banner"
   7 | import { HomeGameLane } from "@/components/home/home-game-lane"
>  8 | import { HomeHeroSection } from "@/components/home/home-hero-section"
     | ^^^^^^^^^^^^^^^^^^^^^^^^^^^^^^^^^^^^^^^^^^^^^^^^^^^^^^^^^^^^^^^^^^^^^
   9 | import {
  10 |   HomeCategoryBar,
  11 |   HomeCommunityCta,

Import map: aliased to relative './src/components/home/home-hero-section' inside of [project]/

https://nextjs.org/docs/messages/module-not-found @ http://127.0.0.1:3000/_next/static/chunks/node_modules_next_dist_f3530cac._.js:3127
[  406887ms] [ERROR] ./src/app/page.tsx:8:1
Module not found: Can't resolve '@/components/home/home-hero-section'
   6 | import { ActiveJamBanner } from "@/components/jams/active-jam-banner"
   7 | import { HomeGameLane } from "@/components/home/home-game-lane"
>  8 | import { HomeHeroSection } from "@/components/home/home-hero-section"
     | ^^^^^^^^^^^^^^^^^^^^^^^^^^^^^^^^^^^^^^^^^^^^^^^^^^^^^^^^^^^^^^^^^^^^^
   9 | import {
  10 |   HomeCategoryBar,
  11 |   HomeCommunityCta,

Import map: aliased to relative './src/components/home/home-hero-section' inside of [project]/

https://nextjs.org/docs/messages/module-not-found @ http://127.0.0.1:3000/_next/static/chunks/node_modules_next_dist_f3530cac._.js:3127
[  406955ms] [ERROR] ./src/app/page.tsx:8:1
Module not found: Can't resolve '@/components/home/home-hero-section'
   6 | import { ActiveJamBanner } from "@/components/jams/active-jam-banner"
   7 | import { HomeGameLane } from "@/components/home/home-game-lane"
>  8 | import { HomeHeroSection } from "@/components/home/home-hero-section"
     | ^^^^^^^^^^^^^^^^^^^^^^^^^^^^^^^^^^^^^^^^^^^^^^^^^^^^^^^^^^^^^^^^^^^^^
   9 | import {
  10 |   HomeCategoryBar,
  11 |   HomeCommunityCta,

Import map: aliased to relative './src/components/home/home-hero-section' inside of [project]/

https://nextjs.org/docs/messages/module-not-found @ http://127.0.0.1:3000/_next/static/chunks/node_modules_next_dist_f3530cac._.js:3127
[  407018ms] [ERROR] ./src/app/page.tsx:8:1
Module not found: Can't resolve '@/components/home/home-hero-section'
   6 | import { ActiveJamBanner } from "@/components/jams/active-jam-banner"
   7 | import { HomeGameLane } from "@/components/home/home-game-lane"
>  8 | import { HomeHeroSection } from "@/components/home/home-hero-section"
     | ^^^^^^^^^^^^^^^^^^^^^^^^^^^^^^^^^^^^^^^^^^^^^^^^^^^^^^^^^^^^^^^^^^^^^
   9 | import {
  10 |   HomeCategoryBar,
  11 |   HomeCommunityCta,

Import map: aliased to relative './src/components/home/home-hero-section' inside of [project]/

https://nextjs.org/docs/messages/module-not-found @ http://127.0.0.1:3000/_next/static/chunks/node_modules_next_dist_f3530cac._.js:3127
[  407087ms] [ERROR] ./src/app/page.tsx:8:1
Module not found: Can't resolve '@/components/home/home-hero-section'
   6 | import { ActiveJamBanner } from "@/components/jams/active-jam-banner"
   7 | import { HomeGameLane } from "@/components/home/home-game-lane"
>  8 | import { HomeHeroSection } from "@/components/home/home-hero-section"
     | ^^^^^^^^^^^^^^^^^^^^^^^^^^^^^^^^^^^^^^^^^^^^^^^^^^^^^^^^^^^^^^^^^^^^^
   9 | import {
  10 |   HomeCategoryBar,
  11 |   HomeCommunityCta,

Import map: aliased to relative './src/components/home/home-hero-section' inside of [project]/

https://nextjs.org/docs/messages/module-not-found @ http://127.0.0.1:3000/_next/static/chunks/node_modules_next_dist_f3530cac._.js:3127
[  407140ms] [ERROR] ./src/app/page.tsx:8:1
Module not found: Can't resolve '@/components/home/home-hero-section'
   6 | import { ActiveJamBanner } from "@/components/jams/active-jam-banner"
   7 | import { HomeGameLane } from "@/components/home/home-game-lane"
>  8 | import { HomeHeroSection } from "@/components/home/home-hero-section"
     | ^^^^^^^^^^^^^^^^^^^^^^^^^^^^^^^^^^^^^^^^^^^^^^^^^^^^^^^^^^^^^^^^^^^^^
   9 | import {
  10 |   HomeCategoryBar,
  11 |   HomeCommunityCta,

Import map: aliased to relative './src/components/home/home-hero-section' inside of [project]/

https://nextjs.org/docs/messages/module-not-found @ http://127.0.0.1:3000/_next/static/chunks/node_modules_next_dist_f3530cac._.js:3127
[  407202ms] [ERROR] ./src/app/page.tsx:8:1
Module not found: Can't resolve '@/components/home/home-hero-section'
   6 | import { ActiveJamBanner } from "@/components/jams/active-jam-banner"
   7 | import { HomeGameLane } from "@/components/home/home-game-lane"
>  8 | import { HomeHeroSection } from "@/components/home/home-hero-section"
     | ^^^^^^^^^^^^^^^^^^^^^^^^^^^^^^^^^^^^^^^^^^^^^^^^^^^^^^^^^^^^^^^^^^^^^
   9 | import {
  10 |   HomeCategoryBar,
  11 |   HomeCommunityCta,

Import map: aliased to relative './src/components/home/home-hero-section' inside of [project]/

https://nextjs.org/docs/messages/module-not-found @ http://127.0.0.1:3000/_next/static/chunks/node_modules_next_dist_f3530cac._.js:3127
[  407269ms] [ERROR] ./src/app/page.tsx:8:1
Module not found: Can't resolve '@/components/home/home-hero-section'
   6 | import { ActiveJamBanner } from "@/components/jams/active-jam-banner"
   7 | import { HomeGameLane } from "@/components/home/home-game-lane"
>  8 | import { HomeHeroSection } from "@/components/home/home-hero-section"
     | ^^^^^^^^^^^^^^^^^^^^^^^^^^^^^^^^^^^^^^^^^^^^^^^^^^^^^^^^^^^^^^^^^^^^^
   9 | import {
  10 |   HomeCategoryBar,
  11 |   HomeCommunityCta,

Import map: aliased to relative './src/components/home/home-hero-section' inside of [project]/

https://nextjs.org/docs/messages/module-not-found @ http://127.0.0.1:3000/_next/static/chunks/node_modules_next_dist_f3530cac._.js:3127
[  407336ms] [ERROR] ./src/app/page.tsx:8:1
Module not found: Can't resolve '@/components/home/home-hero-section'
   6 | import { ActiveJamBanner } from "@/components/jams/active-jam-banner"
   7 | import { HomeGameLane } from "@/components/home/home-game-lane"
>  8 | import { HomeHeroSection } from "@/components/home/home-hero-section"
     | ^^^^^^^^^^^^^^^^^^^^^^^^^^^^^^^^^^^^^^^^^^^^^^^^^^^^^^^^^^^^^^^^^^^^^
   9 | import {
  10 |   HomeCategoryBar,
  11 |   HomeCommunityCta,

Import map: aliased to relative './src/components/home/home-hero-section' inside of [project]/

https://nextjs.org/docs/messages/module-not-found @ http://127.0.0.1:3000/_next/static/chunks/node_modules_next_dist_f3530cac._.js:3127
[  407386ms] [ERROR] ./src/app/page.tsx:8:1
Module not found: Can't resolve '@/components/home/home-hero-section'
   6 | import { ActiveJamBanner } from "@/components/jams/active-jam-banner"
   7 | import { HomeGameLane } from "@/components/home/home-game-lane"
>  8 | import { HomeHeroSection } from "@/components/home/home-hero-section"
     | ^^^^^^^^^^^^^^^^^^^^^^^^^^^^^^^^^^^^^^^^^^^^^^^^^^^^^^^^^^^^^^^^^^^^^
   9 | import {
  10 |   HomeCategoryBar,
  11 |   HomeCommunityCta,

Import map: aliased to relative './src/components/home/home-hero-section' inside of [project]/

https://nextjs.org/docs/messages/module-not-found @ http://127.0.0.1:3000/_next/static/chunks/node_modules_next_dist_f3530cac._.js:3127
[  407454ms] [ERROR] ./src/app/page.tsx:8:1
Module not found: Can't resolve '@/components/home/home-hero-section'
   6 | import { ActiveJamBanner } from "@/components/jams/active-jam-banner"
   7 | import { HomeGameLane } from "@/components/home/home-game-lane"
>  8 | import { HomeHeroSection } from "@/components/home/home-hero-section"
     | ^^^^^^^^^^^^^^^^^^^^^^^^^^^^^^^^^^^^^^^^^^^^^^^^^^^^^^^^^^^^^^^^^^^^^
   9 | import {
  10 |   HomeCategoryBar,
  11 |   HomeCommunityCta,

Import map: aliased to relative './src/components/home/home-hero-section' inside of [project]/

https://nextjs.org/docs/messages/module-not-found @ http://127.0.0.1:3000/_next/static/chunks/node_modules_next_dist_f3530cac._.js:3127
[  407516ms] [ERROR] ./src/app/page.tsx:8:1
Module not found: Can't resolve '@/components/home/home-hero-section'
   6 | import { ActiveJamBanner } from "@/components/jams/active-jam-banner"
   7 | import { HomeGameLane } from "@/components/home/home-game-lane"
>  8 | import { HomeHeroSection } from "@/components/home/home-hero-section"
     | ^^^^^^^^^^^^^^^^^^^^^^^^^^^^^^^^^^^^^^^^^^^^^^^^^^^^^^^^^^^^^^^^^^^^^
   9 | import {
  10 |   HomeCategoryBar,
  11 |   HomeCommunityCta,

Import map: aliased to relative './src/components/home/home-hero-section' inside of [project]/

https://nextjs.org/docs/messages/module-not-found @ http://127.0.0.1:3000/_next/static/chunks/node_modules_next_dist_f3530cac._.js:3127
[  407583ms] [ERROR] ./src/app/page.tsx:8:1
Module not found: Can't resolve '@/components/home/home-hero-section'
   6 | import { ActiveJamBanner } from "@/components/jams/active-jam-banner"
   7 | import { HomeGameLane } from "@/components/home/home-game-lane"
>  8 | import { HomeHeroSection } from "@/components/home/home-hero-section"
     | ^^^^^^^^^^^^^^^^^^^^^^^^^^^^^^^^^^^^^^^^^^^^^^^^^^^^^^^^^^^^^^^^^^^^^
   9 | import {
  10 |   HomeCategoryBar,
  11 |   HomeCommunityCta,

Import map: aliased to relative './src/components/home/home-hero-section' inside of [project]/

https://nextjs.org/docs/messages/module-not-found @ http://127.0.0.1:3000/_next/static/chunks/node_modules_next_dist_f3530cac._.js:3127
[  407651ms] [ERROR] ./src/app/page.tsx:8:1
Module not found: Can't resolve '@/components/home/home-hero-section'
   6 | import { ActiveJamBanner } from "@/components/jams/active-jam-banner"
   7 | import { HomeGameLane } from "@/components/home/home-game-lane"
>  8 | import { HomeHeroSection } from "@/components/home/home-hero-section"
     | ^^^^^^^^^^^^^^^^^^^^^^^^^^^^^^^^^^^^^^^^^^^^^^^^^^^^^^^^^^^^^^^^^^^^^
   9 | import {
  10 |   HomeCategoryBar,
  11 |   HomeCommunityCta,

Import map: aliased to relative './src/components/home/home-hero-section' inside of [project]/

https://nextjs.org/docs/messages/module-not-found @ http://127.0.0.1:3000/_next/static/chunks/node_modules_next_dist_f3530cac._.js:3127
[  407716ms] [ERROR] ./src/app/page.tsx:8:1
Module not found: Can't resolve '@/components/home/home-hero-section'
   6 | import { ActiveJamBanner } from "@/components/jams/active-jam-banner"
   7 | import { HomeGameLane } from "@/components/home/home-game-lane"
>  8 | import { HomeHeroSection } from "@/components/home/home-hero-section"
     | ^^^^^^^^^^^^^^^^^^^^^^^^^^^^^^^^^^^^^^^^^^^^^^^^^^^^^^^^^^^^^^^^^^^^^
   9 | import {
  10 |   HomeCategoryBar,
  11 |   HomeCommunityCta,

Import map: aliased to relative './src/components/home/home-hero-section' inside of [project]/

https://nextjs.org/docs/messages/module-not-found @ http://127.0.0.1:3000/_next/static/chunks/node_modules_next_dist_f3530cac._.js:3127
[  407789ms] [ERROR] ./src/app/page.tsx:8:1
Module not found: Can't resolve '@/components/home/home-hero-section'
   6 | import { ActiveJamBanner } from "@/components/jams/active-jam-banner"
   7 | import { HomeGameLane } from "@/components/home/home-game-lane"
>  8 | import { HomeHeroSection } from "@/components/home/home-hero-section"
     | ^^^^^^^^^^^^^^^^^^^^^^^^^^^^^^^^^^^^^^^^^^^^^^^^^^^^^^^^^^^^^^^^^^^^^
   9 | import {
  10 |   HomeCategoryBar,
  11 |   HomeCommunityCta,

Import map: aliased to relative './src/components/home/home-hero-section' inside of [project]/

https://nextjs.org/docs/messages/module-not-found @ http://127.0.0.1:3000/_next/static/chunks/node_modules_next_dist_f3530cac._.js:3127
[  407857ms] [ERROR] ./src/app/page.tsx:8:1
Module not found: Can't resolve '@/components/home/home-hero-section'
   6 | import { ActiveJamBanner } from "@/components/jams/active-jam-banner"
   7 | import { HomeGameLane } from "@/components/home/home-game-lane"
>  8 | import { HomeHeroSection } from "@/components/home/home-hero-section"
     | ^^^^^^^^^^^^^^^^^^^^^^^^^^^^^^^^^^^^^^^^^^^^^^^^^^^^^^^^^^^^^^^^^^^^^
   9 | import {
  10 |   HomeCategoryBar,
  11 |   HomeCommunityCta,

Import map: aliased to relative './src/components/home/home-hero-section' inside of [project]/

https://nextjs.org/docs/messages/module-not-found @ http://127.0.0.1:3000/_next/static/chunks/node_modules_next_dist_f3530cac._.js:3127
[  407919ms] [ERROR] ./src/app/page.tsx:8:1
Module not found: Can't resolve '@/components/home/home-hero-section'
   6 | import { ActiveJamBanner } from "@/components/jams/active-jam-banner"
   7 | import { HomeGameLane } from "@/components/home/home-game-lane"
>  8 | import { HomeHeroSection } from "@/components/home/home-hero-section"
     | ^^^^^^^^^^^^^^^^^^^^^^^^^^^^^^^^^^^^^^^^^^^^^^^^^^^^^^^^^^^^^^^^^^^^^
   9 | import {
  10 |   HomeCategoryBar,
  11 |   HomeCommunityCta,

Import map: aliased to relative './src/components/home/home-hero-section' inside of [project]/

https://nextjs.org/docs/messages/module-not-found @ http://127.0.0.1:3000/_next/static/chunks/node_modules_next_dist_f3530cac._.js:3127
[  407983ms] [ERROR] ./src/app/page.tsx:8:1
Module not found: Can't resolve '@/components/home/home-hero-section'
   6 | import { ActiveJamBanner } from "@/components/jams/active-jam-banner"
   7 | import { HomeGameLane } from "@/components/home/home-game-lane"
>  8 | import { HomeHeroSection } from "@/components/home/home-hero-section"
     | ^^^^^^^^^^^^^^^^^^^^^^^^^^^^^^^^^^^^^^^^^^^^^^^^^^^^^^^^^^^^^^^^^^^^^
   9 | import {
  10 |   HomeCategoryBar,
  11 |   HomeCommunityCta,

Import map: aliased to relative './src/components/home/home-hero-section' inside of [project]/

https://nextjs.org/docs/messages/module-not-found @ http://127.0.0.1:3000/_next/static/chunks/node_modules_next_dist_f3530cac._.js:3127
[  408048ms] [ERROR] ./src/app/page.tsx:8:1
Module not found: Can't resolve '@/components/home/home-hero-section'
   6 | import { ActiveJamBanner } from "@/components/jams/active-jam-banner"
   7 | import { HomeGameLane } from "@/components/home/home-game-lane"
>  8 | import { HomeHeroSection } from "@/components/home/home-hero-section"
     | ^^^^^^^^^^^^^^^^^^^^^^^^^^^^^^^^^^^^^^^^^^^^^^^^^^^^^^^^^^^^^^^^^^^^^
   9 | import {
  10 |   HomeCategoryBar,
  11 |   HomeCommunityCta,

Import map: aliased to relative './src/components/home/home-hero-section' inside of [project]/

https://nextjs.org/docs/messages/module-not-found @ http://127.0.0.1:3000/_next/static/chunks/node_modules_next_dist_f3530cac._.js:3127
[  408116ms] [ERROR] ./src/app/page.tsx:8:1
Module not found: Can't resolve '@/components/home/home-hero-section'
   6 | import { ActiveJamBanner } from "@/components/jams/active-jam-banner"
   7 | import { HomeGameLane } from "@/components/home/home-game-lane"
>  8 | import { HomeHeroSection } from "@/components/home/home-hero-section"
     | ^^^^^^^^^^^^^^^^^^^^^^^^^^^^^^^^^^^^^^^^^^^^^^^^^^^^^^^^^^^^^^^^^^^^^
   9 | import {
  10 |   HomeCategoryBar,
  11 |   HomeCommunityCta,

Import map: aliased to relative './src/components/home/home-hero-section' inside of [project]/

https://nextjs.org/docs/messages/module-not-found @ http://127.0.0.1:3000/_next/static/chunks/node_modules_next_dist_f3530cac._.js:3127
[  408183ms] [ERROR] ./src/app/page.tsx:8:1
Module not found: Can't resolve '@/components/home/home-hero-section'
   6 | import { ActiveJamBanner } from "@/components/jams/active-jam-banner"
   7 | import { HomeGameLane } from "@/components/home/home-game-lane"
>  8 | import { HomeHeroSection } from "@/components/home/home-hero-section"
     | ^^^^^^^^^^^^^^^^^^^^^^^^^^^^^^^^^^^^^^^^^^^^^^^^^^^^^^^^^^^^^^^^^^^^^
   9 | import {
  10 |   HomeCategoryBar,
  11 |   HomeCommunityCta,

Import map: aliased to relative './src/components/home/home-hero-section' inside of [project]/

https://nextjs.org/docs/messages/module-not-found @ http://127.0.0.1:3000/_next/static/chunks/node_modules_next_dist_f3530cac._.js:3127
[  408249ms] [ERROR] ./src/app/page.tsx:8:1
Module not found: Can't resolve '@/components/home/home-hero-section'
   6 | import { ActiveJamBanner } from "@/components/jams/active-jam-banner"
   7 | import { HomeGameLane } from "@/components/home/home-game-lane"
>  8 | import { HomeHeroSection } from "@/components/home/home-hero-section"
     | ^^^^^^^^^^^^^^^^^^^^^^^^^^^^^^^^^^^^^^^^^^^^^^^^^^^^^^^^^^^^^^^^^^^^^
   9 | import {
  10 |   HomeCategoryBar,
  11 |   HomeCommunityCta,

Import map: aliased to relative './src/components/home/home-hero-section' inside of [project]/

https://nextjs.org/docs/messages/module-not-found @ http://127.0.0.1:3000/_next/static/chunks/node_modules_next_dist_f3530cac._.js:3127
[  408316ms] [ERROR] ./src/app/page.tsx:8:1
Module not found: Can't resolve '@/components/home/home-hero-section'
   6 | import { ActiveJamBanner } from "@/components/jams/active-jam-banner"
   7 | import { HomeGameLane } from "@/components/home/home-game-lane"
>  8 | import { HomeHeroSection } from "@/components/home/home-hero-section"
     | ^^^^^^^^^^^^^^^^^^^^^^^^^^^^^^^^^^^^^^^^^^^^^^^^^^^^^^^^^^^^^^^^^^^^^
   9 | import {
  10 |   HomeCategoryBar,
  11 |   HomeCommunityCta,

Import map: aliased to relative './src/components/home/home-hero-section' inside of [project]/

https://nextjs.org/docs/messages/module-not-found @ http://127.0.0.1:3000/_next/static/chunks/node_modules_next_dist_f3530cac._.js:3127
[  408382ms] [ERROR] ./src/app/page.tsx:8:1
Module not found: Can't resolve '@/components/home/home-hero-section'
   6 | import { ActiveJamBanner } from "@/components/jams/active-jam-banner"
   7 | import { HomeGameLane } from "@/components/home/home-game-lane"
>  8 | import { HomeHeroSection } from "@/components/home/home-hero-section"
     | ^^^^^^^^^^^^^^^^^^^^^^^^^^^^^^^^^^^^^^^^^^^^^^^^^^^^^^^^^^^^^^^^^^^^^
   9 | import {
  10 |   HomeCategoryBar,
  11 |   HomeCommunityCta,

Import map: aliased to relative './src/components/home/home-hero-section' inside of [project]/

https://nextjs.org/docs/messages/module-not-found @ http://127.0.0.1:3000/_next/static/chunks/node_modules_next_dist_f3530cac._.js:3127
[  408449ms] [ERROR] ./src/app/page.tsx:8:1
Module not found: Can't resolve '@/components/home/home-hero-section'
   6 | import { ActiveJamBanner } from "@/components/jams/active-jam-banner"
   7 | import { HomeGameLane } from "@/components/home/home-game-lane"
>  8 | import { HomeHeroSection } from "@/components/home/home-hero-section"
     | ^^^^^^^^^^^^^^^^^^^^^^^^^^^^^^^^^^^^^^^^^^^^^^^^^^^^^^^^^^^^^^^^^^^^^
   9 | import {
  10 |   HomeCategoryBar,
  11 |   HomeCommunityCta,

Import map: aliased to relative './src/components/home/home-hero-section' inside of [project]/

https://nextjs.org/docs/messages/module-not-found @ http://127.0.0.1:3000/_next/static/chunks/node_modules_next_dist_f3530cac._.js:3127
[  408516ms] [ERROR] ./src/app/page.tsx:8:1
Module not found: Can't resolve '@/components/home/home-hero-section'
   6 | import { ActiveJamBanner } from "@/components/jams/active-jam-banner"
   7 | import { HomeGameLane } from "@/components/home/home-game-lane"
>  8 | import { HomeHeroSection } from "@/components/home/home-hero-section"
     | ^^^^^^^^^^^^^^^^^^^^^^^^^^^^^^^^^^^^^^^^^^^^^^^^^^^^^^^^^^^^^^^^^^^^^
   9 | import {
  10 |   HomeCategoryBar,
  11 |   HomeCommunityCta,

Import map: aliased to relative './src/components/home/home-hero-section' inside of [project]/

https://nextjs.org/docs/messages/module-not-found @ http://127.0.0.1:3000/_next/static/chunks/node_modules_next_dist_f3530cac._.js:3127
[  408581ms] [ERROR] ./src/app/page.tsx:8:1
Module not found: Can't resolve '@/components/home/home-hero-section'
   6 | import { ActiveJamBanner } from "@/components/jams/active-jam-banner"
   7 | import { HomeGameLane } from "@/components/home/home-game-lane"
>  8 | import { HomeHeroSection } from "@/components/home/home-hero-section"
     | ^^^^^^^^^^^^^^^^^^^^^^^^^^^^^^^^^^^^^^^^^^^^^^^^^^^^^^^^^^^^^^^^^^^^^
   9 | import {
  10 |   HomeCategoryBar,
  11 |   HomeCommunityCta,

Import map: aliased to relative './src/components/home/home-hero-section' inside of [project]/

https://nextjs.org/docs/messages/module-not-found @ http://127.0.0.1:3000/_next/static/chunks/node_modules_next_dist_f3530cac._.js:3127
[  408649ms] [ERROR] ./src/app/page.tsx:8:1
Module not found: Can't resolve '@/components/home/home-hero-section'
   6 | import { ActiveJamBanner } from "@/components/jams/active-jam-banner"
   7 | import { HomeGameLane } from "@/components/home/home-game-lane"
>  8 | import { HomeHeroSection } from "@/components/home/home-hero-section"
     | ^^^^^^^^^^^^^^^^^^^^^^^^^^^^^^^^^^^^^^^^^^^^^^^^^^^^^^^^^^^^^^^^^^^^^
   9 | import {
  10 |   HomeCategoryBar,
  11 |   HomeCommunityCta,

Import map: aliased to relative './src/components/home/home-hero-section' inside of [project]/

https://nextjs.org/docs/messages/module-not-found @ http://127.0.0.1:3000/_next/static/chunks/node_modules_next_dist_f3530cac._.js:3127
[  408716ms] [ERROR] ./src/app/page.tsx:8:1
Module not found: Can't resolve '@/components/home/home-hero-section'
   6 | import { ActiveJamBanner } from "@/components/jams/active-jam-banner"
   7 | import { HomeGameLane } from "@/components/home/home-game-lane"
>  8 | import { HomeHeroSection } from "@/components/home/home-hero-section"
     | ^^^^^^^^^^^^^^^^^^^^^^^^^^^^^^^^^^^^^^^^^^^^^^^^^^^^^^^^^^^^^^^^^^^^^
   9 | import {
  10 |   HomeCategoryBar,
  11 |   HomeCommunityCta,

Import map: aliased to relative './src/components/home/home-hero-section' inside of [project]/

https://nextjs.org/docs/messages/module-not-found @ http://127.0.0.1:3000/_next/static/chunks/node_modules_next_dist_f3530cac._.js:3127
[  408777ms] [ERROR] ./src/app/page.tsx:8:1
Module not found: Can't resolve '@/components/home/home-hero-section'
   6 | import { ActiveJamBanner } from "@/components/jams/active-jam-banner"
   7 | import { HomeGameLane } from "@/components/home/home-game-lane"
>  8 | import { HomeHeroSection } from "@/components/home/home-hero-section"
     | ^^^^^^^^^^^^^^^^^^^^^^^^^^^^^^^^^^^^^^^^^^^^^^^^^^^^^^^^^^^^^^^^^^^^^
   9 | import {
  10 |   HomeCategoryBar,
  11 |   HomeCommunityCta,

Import map: aliased to relative './src/components/home/home-hero-section' inside of [project]/

https://nextjs.org/docs/messages/module-not-found @ http://127.0.0.1:3000/_next/static/chunks/node_modules_next_dist_f3530cac._.js:3127
[  408848ms] [ERROR] ./src/app/page.tsx:8:1
Module not found: Can't resolve '@/components/home/home-hero-section'
   6 | import { ActiveJamBanner } from "@/components/jams/active-jam-banner"
   7 | import { HomeGameLane } from "@/components/home/home-game-lane"
>  8 | import { HomeHeroSection } from "@/components/home/home-hero-section"
     | ^^^^^^^^^^^^^^^^^^^^^^^^^^^^^^^^^^^^^^^^^^^^^^^^^^^^^^^^^^^^^^^^^^^^^
   9 | import {
  10 |   HomeCategoryBar,
  11 |   HomeCommunityCta,

Import map: aliased to relative './src/components/home/home-hero-section' inside of [project]/

https://nextjs.org/docs/messages/module-not-found @ http://127.0.0.1:3000/_next/static/chunks/node_modules_next_dist_f3530cac._.js:3127
[  408913ms] [ERROR] ./src/app/page.tsx:8:1
Module not found: Can't resolve '@/components/home/home-hero-section'
   6 | import { ActiveJamBanner } from "@/components/jams/active-jam-banner"
   7 | import { HomeGameLane } from "@/components/home/home-game-lane"
>  8 | import { HomeHeroSection } from "@/components/home/home-hero-section"
     | ^^^^^^^^^^^^^^^^^^^^^^^^^^^^^^^^^^^^^^^^^^^^^^^^^^^^^^^^^^^^^^^^^^^^^
   9 | import {
  10 |   HomeCategoryBar,
  11 |   HomeCommunityCta,

Import map: aliased to relative './src/components/home/home-hero-section' inside of [project]/

https://nextjs.org/docs/messages/module-not-found @ http://127.0.0.1:3000/_next/static/chunks/node_modules_next_dist_f3530cac._.js:3127
[  408989ms] [ERROR] ./src/app/page.tsx:8:1
Module not found: Can't resolve '@/components/home/home-hero-section'
   6 | import { ActiveJamBanner } from "@/components/jams/active-jam-banner"
   7 | import { HomeGameLane } from "@/components/home/home-game-lane"
>  8 | import { HomeHeroSection } from "@/components/home/home-hero-section"
     | ^^^^^^^^^^^^^^^^^^^^^^^^^^^^^^^^^^^^^^^^^^^^^^^^^^^^^^^^^^^^^^^^^^^^^
   9 | import {
  10 |   HomeCategoryBar,
  11 |   HomeCommunityCta,

Import map: aliased to relative './src/components/home/home-hero-section' inside of [project]/

https://nextjs.org/docs/messages/module-not-found @ http://127.0.0.1:3000/_next/static/chunks/node_modules_next_dist_f3530cac._.js:3127
[  409044ms] [ERROR] ./src/app/page.tsx:8:1
Module not found: Can't resolve '@/components/home/home-hero-section'
   6 | import { ActiveJamBanner } from "@/components/jams/active-jam-banner"
   7 | import { HomeGameLane } from "@/components/home/home-game-lane"
>  8 | import { HomeHeroSection } from "@/components/home/home-hero-section"
     | ^^^^^^^^^^^^^^^^^^^^^^^^^^^^^^^^^^^^^^^^^^^^^^^^^^^^^^^^^^^^^^^^^^^^^
   9 | import {
  10 |   HomeCategoryBar,
  11 |   HomeCommunityCta,

Import map: aliased to relative './src/components/home/home-hero-section' inside of [project]/

https://nextjs.org/docs/messages/module-not-found @ http://127.0.0.1:3000/_next/static/chunks/node_modules_next_dist_f3530cac._.js:3127
[  409114ms] [ERROR] ./src/app/page.tsx:8:1
Module not found: Can't resolve '@/components/home/home-hero-section'
   6 | import { ActiveJamBanner } from "@/components/jams/active-jam-banner"
   7 | import { HomeGameLane } from "@/components/home/home-game-lane"
>  8 | import { HomeHeroSection } from "@/components/home/home-hero-section"
     | ^^^^^^^^^^^^^^^^^^^^^^^^^^^^^^^^^^^^^^^^^^^^^^^^^^^^^^^^^^^^^^^^^^^^^
   9 | import {
  10 |   HomeCategoryBar,
  11 |   HomeCommunityCta,

Import map: aliased to relative './src/components/home/home-hero-section' inside of [project]/

https://nextjs.org/docs/messages/module-not-found @ http://127.0.0.1:3000/_next/static/chunks/node_modules_next_dist_f3530cac._.js:3127
[  409181ms] [ERROR] ./src/app/page.tsx:8:1
Module not found: Can't resolve '@/components/home/home-hero-section'
   6 | import { ActiveJamBanner } from "@/components/jams/active-jam-banner"
   7 | import { HomeGameLane } from "@/components/home/home-game-lane"
>  8 | import { HomeHeroSection } from "@/components/home/home-hero-section"
     | ^^^^^^^^^^^^^^^^^^^^^^^^^^^^^^^^^^^^^^^^^^^^^^^^^^^^^^^^^^^^^^^^^^^^^
   9 | import {
  10 |   HomeCategoryBar,
  11 |   HomeCommunityCta,

Import map: aliased to relative './src/components/home/home-hero-section' inside of [project]/

https://nextjs.org/docs/messages/module-not-found @ http://127.0.0.1:3000/_next/static/chunks/node_modules_next_dist_f3530cac._.js:3127
[  409247ms] [ERROR] ./src/app/page.tsx:8:1
Module not found: Can't resolve '@/components/home/home-hero-section'
   6 | import { ActiveJamBanner } from "@/components/jams/active-jam-banner"
   7 | import { HomeGameLane } from "@/components/home/home-game-lane"
>  8 | import { HomeHeroSection } from "@/components/home/home-hero-section"
     | ^^^^^^^^^^^^^^^^^^^^^^^^^^^^^^^^^^^^^^^^^^^^^^^^^^^^^^^^^^^^^^^^^^^^^
   9 | import {
  10 |   HomeCategoryBar,
  11 |   HomeCommunityCta,

Import map: aliased to relative './src/components/home/home-hero-section' inside of [project]/

https://nextjs.org/docs/messages/module-not-found @ http://127.0.0.1:3000/_next/static/chunks/node_modules_next_dist_f3530cac._.js:3127
[  409314ms] [ERROR] ./src/app/page.tsx:8:1
Module not found: Can't resolve '@/components/home/home-hero-section'
   6 | import { ActiveJamBanner } from "@/components/jams/active-jam-banner"
   7 | import { HomeGameLane } from "@/components/home/home-game-lane"
>  8 | import { HomeHeroSection } from "@/components/home/home-hero-section"
     | ^^^^^^^^^^^^^^^^^^^^^^^^^^^^^^^^^^^^^^^^^^^^^^^^^^^^^^^^^^^^^^^^^^^^^
   9 | import {
  10 |   HomeCategoryBar,
  11 |   HomeCommunityCta,

Import map: aliased to relative './src/components/home/home-hero-section' inside of [project]/

https://nextjs.org/docs/messages/module-not-found @ http://127.0.0.1:3000/_next/static/chunks/node_modules_next_dist_f3530cac._.js:3127
[  409381ms] [ERROR] ./src/app/page.tsx:8:1
Module not found: Can't resolve '@/components/home/home-hero-section'
   6 | import { ActiveJamBanner } from "@/components/jams/active-jam-banner"
   7 | import { HomeGameLane } from "@/components/home/home-game-lane"
>  8 | import { HomeHeroSection } from "@/components/home/home-hero-section"
     | ^^^^^^^^^^^^^^^^^^^^^^^^^^^^^^^^^^^^^^^^^^^^^^^^^^^^^^^^^^^^^^^^^^^^^
   9 | import {
  10 |   HomeCategoryBar,
  11 |   HomeCommunityCta,

Import map: aliased to relative './src/components/home/home-hero-section' inside of [project]/

https://nextjs.org/docs/messages/module-not-found @ http://127.0.0.1:3000/_next/static/chunks/node_modules_next_dist_f3530cac._.js:3127
[  409449ms] [ERROR] ./src/app/page.tsx:8:1
Module not found: Can't resolve '@/components/home/home-hero-section'
   6 | import { ActiveJamBanner } from "@/components/jams/active-jam-banner"
   7 | import { HomeGameLane } from "@/components/home/home-game-lane"
>  8 | import { HomeHeroSection } from "@/components/home/home-hero-section"
     | ^^^^^^^^^^^^^^^^^^^^^^^^^^^^^^^^^^^^^^^^^^^^^^^^^^^^^^^^^^^^^^^^^^^^^
   9 | import {
  10 |   HomeCategoryBar,
  11 |   HomeCommunityCta,

Import map: aliased to relative './src/components/home/home-hero-section' inside of [project]/

https://nextjs.org/docs/messages/module-not-found @ http://127.0.0.1:3000/_next/static/chunks/node_modules_next_dist_f3530cac._.js:3127
[  409517ms] [ERROR] ./src/app/page.tsx:8:1
Module not found: Can't resolve '@/components/home/home-hero-section'
   6 | import { ActiveJamBanner } from "@/components/jams/active-jam-banner"
   7 | import { HomeGameLane } from "@/components/home/home-game-lane"
>  8 | import { HomeHeroSection } from "@/components/home/home-hero-section"
     | ^^^^^^^^^^^^^^^^^^^^^^^^^^^^^^^^^^^^^^^^^^^^^^^^^^^^^^^^^^^^^^^^^^^^^
   9 | import {
  10 |   HomeCategoryBar,
  11 |   HomeCommunityCta,

Import map: aliased to relative './src/components/home/home-hero-section' inside of [project]/

https://nextjs.org/docs/messages/module-not-found @ http://127.0.0.1:3000/_next/static/chunks/node_modules_next_dist_f3530cac._.js:3127
[  409580ms] [ERROR] ./src/app/page.tsx:8:1
Module not found: Can't resolve '@/components/home/home-hero-section'
   6 | import { ActiveJamBanner } from "@/components/jams/active-jam-banner"
   7 | import { HomeGameLane } from "@/components/home/home-game-lane"
>  8 | import { HomeHeroSection } from "@/components/home/home-hero-section"
     | ^^^^^^^^^^^^^^^^^^^^^^^^^^^^^^^^^^^^^^^^^^^^^^^^^^^^^^^^^^^^^^^^^^^^^
   9 | import {
  10 |   HomeCategoryBar,
  11 |   HomeCommunityCta,

Import map: aliased to relative './src/components/home/home-hero-section' inside of [project]/

https://nextjs.org/docs/messages/module-not-found @ http://127.0.0.1:3000/_next/static/chunks/node_modules_next_dist_f3530cac._.js:3127
[  409647ms] [ERROR] ./src/app/page.tsx:8:1
Module not found: Can't resolve '@/components/home/home-hero-section'
   6 | import { ActiveJamBanner } from "@/components/jams/active-jam-banner"
   7 | import { HomeGameLane } from "@/components/home/home-game-lane"
>  8 | import { HomeHeroSection } from "@/components/home/home-hero-section"
     | ^^^^^^^^^^^^^^^^^^^^^^^^^^^^^^^^^^^^^^^^^^^^^^^^^^^^^^^^^^^^^^^^^^^^^
   9 | import {
  10 |   HomeCategoryBar,
  11 |   HomeCommunityCta,

Import map: aliased to relative './src/components/home/home-hero-section' inside of [project]/

https://nextjs.org/docs/messages/module-not-found @ http://127.0.0.1:3000/_next/static/chunks/node_modules_next_dist_f3530cac._.js:3127
[  409714ms] [ERROR] ./src/app/page.tsx:8:1
Module not found: Can't resolve '@/components/home/home-hero-section'
   6 | import { ActiveJamBanner } from "@/components/jams/active-jam-banner"
   7 | import { HomeGameLane } from "@/components/home/home-game-lane"
>  8 | import { HomeHeroSection } from "@/components/home/home-hero-section"
     | ^^^^^^^^^^^^^^^^^^^^^^^^^^^^^^^^^^^^^^^^^^^^^^^^^^^^^^^^^^^^^^^^^^^^^
   9 | import {
  10 |   HomeCategoryBar,
  11 |   HomeCommunityCta,

Import map: aliased to relative './src/components/home/home-hero-section' inside of [project]/

https://nextjs.org/docs/messages/module-not-found @ http://127.0.0.1:3000/_next/static/chunks/node_modules_next_dist_f3530cac._.js:3127
[  409782ms] [ERROR] ./src/app/page.tsx:8:1
Module not found: Can't resolve '@/components/home/home-hero-section'
   6 | import { ActiveJamBanner } from "@/components/jams/active-jam-banner"
   7 | import { HomeGameLane } from "@/components/home/home-game-lane"
>  8 | import { HomeHeroSection } from "@/components/home/home-hero-section"
     | ^^^^^^^^^^^^^^^^^^^^^^^^^^^^^^^^^^^^^^^^^^^^^^^^^^^^^^^^^^^^^^^^^^^^^
   9 | import {
  10 |   HomeCategoryBar,
  11 |   HomeCommunityCta,

Import map: aliased to relative './src/components/home/home-hero-section' inside of [project]/

https://nextjs.org/docs/messages/module-not-found @ http://127.0.0.1:3000/_next/static/chunks/node_modules_next_dist_f3530cac._.js:3127
[  409847ms] [ERROR] ./src/app/page.tsx:8:1
Module not found: Can't resolve '@/components/home/home-hero-section'
   6 | import { ActiveJamBanner } from "@/components/jams/active-jam-banner"
   7 | import { HomeGameLane } from "@/components/home/home-game-lane"
>  8 | import { HomeHeroSection } from "@/components/home/home-hero-section"
     | ^^^^^^^^^^^^^^^^^^^^^^^^^^^^^^^^^^^^^^^^^^^^^^^^^^^^^^^^^^^^^^^^^^^^^
   9 | import {
  10 |   HomeCategoryBar,
  11 |   HomeCommunityCta,

Import map: aliased to relative './src/components/home/home-hero-section' inside of [project]/

https://nextjs.org/docs/messages/module-not-found @ http://127.0.0.1:3000/_next/static/chunks/node_modules_next_dist_f3530cac._.js:3127
[  409920ms] [ERROR] ./src/app/page.tsx:8:1
Module not found: Can't resolve '@/components/home/home-hero-section'
   6 | import { ActiveJamBanner } from "@/components/jams/active-jam-banner"
   7 | import { HomeGameLane } from "@/components/home/home-game-lane"
>  8 | import { HomeHeroSection } from "@/components/home/home-hero-section"
     | ^^^^^^^^^^^^^^^^^^^^^^^^^^^^^^^^^^^^^^^^^^^^^^^^^^^^^^^^^^^^^^^^^^^^^
   9 | import {
  10 |   HomeCategoryBar,
  11 |   HomeCommunityCta,

Import map: aliased to relative './src/components/home/home-hero-section' inside of [project]/

https://nextjs.org/docs/messages/module-not-found @ http://127.0.0.1:3000/_next/static/chunks/node_modules_next_dist_f3530cac._.js:3127
[  409978ms] [ERROR] ./src/app/page.tsx:8:1
Module not found: Can't resolve '@/components/home/home-hero-section'
   6 | import { ActiveJamBanner } from "@/components/jams/active-jam-banner"
   7 | import { HomeGameLane } from "@/components/home/home-game-lane"
>  8 | import { HomeHeroSection } from "@/components/home/home-hero-section"
     | ^^^^^^^^^^^^^^^^^^^^^^^^^^^^^^^^^^^^^^^^^^^^^^^^^^^^^^^^^^^^^^^^^^^^^
   9 | import {
  10 |   HomeCategoryBar,
  11 |   HomeCommunityCta,

Import map: aliased to relative './src/components/home/home-hero-section' inside of [project]/

https://nextjs.org/docs/messages/module-not-found @ http://127.0.0.1:3000/_next/static/chunks/node_modules_next_dist_f3530cac._.js:3127
[  410050ms] [ERROR] ./src/app/page.tsx:8:1
Module not found: Can't resolve '@/components/home/home-hero-section'
   6 | import { ActiveJamBanner } from "@/components/jams/active-jam-banner"
   7 | import { HomeGameLane } from "@/components/home/home-game-lane"
>  8 | import { HomeHeroSection } from "@/components/home/home-hero-section"
     | ^^^^^^^^^^^^^^^^^^^^^^^^^^^^^^^^^^^^^^^^^^^^^^^^^^^^^^^^^^^^^^^^^^^^^
   9 | import {
  10 |   HomeCategoryBar,
  11 |   HomeCommunityCta,

Import map: aliased to relative './src/components/home/home-hero-section' inside of [project]/

https://nextjs.org/docs/messages/module-not-found @ http://127.0.0.1:3000/_next/static/chunks/node_modules_next_dist_f3530cac._.js:3127
[  410107ms] [ERROR] ./src/app/page.tsx:8:1
Module not found: Can't resolve '@/components/home/home-hero-section'
   6 | import { ActiveJamBanner } from "@/components/jams/active-jam-banner"
   7 | import { HomeGameLane } from "@/components/home/home-game-lane"
>  8 | import { HomeHeroSection } from "@/components/home/home-hero-section"
     | ^^^^^^^^^^^^^^^^^^^^^^^^^^^^^^^^^^^^^^^^^^^^^^^^^^^^^^^^^^^^^^^^^^^^^
   9 | import {
  10 |   HomeCategoryBar,
  11 |   HomeCommunityCta,

Import map: aliased to relative './src/components/home/home-hero-section' inside of [project]/

https://nextjs.org/docs/messages/module-not-found @ http://127.0.0.1:3000/_next/static/chunks/node_modules_next_dist_f3530cac._.js:3127
[  410180ms] [ERROR] ./src/app/page.tsx:8:1
Module not found: Can't resolve '@/components/home/home-hero-section'
   6 | import { ActiveJamBanner } from "@/components/jams/active-jam-banner"
   7 | import { HomeGameLane } from "@/components/home/home-game-lane"
>  8 | import { HomeHeroSection } from "@/components/home/home-hero-section"
     | ^^^^^^^^^^^^^^^^^^^^^^^^^^^^^^^^^^^^^^^^^^^^^^^^^^^^^^^^^^^^^^^^^^^^^
   9 | import {
  10 |   HomeCategoryBar,
  11 |   HomeCommunityCta,

Import map: aliased to relative './src/components/home/home-hero-section' inside of [project]/

https://nextjs.org/docs/messages/module-not-found @ http://127.0.0.1:3000/_next/static/chunks/node_modules_next_dist_f3530cac._.js:3127
[  410263ms] [ERROR] ./src/app/page.tsx:8:1
Module not found: Can't resolve '@/components/home/home-hero-section'
   6 | import { ActiveJamBanner } from "@/components/jams/active-jam-banner"
   7 | import { HomeGameLane } from "@/components/home/home-game-lane"
>  8 | import { HomeHeroSection } from "@/components/home/home-hero-section"
     | ^^^^^^^^^^^^^^^^^^^^^^^^^^^^^^^^^^^^^^^^^^^^^^^^^^^^^^^^^^^^^^^^^^^^^
   9 | import {
  10 |   HomeCategoryBar,
  11 |   HomeCommunityCta,

Import map: aliased to relative './src/components/home/home-hero-section' inside of [project]/

https://nextjs.org/docs/messages/module-not-found @ http://127.0.0.1:3000/_next/static/chunks/node_modules_next_dist_f3530cac._.js:3127
[  410331ms] [ERROR] ./src/app/page.tsx:8:1
Module not found: Can't resolve '@/components/home/home-hero-section'
   6 | import { ActiveJamBanner } from "@/components/jams/active-jam-banner"
   7 | import { HomeGameLane } from "@/components/home/home-game-lane"
>  8 | import { HomeHeroSection } from "@/components/home/home-hero-section"
     | ^^^^^^^^^^^^^^^^^^^^^^^^^^^^^^^^^^^^^^^^^^^^^^^^^^^^^^^^^^^^^^^^^^^^^
   9 | import {
  10 |   HomeCategoryBar,
  11 |   HomeCommunityCta,

Import map: aliased to relative './src/components/home/home-hero-section' inside of [project]/

https://nextjs.org/docs/messages/module-not-found @ http://127.0.0.1:3000/_next/static/chunks/node_modules_next_dist_f3530cac._.js:3127
[  410397ms] [ERROR] ./src/app/page.tsx:8:1
Module not found: Can't resolve '@/components/home/home-hero-section'
   6 | import { ActiveJamBanner } from "@/components/jams/active-jam-banner"
   7 | import { HomeGameLane } from "@/components/home/home-game-lane"
>  8 | import { HomeHeroSection } from "@/components/home/home-hero-section"
     | ^^^^^^^^^^^^^^^^^^^^^^^^^^^^^^^^^^^^^^^^^^^^^^^^^^^^^^^^^^^^^^^^^^^^^
   9 | import {
  10 |   HomeCategoryBar,
  11 |   HomeCommunityCta,

Import map: aliased to relative './src/components/home/home-hero-section' inside of [project]/

https://nextjs.org/docs/messages/module-not-found @ http://127.0.0.1:3000/_next/static/chunks/node_modules_next_dist_f3530cac._.js:3127
[  410471ms] [ERROR] ./src/app/page.tsx:8:1
Module not found: Can't resolve '@/components/home/home-hero-section'
   6 | import { ActiveJamBanner } from "@/components/jams/active-jam-banner"
   7 | import { HomeGameLane } from "@/components/home/home-game-lane"
>  8 | import { HomeHeroSection } from "@/components/home/home-hero-section"
     | ^^^^^^^^^^^^^^^^^^^^^^^^^^^^^^^^^^^^^^^^^^^^^^^^^^^^^^^^^^^^^^^^^^^^^
   9 | import {
  10 |   HomeCategoryBar,
  11 |   HomeCommunityCta,

Import map: aliased to relative './src/components/home/home-hero-section' inside of [project]/

https://nextjs.org/docs/messages/module-not-found @ http://127.0.0.1:3000/_next/static/chunks/node_modules_next_dist_f3530cac._.js:3127
[  410532ms] [ERROR] ./src/app/page.tsx:8:1
Module not found: Can't resolve '@/components/home/home-hero-section'
   6 | import { ActiveJamBanner } from "@/components/jams/active-jam-banner"
   7 | import { HomeGameLane } from "@/components/home/home-game-lane"
>  8 | import { HomeHeroSection } from "@/components/home/home-hero-section"
     | ^^^^^^^^^^^^^^^^^^^^^^^^^^^^^^^^^^^^^^^^^^^^^^^^^^^^^^^^^^^^^^^^^^^^^
   9 | import {
  10 |   HomeCategoryBar,
  11 |   HomeCommunityCta,

Import map: aliased to relative './src/components/home/home-hero-section' inside of [project]/

https://nextjs.org/docs/messages/module-not-found @ http://127.0.0.1:3000/_next/static/chunks/node_modules_next_dist_f3530cac._.js:3127
[  410597ms] [ERROR] ./src/app/page.tsx:8:1
Module not found: Can't resolve '@/components/home/home-hero-section'
   6 | import { ActiveJamBanner } from "@/components/jams/active-jam-banner"
   7 | import { HomeGameLane } from "@/components/home/home-game-lane"
>  8 | import { HomeHeroSection } from "@/components/home/home-hero-section"
     | ^^^^^^^^^^^^^^^^^^^^^^^^^^^^^^^^^^^^^^^^^^^^^^^^^^^^^^^^^^^^^^^^^^^^^
   9 | import {
  10 |   HomeCategoryBar,
  11 |   HomeCommunityCta,

Import map: aliased to relative './src/components/home/home-hero-section' inside of [project]/

https://nextjs.org/docs/messages/module-not-found @ http://127.0.0.1:3000/_next/static/chunks/node_modules_next_dist_f3530cac._.js:3127
[  410661ms] [ERROR] ./src/app/page.tsx:8:1
Module not found: Can't resolve '@/components/home/home-hero-section'
   6 | import { ActiveJamBanner } from "@/components/jams/active-jam-banner"
   7 | import { HomeGameLane } from "@/components/home/home-game-lane"
>  8 | import { HomeHeroSection } from "@/components/home/home-hero-section"
     | ^^^^^^^^^^^^^^^^^^^^^^^^^^^^^^^^^^^^^^^^^^^^^^^^^^^^^^^^^^^^^^^^^^^^^
   9 | import {
  10 |   HomeCategoryBar,
  11 |   HomeCommunityCta,

Import map: aliased to relative './src/components/home/home-hero-section' inside of [project]/

https://nextjs.org/docs/messages/module-not-found @ http://127.0.0.1:3000/_next/static/chunks/node_modules_next_dist_f3530cac._.js:3127
[  410728ms] [ERROR] ./src/app/page.tsx:8:1
Module not found: Can't resolve '@/components/home/home-hero-section'
   6 | import { ActiveJamBanner } from "@/components/jams/active-jam-banner"
   7 | import { HomeGameLane } from "@/components/home/home-game-lane"
>  8 | import { HomeHeroSection } from "@/components/home/home-hero-section"
     | ^^^^^^^^^^^^^^^^^^^^^^^^^^^^^^^^^^^^^^^^^^^^^^^^^^^^^^^^^^^^^^^^^^^^^
   9 | import {
  10 |   HomeCategoryBar,
  11 |   HomeCommunityCta,

Import map: aliased to relative './src/components/home/home-hero-section' inside of [project]/

https://nextjs.org/docs/messages/module-not-found @ http://127.0.0.1:3000/_next/static/chunks/node_modules_next_dist_f3530cac._.js:3127
[  410796ms] [ERROR] ./src/app/page.tsx:8:1
Module not found: Can't resolve '@/components/home/home-hero-section'
   6 | import { ActiveJamBanner } from "@/components/jams/active-jam-banner"
   7 | import { HomeGameLane } from "@/components/home/home-game-lane"
>  8 | import { HomeHeroSection } from "@/components/home/home-hero-section"
     | ^^^^^^^^^^^^^^^^^^^^^^^^^^^^^^^^^^^^^^^^^^^^^^^^^^^^^^^^^^^^^^^^^^^^^
   9 | import {
  10 |   HomeCategoryBar,
  11 |   HomeCommunityCta,

Import map: aliased to relative './src/components/home/home-hero-section' inside of [project]/

https://nextjs.org/docs/messages/module-not-found @ http://127.0.0.1:3000/_next/static/chunks/node_modules_next_dist_f3530cac._.js:3127
[  410859ms] [ERROR] ./src/app/page.tsx:8:1
Module not found: Can't resolve '@/components/home/home-hero-section'
   6 | import { ActiveJamBanner } from "@/components/jams/active-jam-banner"
   7 | import { HomeGameLane } from "@/components/home/home-game-lane"
>  8 | import { HomeHeroSection } from "@/components/home/home-hero-section"
     | ^^^^^^^^^^^^^^^^^^^^^^^^^^^^^^^^^^^^^^^^^^^^^^^^^^^^^^^^^^^^^^^^^^^^^
   9 | import {
  10 |   HomeCategoryBar,
  11 |   HomeCommunityCta,

Import map: aliased to relative './src/components/home/home-hero-section' inside of [project]/

https://nextjs.org/docs/messages/module-not-found @ http://127.0.0.1:3000/_next/static/chunks/node_modules_next_dist_f3530cac._.js:3127
[  410928ms] [ERROR] ./src/app/page.tsx:8:1
Module not found: Can't resolve '@/components/home/home-hero-section'
   6 | import { ActiveJamBanner } from "@/components/jams/active-jam-banner"
   7 | import { HomeGameLane } from "@/components/home/home-game-lane"
>  8 | import { HomeHeroSection } from "@/components/home/home-hero-section"
     | ^^^^^^^^^^^^^^^^^^^^^^^^^^^^^^^^^^^^^^^^^^^^^^^^^^^^^^^^^^^^^^^^^^^^^
   9 | import {
  10 |   HomeCategoryBar,
  11 |   HomeCommunityCta,

Import map: aliased to relative './src/components/home/home-hero-section' inside of [project]/

https://nextjs.org/docs/messages/module-not-found @ http://127.0.0.1:3000/_next/static/chunks/node_modules_next_dist_f3530cac._.js:3127
[  410980ms] [ERROR] ./src/app/page.tsx:8:1
Module not found: Can't resolve '@/components/home/home-hero-section'
   6 | import { ActiveJamBanner } from "@/components/jams/active-jam-banner"
   7 | import { HomeGameLane } from "@/components/home/home-game-lane"
>  8 | import { HomeHeroSection } from "@/components/home/home-hero-section"
     | ^^^^^^^^^^^^^^^^^^^^^^^^^^^^^^^^^^^^^^^^^^^^^^^^^^^^^^^^^^^^^^^^^^^^^
   9 | import {
  10 |   HomeCategoryBar,
  11 |   HomeCommunityCta,

Import map: aliased to relative './src/components/home/home-hero-section' inside of [project]/

https://nextjs.org/docs/messages/module-not-found @ http://127.0.0.1:3000/_next/static/chunks/node_modules_next_dist_f3530cac._.js:3127
[  411043ms] [ERROR] ./src/app/page.tsx:8:1
Module not found: Can't resolve '@/components/home/home-hero-section'
   6 | import { ActiveJamBanner } from "@/components/jams/active-jam-banner"
   7 | import { HomeGameLane } from "@/components/home/home-game-lane"
>  8 | import { HomeHeroSection } from "@/components/home/home-hero-section"
     | ^^^^^^^^^^^^^^^^^^^^^^^^^^^^^^^^^^^^^^^^^^^^^^^^^^^^^^^^^^^^^^^^^^^^^
   9 | import {
  10 |   HomeCategoryBar,
  11 |   HomeCommunityCta,

Import map: aliased to relative './src/components/home/home-hero-section' inside of [project]/

https://nextjs.org/docs/messages/module-not-found @ http://127.0.0.1:3000/_next/static/chunks/node_modules_next_dist_f3530cac._.js:3127
[  411111ms] [ERROR] ./src/app/page.tsx:8:1
Module not found: Can't resolve '@/components/home/home-hero-section'
   6 | import { ActiveJamBanner } from "@/components/jams/active-jam-banner"
   7 | import { HomeGameLane } from "@/components/home/home-game-lane"
>  8 | import { HomeHeroSection } from "@/components/home/home-hero-section"
     | ^^^^^^^^^^^^^^^^^^^^^^^^^^^^^^^^^^^^^^^^^^^^^^^^^^^^^^^^^^^^^^^^^^^^^
   9 | import {
  10 |   HomeCategoryBar,
  11 |   HomeCommunityCta,

Import map: aliased to relative './src/components/home/home-hero-section' inside of [project]/

https://nextjs.org/docs/messages/module-not-found @ http://127.0.0.1:3000/_next/static/chunks/node_modules_next_dist_f3530cac._.js:3127
[  411166ms] [ERROR] ./src/app/page.tsx:8:1
Module not found: Can't resolve '@/components/home/home-hero-section'
   6 | import { ActiveJamBanner } from "@/components/jams/active-jam-banner"
   7 | import { HomeGameLane } from "@/components/home/home-game-lane"
>  8 | import { HomeHeroSection } from "@/components/home/home-hero-section"
     | ^^^^^^^^^^^^^^^^^^^^^^^^^^^^^^^^^^^^^^^^^^^^^^^^^^^^^^^^^^^^^^^^^^^^^
   9 | import {
  10 |   HomeCategoryBar,
  11 |   HomeCommunityCta,

Import map: aliased to relative './src/components/home/home-hero-section' inside of [project]/

https://nextjs.org/docs/messages/module-not-found @ http://127.0.0.1:3000/_next/static/chunks/node_modules_next_dist_f3530cac._.js:3127
[  411231ms] [ERROR] ./src/app/page.tsx:8:1
Module not found: Can't resolve '@/components/home/home-hero-section'
   6 | import { ActiveJamBanner } from "@/components/jams/active-jam-banner"
   7 | import { HomeGameLane } from "@/components/home/home-game-lane"
>  8 | import { HomeHeroSection } from "@/components/home/home-hero-section"
     | ^^^^^^^^^^^^^^^^^^^^^^^^^^^^^^^^^^^^^^^^^^^^^^^^^^^^^^^^^^^^^^^^^^^^^
   9 | import {
  10 |   HomeCategoryBar,
  11 |   HomeCommunityCta,

Import map: aliased to relative './src/components/home/home-hero-section' inside of [project]/

https://nextjs.org/docs/messages/module-not-found @ http://127.0.0.1:3000/_next/static/chunks/node_modules_next_dist_f3530cac._.js:3127
[  411296ms] [ERROR] ./src/app/page.tsx:8:1
Module not found: Can't resolve '@/components/home/home-hero-section'
   6 | import { ActiveJamBanner } from "@/components/jams/active-jam-banner"
   7 | import { HomeGameLane } from "@/components/home/home-game-lane"
>  8 | import { HomeHeroSection } from "@/components/home/home-hero-section"
     | ^^^^^^^^^^^^^^^^^^^^^^^^^^^^^^^^^^^^^^^^^^^^^^^^^^^^^^^^^^^^^^^^^^^^^
   9 | import {
  10 |   HomeCategoryBar,
  11 |   HomeCommunityCta,

Import map: aliased to relative './src/components/home/home-hero-section' inside of [project]/

https://nextjs.org/docs/messages/module-not-found @ http://127.0.0.1:3000/_next/static/chunks/node_modules_next_dist_f3530cac._.js:3127
[  411449ms] [ERROR] ./src/app/page.tsx:8:1
Module not found: Can't resolve '@/components/home/home-hero-section'
   6 | import { ActiveJamBanner } from "@/components/jams/active-jam-banner"
   7 | import { HomeGameLane } from "@/components/home/home-game-lane"
>  8 | import { HomeHeroSection } from "@/components/home/home-hero-section"
     | ^^^^^^^^^^^^^^^^^^^^^^^^^^^^^^^^^^^^^^^^^^^^^^^^^^^^^^^^^^^^^^^^^^^^^
   9 | import {
  10 |   HomeCategoryBar,
  11 |   HomeCommunityCta,

Import map: aliased to relative './src/components/home/home-hero-section' inside of [project]/

https://nextjs.org/docs/messages/module-not-found @ http://127.0.0.1:3000/_next/static/chunks/node_modules_next_dist_f3530cac._.js:3127
[  411452ms] [LOG] [Fast Refresh] rebuilding @ http://127.0.0.1:3000/_next/static/chunks/node_modules_next_dist_f3530cac._.js:2297
[  411513ms] [ERROR] ./src/app/page.tsx:8:1
Module not found: Can't resolve '@/components/home/home-hero-section'
   6 | import { ActiveJamBanner } from "@/components/jams/active-jam-banner"
   7 | import { HomeGameLane } from "@/components/home/home-game-lane"
>  8 | import { HomeHeroSection } from "@/components/home/home-hero-section"
     | ^^^^^^^^^^^^^^^^^^^^^^^^^^^^^^^^^^^^^^^^^^^^^^^^^^^^^^^^^^^^^^^^^^^^^
   9 | import {
  10 |   HomeCategoryBar,
  11 |   HomeCommunityCta,

Import map: aliased to relative './src/components/home/home-hero-section' inside of [project]/

https://nextjs.org/docs/messages/module-not-found @ http://127.0.0.1:3000/_next/static/chunks/node_modules_next_dist_f3530cac._.js:3127
[  411577ms] [ERROR] ./src/app/page.tsx:8:1
Module not found: Can't resolve '@/components/home/home-hero-section'
   6 | import { ActiveJamBanner } from "@/components/jams/active-jam-banner"
   7 | import { HomeGameLane } from "@/components/home/home-game-lane"
>  8 | import { HomeHeroSection } from "@/components/home/home-hero-section"
     | ^^^^^^^^^^^^^^^^^^^^^^^^^^^^^^^^^^^^^^^^^^^^^^^^^^^^^^^^^^^^^^^^^^^^^
   9 | import {
  10 |   HomeCategoryBar,
  11 |   HomeCommunityCta,

Import map: aliased to relative './src/components/home/home-hero-section' inside of [project]/

https://nextjs.org/docs/messages/module-not-found @ http://127.0.0.1:3000/_next/static/chunks/node_modules_next_dist_f3530cac._.js:3127
[  411643ms] [ERROR] ./src/app/page.tsx:8:1
Module not found: Can't resolve '@/components/home/home-hero-section'
   6 | import { ActiveJamBanner } from "@/components/jams/active-jam-banner"
   7 | import { HomeGameLane } from "@/components/home/home-game-lane"
>  8 | import { HomeHeroSection } from "@/components/home/home-hero-section"
     | ^^^^^^^^^^^^^^^^^^^^^^^^^^^^^^^^^^^^^^^^^^^^^^^^^^^^^^^^^^^^^^^^^^^^^
   9 | import {
  10 |   HomeCategoryBar,
  11 |   HomeCommunityCta,

Import map: aliased to relative './src/components/home/home-hero-section' inside of [project]/

https://nextjs.org/docs/messages/module-not-found @ http://127.0.0.1:3000/_next/static/chunks/node_modules_next_dist_f3530cac._.js:3127
[  411709ms] [ERROR] ./src/app/page.tsx:8:1
Module not found: Can't resolve '@/components/home/home-hero-section'
   6 | import { ActiveJamBanner } from "@/components/jams/active-jam-banner"
   7 | import { HomeGameLane } from "@/components/home/home-game-lane"
>  8 | import { HomeHeroSection } from "@/components/home/home-hero-section"
     | ^^^^^^^^^^^^^^^^^^^^^^^^^^^^^^^^^^^^^^^^^^^^^^^^^^^^^^^^^^^^^^^^^^^^^
   9 | import {
  10 |   HomeCategoryBar,
  11 |   HomeCommunityCta,

Import map: aliased to relative './src/components/home/home-hero-section' inside of [project]/

https://nextjs.org/docs/messages/module-not-found @ http://127.0.0.1:3000/_next/static/chunks/node_modules_next_dist_f3530cac._.js:3127
[  411793ms] [ERROR] ./src/app/page.tsx:8:1
Module not found: Can't resolve '@/components/home/home-hero-section'
   6 | import { ActiveJamBanner } from "@/components/jams/active-jam-banner"
   7 | import { HomeGameLane } from "@/components/home/home-game-lane"
>  8 | import { HomeHeroSection } from "@/components/home/home-hero-section"
     | ^^^^^^^^^^^^^^^^^^^^^^^^^^^^^^^^^^^^^^^^^^^^^^^^^^^^^^^^^^^^^^^^^^^^^
   9 | import {
  10 |   HomeCategoryBar,
  11 |   HomeCommunityCta,

Import map: aliased to relative './src/components/home/home-hero-section' inside of [project]/

https://nextjs.org/docs/messages/module-not-found @ http://127.0.0.1:3000/_next/static/chunks/node_modules_next_dist_f3530cac._.js:3127
[  411858ms] [ERROR] ./src/app/page.tsx:8:1
Module not found: Can't resolve '@/components/home/home-hero-section'
   6 | import { ActiveJamBanner } from "@/components/jams/active-jam-banner"
   7 | import { HomeGameLane } from "@/components/home/home-game-lane"
>  8 | import { HomeHeroSection } from "@/components/home/home-hero-section"
     | ^^^^^^^^^^^^^^^^^^^^^^^^^^^^^^^^^^^^^^^^^^^^^^^^^^^^^^^^^^^^^^^^^^^^^
   9 | import {
  10 |   HomeCategoryBar,
  11 |   HomeCommunityCta,

Import map: aliased to relative './src/components/home/home-hero-section' inside of [project]/

https://nextjs.org/docs/messages/module-not-found @ http://127.0.0.1:3000/_next/static/chunks/node_modules_next_dist_f3530cac._.js:3127
[  411909ms] [ERROR] ./src/app/page.tsx:8:1
Module not found: Can't resolve '@/components/home/home-hero-section'
   6 | import { ActiveJamBanner } from "@/components/jams/active-jam-banner"
   7 | import { HomeGameLane } from "@/components/home/home-game-lane"
>  8 | import { HomeHeroSection } from "@/components/home/home-hero-section"
     | ^^^^^^^^^^^^^^^^^^^^^^^^^^^^^^^^^^^^^^^^^^^^^^^^^^^^^^^^^^^^^^^^^^^^^
   9 | import {
  10 |   HomeCategoryBar,
  11 |   HomeCommunityCta,

Import map: aliased to relative './src/components/home/home-hero-section' inside of [project]/

https://nextjs.org/docs/messages/module-not-found @ http://127.0.0.1:3000/_next/static/chunks/node_modules_next_dist_f3530cac._.js:3127
[  411975ms] [ERROR] ./src/app/page.tsx:8:1
Module not found: Can't resolve '@/components/home/home-hero-section'
   6 | import { ActiveJamBanner } from "@/components/jams/active-jam-banner"
   7 | import { HomeGameLane } from "@/components/home/home-game-lane"
>  8 | import { HomeHeroSection } from "@/components/home/home-hero-section"
     | ^^^^^^^^^^^^^^^^^^^^^^^^^^^^^^^^^^^^^^^^^^^^^^^^^^^^^^^^^^^^^^^^^^^^^
   9 | import {
  10 |   HomeCategoryBar,
  11 |   HomeCommunityCta,

Import map: aliased to relative './src/components/home/home-hero-section' inside of [project]/

https://nextjs.org/docs/messages/module-not-found @ http://127.0.0.1:3000/_next/static/chunks/node_modules_next_dist_f3530cac._.js:3127
[  412043ms] [ERROR] ./src/app/page.tsx:8:1
Module not found: Can't resolve '@/components/home/home-hero-section'
   6 | import { ActiveJamBanner } from "@/components/jams/active-jam-banner"
   7 | import { HomeGameLane } from "@/components/home/home-game-lane"
>  8 | import { HomeHeroSection } from "@/components/home/home-hero-section"
     | ^^^^^^^^^^^^^^^^^^^^^^^^^^^^^^^^^^^^^^^^^^^^^^^^^^^^^^^^^^^^^^^^^^^^^
   9 | import {
  10 |   HomeCategoryBar,
  11 |   HomeCommunityCta,

Import map: aliased to relative './src/components/home/home-hero-section' inside of [project]/

https://nextjs.org/docs/messages/module-not-found @ http://127.0.0.1:3000/_next/static/chunks/node_modules_next_dist_f3530cac._.js:3127
[  412097ms] [ERROR] ./src/app/page.tsx:8:1
Module not found: Can't resolve '@/components/home/home-hero-section'
   6 | import { ActiveJamBanner } from "@/components/jams/active-jam-banner"
   7 | import { HomeGameLane } from "@/components/home/home-game-lane"
>  8 | import { HomeHeroSection } from "@/components/home/home-hero-section"
     | ^^^^^^^^^^^^^^^^^^^^^^^^^^^^^^^^^^^^^^^^^^^^^^^^^^^^^^^^^^^^^^^^^^^^^
   9 | import {
  10 |   HomeCategoryBar,
  11 |   HomeCommunityCta,

Import map: aliased to relative './src/components/home/home-hero-section' inside of [project]/

https://nextjs.org/docs/messages/module-not-found @ http://127.0.0.1:3000/_next/static/chunks/node_modules_next_dist_f3530cac._.js:3127
[  412159ms] [ERROR] ./src/app/page.tsx:8:1
Module not found: Can't resolve '@/components/home/home-hero-section'
   6 | import { ActiveJamBanner } from "@/components/jams/active-jam-banner"
   7 | import { HomeGameLane } from "@/components/home/home-game-lane"
>  8 | import { HomeHeroSection } from "@/components/home/home-hero-section"
     | ^^^^^^^^^^^^^^^^^^^^^^^^^^^^^^^^^^^^^^^^^^^^^^^^^^^^^^^^^^^^^^^^^^^^^
   9 | import {
  10 |   HomeCategoryBar,
  11 |   HomeCommunityCta,

Import map: aliased to relative './src/components/home/home-hero-section' inside of [project]/

https://nextjs.org/docs/messages/module-not-found @ http://127.0.0.1:3000/_next/static/chunks/node_modules_next_dist_f3530cac._.js:3127
[  412229ms] [ERROR] ./src/app/page.tsx:8:1
Module not found: Can't resolve '@/components/home/home-hero-section'
   6 | import { ActiveJamBanner } from "@/components/jams/active-jam-banner"
   7 | import { HomeGameLane } from "@/components/home/home-game-lane"
>  8 | import { HomeHeroSection } from "@/components/home/home-hero-section"
     | ^^^^^^^^^^^^^^^^^^^^^^^^^^^^^^^^^^^^^^^^^^^^^^^^^^^^^^^^^^^^^^^^^^^^^
   9 | import {
  10 |   HomeCategoryBar,
  11 |   HomeCommunityCta,

Import map: aliased to relative './src/components/home/home-hero-section' inside of [project]/

https://nextjs.org/docs/messages/module-not-found @ http://127.0.0.1:3000/_next/static/chunks/node_modules_next_dist_f3530cac._.js:3127
[  412293ms] [ERROR] ./src/app/page.tsx:8:1
Module not found: Can't resolve '@/components/home/home-hero-section'
   6 | import { ActiveJamBanner } from "@/components/jams/active-jam-banner"
   7 | import { HomeGameLane } from "@/components/home/home-game-lane"
>  8 | import { HomeHeroSection } from "@/components/home/home-hero-section"
     | ^^^^^^^^^^^^^^^^^^^^^^^^^^^^^^^^^^^^^^^^^^^^^^^^^^^^^^^^^^^^^^^^^^^^^
   9 | import {
  10 |   HomeCategoryBar,
  11 |   HomeCommunityCta,

Import map: aliased to relative './src/components/home/home-hero-section' inside of [project]/

https://nextjs.org/docs/messages/module-not-found @ http://127.0.0.1:3000/_next/static/chunks/node_modules_next_dist_f3530cac._.js:3127
[  412364ms] [ERROR] ./src/app/page.tsx:8:1
Module not found: Can't resolve '@/components/home/home-hero-section'
   6 | import { ActiveJamBanner } from "@/components/jams/active-jam-banner"
   7 | import { HomeGameLane } from "@/components/home/home-game-lane"
>  8 | import { HomeHeroSection } from "@/components/home/home-hero-section"
     | ^^^^^^^^^^^^^^^^^^^^^^^^^^^^^^^^^^^^^^^^^^^^^^^^^^^^^^^^^^^^^^^^^^^^^
   9 | import {
  10 |   HomeCategoryBar,
  11 |   HomeCommunityCta,

Import map: aliased to relative './src/components/home/home-hero-section' inside of [project]/

https://nextjs.org/docs/messages/module-not-found @ http://127.0.0.1:3000/_next/static/chunks/node_modules_next_dist_f3530cac._.js:3127
[  412425ms] [ERROR] ./src/app/page.tsx:8:1
Module not found: Can't resolve '@/components/home/home-hero-section'
   6 | import { ActiveJamBanner } from "@/components/jams/active-jam-banner"
   7 | import { HomeGameLane } from "@/components/home/home-game-lane"
>  8 | import { HomeHeroSection } from "@/components/home/home-hero-section"
     | ^^^^^^^^^^^^^^^^^^^^^^^^^^^^^^^^^^^^^^^^^^^^^^^^^^^^^^^^^^^^^^^^^^^^^
   9 | import {
  10 |   HomeCategoryBar,
  11 |   HomeCommunityCta,

Import map: aliased to relative './src/components/home/home-hero-section' inside of [project]/

https://nextjs.org/docs/messages/module-not-found @ http://127.0.0.1:3000/_next/static/chunks/node_modules_next_dist_f3530cac._.js:3127
[  412504ms] [ERROR] ./src/app/page.tsx:8:1
Module not found: Can't resolve '@/components/home/home-hero-section'
   6 | import { ActiveJamBanner } from "@/components/jams/active-jam-banner"
   7 | import { HomeGameLane } from "@/components/home/home-game-lane"
>  8 | import { HomeHeroSection } from "@/components/home/home-hero-section"
     | ^^^^^^^^^^^^^^^^^^^^^^^^^^^^^^^^^^^^^^^^^^^^^^^^^^^^^^^^^^^^^^^^^^^^^
   9 | import {
  10 |   HomeCategoryBar,
  11 |   HomeCommunityCta,

Import map: aliased to relative './src/components/home/home-hero-section' inside of [project]/

https://nextjs.org/docs/messages/module-not-found @ http://127.0.0.1:3000/_next/static/chunks/node_modules_next_dist_f3530cac._.js:3127
[  412582ms] [ERROR] ./src/app/page.tsx:8:1
Module not found: Can't resolve '@/components/home/home-hero-section'
   6 | import { ActiveJamBanner } from "@/components/jams/active-jam-banner"
   7 | import { HomeGameLane } from "@/components/home/home-game-lane"
>  8 | import { HomeHeroSection } from "@/components/home/home-hero-section"
     | ^^^^^^^^^^^^^^^^^^^^^^^^^^^^^^^^^^^^^^^^^^^^^^^^^^^^^^^^^^^^^^^^^^^^^
   9 | import {
  10 |   HomeCategoryBar,
  11 |   HomeCommunityCta,

Import map: aliased to relative './src/components/home/home-hero-section' inside of [project]/

https://nextjs.org/docs/messages/module-not-found @ http://127.0.0.1:3000/_next/static/chunks/node_modules_next_dist_f3530cac._.js:3127
[  412643ms] [ERROR] ./src/app/page.tsx:8:1
Module not found: Can't resolve '@/components/home/home-hero-section'
   6 | import { ActiveJamBanner } from "@/components/jams/active-jam-banner"
   7 | import { HomeGameLane } from "@/components/home/home-game-lane"
>  8 | import { HomeHeroSection } from "@/components/home/home-hero-section"
     | ^^^^^^^^^^^^^^^^^^^^^^^^^^^^^^^^^^^^^^^^^^^^^^^^^^^^^^^^^^^^^^^^^^^^^
   9 | import {
  10 |   HomeCategoryBar,
  11 |   HomeCommunityCta,

Import map: aliased to relative './src/components/home/home-hero-section' inside of [project]/

https://nextjs.org/docs/messages/module-not-found @ http://127.0.0.1:3000/_next/static/chunks/node_modules_next_dist_f3530cac._.js:3127
[  412710ms] [ERROR] ./src/app/page.tsx:8:1
Module not found: Can't resolve '@/components/home/home-hero-section'
   6 | import { ActiveJamBanner } from "@/components/jams/active-jam-banner"
   7 | import { HomeGameLane } from "@/components/home/home-game-lane"
>  8 | import { HomeHeroSection } from "@/components/home/home-hero-section"
     | ^^^^^^^^^^^^^^^^^^^^^^^^^^^^^^^^^^^^^^^^^^^^^^^^^^^^^^^^^^^^^^^^^^^^^
   9 | import {
  10 |   HomeCategoryBar,
  11 |   HomeCommunityCta,

Import map: aliased to relative './src/components/home/home-hero-section' inside of [project]/

https://nextjs.org/docs/messages/module-not-found @ http://127.0.0.1:3000/_next/static/chunks/node_modules_next_dist_f3530cac._.js:3127
[  412774ms] [ERROR] ./src/app/page.tsx:8:1
Module not found: Can't resolve '@/components/home/home-hero-section'
   6 | import { ActiveJamBanner } from "@/components/jams/active-jam-banner"
   7 | import { HomeGameLane } from "@/components/home/home-game-lane"
>  8 | import { HomeHeroSection } from "@/components/home/home-hero-section"
     | ^^^^^^^^^^^^^^^^^^^^^^^^^^^^^^^^^^^^^^^^^^^^^^^^^^^^^^^^^^^^^^^^^^^^^
   9 | import {
  10 |   HomeCategoryBar,
  11 |   HomeCommunityCta,

Import map: aliased to relative './src/components/home/home-hero-section' inside of [project]/

https://nextjs.org/docs/messages/module-not-found @ http://127.0.0.1:3000/_next/static/chunks/node_modules_next_dist_f3530cac._.js:3127
[  412826ms] [ERROR] ./src/app/page.tsx:8:1
Module not found: Can't resolve '@/components/home/home-hero-section'
   6 | import { ActiveJamBanner } from "@/components/jams/active-jam-banner"
   7 | import { HomeGameLane } from "@/components/home/home-game-lane"
>  8 | import { HomeHeroSection } from "@/components/home/home-hero-section"
     | ^^^^^^^^^^^^^^^^^^^^^^^^^^^^^^^^^^^^^^^^^^^^^^^^^^^^^^^^^^^^^^^^^^^^^
   9 | import {
  10 |   HomeCategoryBar,
  11 |   HomeCommunityCta,

Import map: aliased to relative './src/components/home/home-hero-section' inside of [project]/

https://nextjs.org/docs/messages/module-not-found @ http://127.0.0.1:3000/_next/static/chunks/node_modules_next_dist_f3530cac._.js:3127
[  412890ms] [ERROR] ./src/app/page.tsx:8:1
Module not found: Can't resolve '@/components/home/home-hero-section'
   6 | import { ActiveJamBanner } from "@/components/jams/active-jam-banner"
   7 | import { HomeGameLane } from "@/components/home/home-game-lane"
>  8 | import { HomeHeroSection } from "@/components/home/home-hero-section"
     | ^^^^^^^^^^^^^^^^^^^^^^^^^^^^^^^^^^^^^^^^^^^^^^^^^^^^^^^^^^^^^^^^^^^^^
   9 | import {
  10 |   HomeCategoryBar,
  11 |   HomeCommunityCta,

Import map: aliased to relative './src/components/home/home-hero-section' inside of [project]/

https://nextjs.org/docs/messages/module-not-found @ http://127.0.0.1:3000/_next/static/chunks/node_modules_next_dist_f3530cac._.js:3127
[  412957ms] [ERROR] ./src/app/page.tsx:8:1
Module not found: Can't resolve '@/components/home/home-hero-section'
   6 | import { ActiveJamBanner } from "@/components/jams/active-jam-banner"
   7 | import { HomeGameLane } from "@/components/home/home-game-lane"
>  8 | import { HomeHeroSection } from "@/components/home/home-hero-section"
     | ^^^^^^^^^^^^^^^^^^^^^^^^^^^^^^^^^^^^^^^^^^^^^^^^^^^^^^^^^^^^^^^^^^^^^
   9 | import {
  10 |   HomeCategoryBar,
  11 |   HomeCommunityCta,

Import map: aliased to relative './src/components/home/home-hero-section' inside of [project]/

https://nextjs.org/docs/messages/module-not-found @ http://127.0.0.1:3000/_next/static/chunks/node_modules_next_dist_f3530cac._.js:3127
[  413024ms] [ERROR] ./src/app/page.tsx:8:1
Module not found: Can't resolve '@/components/home/home-hero-section'
   6 | import { ActiveJamBanner } from "@/components/jams/active-jam-banner"
   7 | import { HomeGameLane } from "@/components/home/home-game-lane"
>  8 | import { HomeHeroSection } from "@/components/home/home-hero-section"
     | ^^^^^^^^^^^^^^^^^^^^^^^^^^^^^^^^^^^^^^^^^^^^^^^^^^^^^^^^^^^^^^^^^^^^^
   9 | import {
  10 |   HomeCategoryBar,
  11 |   HomeCommunityCta,

Import map: aliased to relative './src/components/home/home-hero-section' inside of [project]/

https://nextjs.org/docs/messages/module-not-found @ http://127.0.0.1:3000/_next/static/chunks/node_modules_next_dist_f3530cac._.js:3127
[  413090ms] [ERROR] ./src/app/page.tsx:8:1
Module not found: Can't resolve '@/components/home/home-hero-section'
   6 | import { ActiveJamBanner } from "@/components/jams/active-jam-banner"
   7 | import { HomeGameLane } from "@/components/home/home-game-lane"
>  8 | import { HomeHeroSection } from "@/components/home/home-hero-section"
     | ^^^^^^^^^^^^^^^^^^^^^^^^^^^^^^^^^^^^^^^^^^^^^^^^^^^^^^^^^^^^^^^^^^^^^
   9 | import {
  10 |   HomeCategoryBar,
  11 |   HomeCommunityCta,

Import map: aliased to relative './src/components/home/home-hero-section' inside of [project]/

https://nextjs.org/docs/messages/module-not-found @ http://127.0.0.1:3000/_next/static/chunks/node_modules_next_dist_f3530cac._.js:3127
[  413157ms] [ERROR] ./src/app/page.tsx:8:1
Module not found: Can't resolve '@/components/home/home-hero-section'
   6 | import { ActiveJamBanner } from "@/components/jams/active-jam-banner"
   7 | import { HomeGameLane } from "@/components/home/home-game-lane"
>  8 | import { HomeHeroSection } from "@/components/home/home-hero-section"
     | ^^^^^^^^^^^^^^^^^^^^^^^^^^^^^^^^^^^^^^^^^^^^^^^^^^^^^^^^^^^^^^^^^^^^^
   9 | import {
  10 |   HomeCategoryBar,
  11 |   HomeCommunityCta,

Import map: aliased to relative './src/components/home/home-hero-section' inside of [project]/

https://nextjs.org/docs/messages/module-not-found @ http://127.0.0.1:3000/_next/static/chunks/node_modules_next_dist_f3530cac._.js:3127
[  413222ms] [ERROR] ./src/app/page.tsx:8:1
Module not found: Can't resolve '@/components/home/home-hero-section'
   6 | import { ActiveJamBanner } from "@/components/jams/active-jam-banner"
   7 | import { HomeGameLane } from "@/components/home/home-game-lane"
>  8 | import { HomeHeroSection } from "@/components/home/home-hero-section"
     | ^^^^^^^^^^^^^^^^^^^^^^^^^^^^^^^^^^^^^^^^^^^^^^^^^^^^^^^^^^^^^^^^^^^^^
   9 | import {
  10 |   HomeCategoryBar,
  11 |   HomeCommunityCta,

Import map: aliased to relative './src/components/home/home-hero-section' inside of [project]/

https://nextjs.org/docs/messages/module-not-found @ http://127.0.0.1:3000/_next/static/chunks/node_modules_next_dist_f3530cac._.js:3127
[  413407ms] [LOG] [Fast Refresh] rebuilding @ http://127.0.0.1:3000/_next/static/chunks/node_modules_next_dist_f3530cac._.js:2297
[  413407ms] [ERROR] ./src/app/page.tsx:8:1
Module not found: Can't resolve '@/components/home/home-hero-section'
   6 | import { ActiveJamBanner } from "@/components/jams/active-jam-banner"
   7 | import { HomeGameLane } from "@/components/home/home-game-lane"
>  8 | import { HomeHeroSection } from "@/components/home/home-hero-section"
     | ^^^^^^^^^^^^^^^^^^^^^^^^^^^^^^^^^^^^^^^^^^^^^^^^^^^^^^^^^^^^^^^^^^^^^
   9 | import {
  10 |   HomeCategoryBar,
  11 |   HomeCommunityCta,

Import map: aliased to relative './src/components/home/home-hero-section' inside of [project]/

https://nextjs.org/docs/messages/module-not-found @ http://127.0.0.1:3000/_next/static/chunks/node_modules_next_dist_f3530cac._.js:3127
[  413483ms] [ERROR] ./src/app/page.tsx:8:1
Module not found: Can't resolve '@/components/home/home-hero-section'
   6 | import { ActiveJamBanner } from "@/components/jams/active-jam-banner"
   7 | import { HomeGameLane } from "@/components/home/home-game-lane"
>  8 | import { HomeHeroSection } from "@/components/home/home-hero-section"
     | ^^^^^^^^^^^^^^^^^^^^^^^^^^^^^^^^^^^^^^^^^^^^^^^^^^^^^^^^^^^^^^^^^^^^^
   9 | import {
  10 |   HomeCategoryBar,
  11 |   HomeCommunityCta,

Import map: aliased to relative './src/components/home/home-hero-section' inside of [project]/

https://nextjs.org/docs/messages/module-not-found @ http://127.0.0.1:3000/_next/static/chunks/node_modules_next_dist_f3530cac._.js:3127
[  413555ms] [ERROR] ./src/app/page.tsx:8:1
Module not found: Can't resolve '@/components/home/home-hero-section'
   6 | import { ActiveJamBanner } from "@/components/jams/active-jam-banner"
   7 | import { HomeGameLane } from "@/components/home/home-game-lane"
>  8 | import { HomeHeroSection } from "@/components/home/home-hero-section"
     | ^^^^^^^^^^^^^^^^^^^^^^^^^^^^^^^^^^^^^^^^^^^^^^^^^^^^^^^^^^^^^^^^^^^^^
   9 | import {
  10 |   HomeCategoryBar,
  11 |   HomeCommunityCta,

Import map: aliased to relative './src/components/home/home-hero-section' inside of [project]/

https://nextjs.org/docs/messages/module-not-found @ http://127.0.0.1:3000/_next/static/chunks/node_modules_next_dist_f3530cac._.js:3127
[  413622ms] [ERROR] ./src/app/page.tsx:8:1
Module not found: Can't resolve '@/components/home/home-hero-section'
   6 | import { ActiveJamBanner } from "@/components/jams/active-jam-banner"
   7 | import { HomeGameLane } from "@/components/home/home-game-lane"
>  8 | import { HomeHeroSection } from "@/components/home/home-hero-section"
     | ^^^^^^^^^^^^^^^^^^^^^^^^^^^^^^^^^^^^^^^^^^^^^^^^^^^^^^^^^^^^^^^^^^^^^
   9 | import {
  10 |   HomeCategoryBar,
  11 |   HomeCommunityCta,

Import map: aliased to relative './src/components/home/home-hero-section' inside of [project]/

https://nextjs.org/docs/messages/module-not-found @ http://127.0.0.1:3000/_next/static/chunks/node_modules_next_dist_f3530cac._.js:3127
[  413688ms] [ERROR] ./src/app/page.tsx:8:1
Module not found: Can't resolve '@/components/home/home-hero-section'
   6 | import { ActiveJamBanner } from "@/components/jams/active-jam-banner"
   7 | import { HomeGameLane } from "@/components/home/home-game-lane"
>  8 | import { HomeHeroSection } from "@/components/home/home-hero-section"
     | ^^^^^^^^^^^^^^^^^^^^^^^^^^^^^^^^^^^^^^^^^^^^^^^^^^^^^^^^^^^^^^^^^^^^^
   9 | import {
  10 |   HomeCategoryBar,
  11 |   HomeCommunityCta,

Import map: aliased to relative './src/components/home/home-hero-section' inside of [project]/

https://nextjs.org/docs/messages/module-not-found @ http://127.0.0.1:3000/_next/static/chunks/node_modules_next_dist_f3530cac._.js:3127
[  413761ms] [ERROR] ./src/app/page.tsx:8:1
Module not found: Can't resolve '@/components/home/home-hero-section'
   6 | import { ActiveJamBanner } from "@/components/jams/active-jam-banner"
   7 | import { HomeGameLane } from "@/components/home/home-game-lane"
>  8 | import { HomeHeroSection } from "@/components/home/home-hero-section"
     | ^^^^^^^^^^^^^^^^^^^^^^^^^^^^^^^^^^^^^^^^^^^^^^^^^^^^^^^^^^^^^^^^^^^^^
   9 | import {
  10 |   HomeCategoryBar,
  11 |   HomeCommunityCta,

Import map: aliased to relative './src/components/home/home-hero-section' inside of [project]/

https://nextjs.org/docs/messages/module-not-found @ http://127.0.0.1:3000/_next/static/chunks/node_modules_next_dist_f3530cac._.js:3127
[  413815ms] [ERROR] ./src/app/page.tsx:8:1
Module not found: Can't resolve '@/components/home/home-hero-section'
   6 | import { ActiveJamBanner } from "@/components/jams/active-jam-banner"
   7 | import { HomeGameLane } from "@/components/home/home-game-lane"
>  8 | import { HomeHeroSection } from "@/components/home/home-hero-section"
     | ^^^^^^^^^^^^^^^^^^^^^^^^^^^^^^^^^^^^^^^^^^^^^^^^^^^^^^^^^^^^^^^^^^^^^
   9 | import {
  10 |   HomeCategoryBar,
  11 |   HomeCommunityCta,

Import map: aliased to relative './src/components/home/home-hero-section' inside of [project]/

https://nextjs.org/docs/messages/module-not-found @ http://127.0.0.1:3000/_next/static/chunks/node_modules_next_dist_f3530cac._.js:3127
[  413875ms] [ERROR] ./src/app/page.tsx:8:1
Module not found: Can't resolve '@/components/home/home-hero-section'
   6 | import { ActiveJamBanner } from "@/components/jams/active-jam-banner"
   7 | import { HomeGameLane } from "@/components/home/home-game-lane"
>  8 | import { HomeHeroSection } from "@/components/home/home-hero-section"
     | ^^^^^^^^^^^^^^^^^^^^^^^^^^^^^^^^^^^^^^^^^^^^^^^^^^^^^^^^^^^^^^^^^^^^^
   9 | import {
  10 |   HomeCategoryBar,
  11 |   HomeCommunityCta,

Import map: aliased to relative './src/components/home/home-hero-section' inside of [project]/

https://nextjs.org/docs/messages/module-not-found @ http://127.0.0.1:3000/_next/static/chunks/node_modules_next_dist_f3530cac._.js:3127
[  413939ms] [ERROR] ./src/app/page.tsx:8:1
Module not found: Can't resolve '@/components/home/home-hero-section'
   6 | import { ActiveJamBanner } from "@/components/jams/active-jam-banner"
   7 | import { HomeGameLane } from "@/components/home/home-game-lane"
>  8 | import { HomeHeroSection } from "@/components/home/home-hero-section"
     | ^^^^^^^^^^^^^^^^^^^^^^^^^^^^^^^^^^^^^^^^^^^^^^^^^^^^^^^^^^^^^^^^^^^^^
   9 | import {
  10 |   HomeCategoryBar,
  11 |   HomeCommunityCta,

Import map: aliased to relative './src/components/home/home-hero-section' inside of [project]/

https://nextjs.org/docs/messages/module-not-found @ http://127.0.0.1:3000/_next/static/chunks/node_modules_next_dist_f3530cac._.js:3127
[  414004ms] [ERROR] ./src/app/page.tsx:8:1
Module not found: Can't resolve '@/components/home/home-hero-section'
   6 | import { ActiveJamBanner } from "@/components/jams/active-jam-banner"
   7 | import { HomeGameLane } from "@/components/home/home-game-lane"
>  8 | import { HomeHeroSection } from "@/components/home/home-hero-section"
     | ^^^^^^^^^^^^^^^^^^^^^^^^^^^^^^^^^^^^^^^^^^^^^^^^^^^^^^^^^^^^^^^^^^^^^
   9 | import {
  10 |   HomeCategoryBar,
  11 |   HomeCommunityCta,

Import map: aliased to relative './src/components/home/home-hero-section' inside of [project]/

https://nextjs.org/docs/messages/module-not-found @ http://127.0.0.1:3000/_next/static/chunks/node_modules_next_dist_f3530cac._.js:3127
[  414059ms] [ERROR] ./src/app/page.tsx:8:1
Module not found: Can't resolve '@/components/home/home-hero-section'
   6 | import { ActiveJamBanner } from "@/components/jams/active-jam-banner"
   7 | import { HomeGameLane } from "@/components/home/home-game-lane"
>  8 | import { HomeHeroSection } from "@/components/home/home-hero-section"
     | ^^^^^^^^^^^^^^^^^^^^^^^^^^^^^^^^^^^^^^^^^^^^^^^^^^^^^^^^^^^^^^^^^^^^^
   9 | import {
  10 |   HomeCategoryBar,
  11 |   HomeCommunityCta,

Import map: aliased to relative './src/components/home/home-hero-section' inside of [project]/

https://nextjs.org/docs/messages/module-not-found @ http://127.0.0.1:3000/_next/static/chunks/node_modules_next_dist_f3530cac._.js:3127
[  414122ms] [ERROR] ./src/app/page.tsx:8:1
Module not found: Can't resolve '@/components/home/home-hero-section'
   6 | import { ActiveJamBanner } from "@/components/jams/active-jam-banner"
   7 | import { HomeGameLane } from "@/components/home/home-game-lane"
>  8 | import { HomeHeroSection } from "@/components/home/home-hero-section"
     | ^^^^^^^^^^^^^^^^^^^^^^^^^^^^^^^^^^^^^^^^^^^^^^^^^^^^^^^^^^^^^^^^^^^^^
   9 | import {
  10 |   HomeCategoryBar,
  11 |   HomeCommunityCta,

Import map: aliased to relative './src/components/home/home-hero-section' inside of [project]/

https://nextjs.org/docs/messages/module-not-found @ http://127.0.0.1:3000/_next/static/chunks/node_modules_next_dist_f3530cac._.js:3127
[  414188ms] [ERROR] ./src/app/page.tsx:8:1
Module not found: Can't resolve '@/components/home/home-hero-section'
   6 | import { ActiveJamBanner } from "@/components/jams/active-jam-banner"
   7 | import { HomeGameLane } from "@/components/home/home-game-lane"
>  8 | import { HomeHeroSection } from "@/components/home/home-hero-section"
     | ^^^^^^^^^^^^^^^^^^^^^^^^^^^^^^^^^^^^^^^^^^^^^^^^^^^^^^^^^^^^^^^^^^^^^
   9 | import {
  10 |   HomeCategoryBar,
  11 |   HomeCommunityCta,

Import map: aliased to relative './src/components/home/home-hero-section' inside of [project]/

https://nextjs.org/docs/messages/module-not-found @ http://127.0.0.1:3000/_next/static/chunks/node_modules_next_dist_f3530cac._.js:3127
[  414256ms] [ERROR] ./src/app/page.tsx:8:1
Module not found: Can't resolve '@/components/home/home-hero-section'
   6 | import { ActiveJamBanner } from "@/components/jams/active-jam-banner"
   7 | import { HomeGameLane } from "@/components/home/home-game-lane"
>  8 | import { HomeHeroSection } from "@/components/home/home-hero-section"
     | ^^^^^^^^^^^^^^^^^^^^^^^^^^^^^^^^^^^^^^^^^^^^^^^^^^^^^^^^^^^^^^^^^^^^^
   9 | import {
  10 |   HomeCategoryBar,
  11 |   HomeCommunityCta,

Import map: aliased to relative './src/components/home/home-hero-section' inside of [project]/

https://nextjs.org/docs/messages/module-not-found @ http://127.0.0.1:3000/_next/static/chunks/node_modules_next_dist_f3530cac._.js:3127
[  414319ms] [ERROR] ./src/app/page.tsx:8:1
Module not found: Can't resolve '@/components/home/home-hero-section'
   6 | import { ActiveJamBanner } from "@/components/jams/active-jam-banner"
   7 | import { HomeGameLane } from "@/components/home/home-game-lane"
>  8 | import { HomeHeroSection } from "@/components/home/home-hero-section"
     | ^^^^^^^^^^^^^^^^^^^^^^^^^^^^^^^^^^^^^^^^^^^^^^^^^^^^^^^^^^^^^^^^^^^^^
   9 | import {
  10 |   HomeCategoryBar,
  11 |   HomeCommunityCta,

Import map: aliased to relative './src/components/home/home-hero-section' inside of [project]/

https://nextjs.org/docs/messages/module-not-found @ http://127.0.0.1:3000/_next/static/chunks/node_modules_next_dist_f3530cac._.js:3127
[  414371ms] [ERROR] ./src/app/page.tsx:8:1
Module not found: Can't resolve '@/components/home/home-hero-section'
   6 | import { ActiveJamBanner } from "@/components/jams/active-jam-banner"
   7 | import { HomeGameLane } from "@/components/home/home-game-lane"
>  8 | import { HomeHeroSection } from "@/components/home/home-hero-section"
     | ^^^^^^^^^^^^^^^^^^^^^^^^^^^^^^^^^^^^^^^^^^^^^^^^^^^^^^^^^^^^^^^^^^^^^
   9 | import {
  10 |   HomeCategoryBar,
  11 |   HomeCommunityCta,

Import map: aliased to relative './src/components/home/home-hero-section' inside of [project]/

https://nextjs.org/docs/messages/module-not-found @ http://127.0.0.1:3000/_next/static/chunks/node_modules_next_dist_f3530cac._.js:3127
[  414438ms] [ERROR] ./src/app/page.tsx:8:1
Module not found: Can't resolve '@/components/home/home-hero-section'
   6 | import { ActiveJamBanner } from "@/components/jams/active-jam-banner"
   7 | import { HomeGameLane } from "@/components/home/home-game-lane"
>  8 | import { HomeHeroSection } from "@/components/home/home-hero-section"
     | ^^^^^^^^^^^^^^^^^^^^^^^^^^^^^^^^^^^^^^^^^^^^^^^^^^^^^^^^^^^^^^^^^^^^^
   9 | import {
  10 |   HomeCategoryBar,
  11 |   HomeCommunityCta,

Import map: aliased to relative './src/components/home/home-hero-section' inside of [project]/

https://nextjs.org/docs/messages/module-not-found @ http://127.0.0.1:3000/_next/static/chunks/node_modules_next_dist_f3530cac._.js:3127
[  414506ms] [ERROR] ./src/app/page.tsx:8:1
Module not found: Can't resolve '@/components/home/home-hero-section'
   6 | import { ActiveJamBanner } from "@/components/jams/active-jam-banner"
   7 | import { HomeGameLane } from "@/components/home/home-game-lane"
>  8 | import { HomeHeroSection } from "@/components/home/home-hero-section"
     | ^^^^^^^^^^^^^^^^^^^^^^^^^^^^^^^^^^^^^^^^^^^^^^^^^^^^^^^^^^^^^^^^^^^^^
   9 | import {
  10 |   HomeCategoryBar,
  11 |   HomeCommunityCta,

Import map: aliased to relative './src/components/home/home-hero-section' inside of [project]/

https://nextjs.org/docs/messages/module-not-found @ http://127.0.0.1:3000/_next/static/chunks/node_modules_next_dist_f3530cac._.js:3127
[  414571ms] [ERROR] ./src/app/page.tsx:8:1
Module not found: Can't resolve '@/components/home/home-hero-section'
   6 | import { ActiveJamBanner } from "@/components/jams/active-jam-banner"
   7 | import { HomeGameLane } from "@/components/home/home-game-lane"
>  8 | import { HomeHeroSection } from "@/components/home/home-hero-section"
     | ^^^^^^^^^^^^^^^^^^^^^^^^^^^^^^^^^^^^^^^^^^^^^^^^^^^^^^^^^^^^^^^^^^^^^
   9 | import {
  10 |   HomeCategoryBar,
  11 |   HomeCommunityCta,

Import map: aliased to relative './src/components/home/home-hero-section' inside of [project]/

https://nextjs.org/docs/messages/module-not-found @ http://127.0.0.1:3000/_next/static/chunks/node_modules_next_dist_f3530cac._.js:3127
[  414641ms] [ERROR] ./src/app/page.tsx:8:1
Module not found: Can't resolve '@/components/home/home-hero-section'
   6 | import { ActiveJamBanner } from "@/components/jams/active-jam-banner"
   7 | import { HomeGameLane } from "@/components/home/home-game-lane"
>  8 | import { HomeHeroSection } from "@/components/home/home-hero-section"
     | ^^^^^^^^^^^^^^^^^^^^^^^^^^^^^^^^^^^^^^^^^^^^^^^^^^^^^^^^^^^^^^^^^^^^^
   9 | import {
  10 |   HomeCategoryBar,
  11 |   HomeCommunityCta,

Import map: aliased to relative './src/components/home/home-hero-section' inside of [project]/

https://nextjs.org/docs/messages/module-not-found @ http://127.0.0.1:3000/_next/static/chunks/node_modules_next_dist_f3530cac._.js:3127
[  414705ms] [ERROR] ./src/app/page.tsx:8:1
Module not found: Can't resolve '@/components/home/home-hero-section'
   6 | import { ActiveJamBanner } from "@/components/jams/active-jam-banner"
   7 | import { HomeGameLane } from "@/components/home/home-game-lane"
>  8 | import { HomeHeroSection } from "@/components/home/home-hero-section"
     | ^^^^^^^^^^^^^^^^^^^^^^^^^^^^^^^^^^^^^^^^^^^^^^^^^^^^^^^^^^^^^^^^^^^^^
   9 | import {
  10 |   HomeCategoryBar,
  11 |   HomeCommunityCta,

Import map: aliased to relative './src/components/home/home-hero-section' inside of [project]/

https://nextjs.org/docs/messages/module-not-found @ http://127.0.0.1:3000/_next/static/chunks/node_modules_next_dist_f3530cac._.js:3127
[  414773ms] [ERROR] ./src/app/page.tsx:8:1
Module not found: Can't resolve '@/components/home/home-hero-section'
   6 | import { ActiveJamBanner } from "@/components/jams/active-jam-banner"
   7 | import { HomeGameLane } from "@/components/home/home-game-lane"
>  8 | import { HomeHeroSection } from "@/components/home/home-hero-section"
     | ^^^^^^^^^^^^^^^^^^^^^^^^^^^^^^^^^^^^^^^^^^^^^^^^^^^^^^^^^^^^^^^^^^^^^
   9 | import {
  10 |   HomeCategoryBar,
  11 |   HomeCommunityCta,

Import map: aliased to relative './src/components/home/home-hero-section' inside of [project]/

https://nextjs.org/docs/messages/module-not-found @ http://127.0.0.1:3000/_next/static/chunks/node_modules_next_dist_f3530cac._.js:3127
[  414840ms] [ERROR] ./src/app/page.tsx:8:1
Module not found: Can't resolve '@/components/home/home-hero-section'
   6 | import { ActiveJamBanner } from "@/components/jams/active-jam-banner"
   7 | import { HomeGameLane } from "@/components/home/home-game-lane"
>  8 | import { HomeHeroSection } from "@/components/home/home-hero-section"
     | ^^^^^^^^^^^^^^^^^^^^^^^^^^^^^^^^^^^^^^^^^^^^^^^^^^^^^^^^^^^^^^^^^^^^^
   9 | import {
  10 |   HomeCategoryBar,
  11 |   HomeCommunityCta,

Import map: aliased to relative './src/components/home/home-hero-section' inside of [project]/

https://nextjs.org/docs/messages/module-not-found @ http://127.0.0.1:3000/_next/static/chunks/node_modules_next_dist_f3530cac._.js:3127
[  414908ms] [ERROR] ./src/app/page.tsx:8:1
Module not found: Can't resolve '@/components/home/home-hero-section'
   6 | import { ActiveJamBanner } from "@/components/jams/active-jam-banner"
   7 | import { HomeGameLane } from "@/components/home/home-game-lane"
>  8 | import { HomeHeroSection } from "@/components/home/home-hero-section"
     | ^^^^^^^^^^^^^^^^^^^^^^^^^^^^^^^^^^^^^^^^^^^^^^^^^^^^^^^^^^^^^^^^^^^^^
   9 | import {
  10 |   HomeCategoryBar,
  11 |   HomeCommunityCta,

Import map: aliased to relative './src/components/home/home-hero-section' inside of [project]/

https://nextjs.org/docs/messages/module-not-found @ http://127.0.0.1:3000/_next/static/chunks/node_modules_next_dist_f3530cac._.js:3127
[  414973ms] [ERROR] ./src/app/page.tsx:8:1
Module not found: Can't resolve '@/components/home/home-hero-section'
   6 | import { ActiveJamBanner } from "@/components/jams/active-jam-banner"
   7 | import { HomeGameLane } from "@/components/home/home-game-lane"
>  8 | import { HomeHeroSection } from "@/components/home/home-hero-section"
     | ^^^^^^^^^^^^^^^^^^^^^^^^^^^^^^^^^^^^^^^^^^^^^^^^^^^^^^^^^^^^^^^^^^^^^
   9 | import {
  10 |   HomeCategoryBar,
  11 |   HomeCommunityCta,

Import map: aliased to relative './src/components/home/home-hero-section' inside of [project]/

https://nextjs.org/docs/messages/module-not-found @ http://127.0.0.1:3000/_next/static/chunks/node_modules_next_dist_f3530cac._.js:3127
[  415040ms] [ERROR] ./src/app/page.tsx:8:1
Module not found: Can't resolve '@/components/home/home-hero-section'
   6 | import { ActiveJamBanner } from "@/components/jams/active-jam-banner"
   7 | import { HomeGameLane } from "@/components/home/home-game-lane"
>  8 | import { HomeHeroSection } from "@/components/home/home-hero-section"
     | ^^^^^^^^^^^^^^^^^^^^^^^^^^^^^^^^^^^^^^^^^^^^^^^^^^^^^^^^^^^^^^^^^^^^^
   9 | import {
  10 |   HomeCategoryBar,
  11 |   HomeCommunityCta,

Import map: aliased to relative './src/components/home/home-hero-section' inside of [project]/

https://nextjs.org/docs/messages/module-not-found @ http://127.0.0.1:3000/_next/static/chunks/node_modules_next_dist_f3530cac._.js:3127
[  415105ms] [ERROR] ./src/app/page.tsx:8:1
Module not found: Can't resolve '@/components/home/home-hero-section'
   6 | import { ActiveJamBanner } from "@/components/jams/active-jam-banner"
   7 | import { HomeGameLane } from "@/components/home/home-game-lane"
>  8 | import { HomeHeroSection } from "@/components/home/home-hero-section"
     | ^^^^^^^^^^^^^^^^^^^^^^^^^^^^^^^^^^^^^^^^^^^^^^^^^^^^^^^^^^^^^^^^^^^^^
   9 | import {
  10 |   HomeCategoryBar,
  11 |   HomeCommunityCta,

Import map: aliased to relative './src/components/home/home-hero-section' inside of [project]/

https://nextjs.org/docs/messages/module-not-found @ http://127.0.0.1:3000/_next/static/chunks/node_modules_next_dist_f3530cac._.js:3127
[  415172ms] [ERROR] ./src/app/page.tsx:8:1
Module not found: Can't resolve '@/components/home/home-hero-section'
   6 | import { ActiveJamBanner } from "@/components/jams/active-jam-banner"
   7 | import { HomeGameLane } from "@/components/home/home-game-lane"
>  8 | import { HomeHeroSection } from "@/components/home/home-hero-section"
     | ^^^^^^^^^^^^^^^^^^^^^^^^^^^^^^^^^^^^^^^^^^^^^^^^^^^^^^^^^^^^^^^^^^^^^
   9 | import {
  10 |   HomeCategoryBar,
  11 |   HomeCommunityCta,

Import map: aliased to relative './src/components/home/home-hero-section' inside of [project]/

https://nextjs.org/docs/messages/module-not-found @ http://127.0.0.1:3000/_next/static/chunks/node_modules_next_dist_f3530cac._.js:3127
[  415234ms] [ERROR] ./src/app/page.tsx:8:1
Module not found: Can't resolve '@/components/home/home-hero-section'
   6 | import { ActiveJamBanner } from "@/components/jams/active-jam-banner"
   7 | import { HomeGameLane } from "@/components/home/home-game-lane"
>  8 | import { HomeHeroSection } from "@/components/home/home-hero-section"
     | ^^^^^^^^^^^^^^^^^^^^^^^^^^^^^^^^^^^^^^^^^^^^^^^^^^^^^^^^^^^^^^^^^^^^^
   9 | import {
  10 |   HomeCategoryBar,
  11 |   HomeCommunityCta,

Import map: aliased to relative './src/components/home/home-hero-section' inside of [project]/

https://nextjs.org/docs/messages/module-not-found @ http://127.0.0.1:3000/_next/static/chunks/node_modules_next_dist_f3530cac._.js:3127
[  415302ms] [ERROR] ./src/app/page.tsx:8:1
Module not found: Can't resolve '@/components/home/home-hero-section'
   6 | import { ActiveJamBanner } from "@/components/jams/active-jam-banner"
   7 | import { HomeGameLane } from "@/components/home/home-game-lane"
>  8 | import { HomeHeroSection } from "@/components/home/home-hero-section"
     | ^^^^^^^^^^^^^^^^^^^^^^^^^^^^^^^^^^^^^^^^^^^^^^^^^^^^^^^^^^^^^^^^^^^^^
   9 | import {
  10 |   HomeCategoryBar,
  11 |   HomeCommunityCta,

Import map: aliased to relative './src/components/home/home-hero-section' inside of [project]/

https://nextjs.org/docs/messages/module-not-found @ http://127.0.0.1:3000/_next/static/chunks/node_modules_next_dist_f3530cac._.js:3127
[  415370ms] [ERROR] ./src/app/page.tsx:8:1
Module not found: Can't resolve '@/components/home/home-hero-section'
   6 | import { ActiveJamBanner } from "@/components/jams/active-jam-banner"
   7 | import { HomeGameLane } from "@/components/home/home-game-lane"
>  8 | import { HomeHeroSection } from "@/components/home/home-hero-section"
     | ^^^^^^^^^^^^^^^^^^^^^^^^^^^^^^^^^^^^^^^^^^^^^^^^^^^^^^^^^^^^^^^^^^^^^
   9 | import {
  10 |   HomeCategoryBar,
  11 |   HomeCommunityCta,

Import map: aliased to relative './src/components/home/home-hero-section' inside of [project]/

https://nextjs.org/docs/messages/module-not-found @ http://127.0.0.1:3000/_next/static/chunks/node_modules_next_dist_f3530cac._.js:3127
[  415435ms] [ERROR] ./src/app/page.tsx:8:1
Module not found: Can't resolve '@/components/home/home-hero-section'
   6 | import { ActiveJamBanner } from "@/components/jams/active-jam-banner"
   7 | import { HomeGameLane } from "@/components/home/home-game-lane"
>  8 | import { HomeHeroSection } from "@/components/home/home-hero-section"
     | ^^^^^^^^^^^^^^^^^^^^^^^^^^^^^^^^^^^^^^^^^^^^^^^^^^^^^^^^^^^^^^^^^^^^^
   9 | import {
  10 |   HomeCategoryBar,
  11 |   HomeCommunityCta,

Import map: aliased to relative './src/components/home/home-hero-section' inside of [project]/

https://nextjs.org/docs/messages/module-not-found @ http://127.0.0.1:3000/_next/static/chunks/node_modules_next_dist_f3530cac._.js:3127
[  415512ms] [ERROR] ./src/app/page.tsx:8:1
Module not found: Can't resolve '@/components/home/home-hero-section'
   6 | import { ActiveJamBanner } from "@/components/jams/active-jam-banner"
   7 | import { HomeGameLane } from "@/components/home/home-game-lane"
>  8 | import { HomeHeroSection } from "@/components/home/home-hero-section"
     | ^^^^^^^^^^^^^^^^^^^^^^^^^^^^^^^^^^^^^^^^^^^^^^^^^^^^^^^^^^^^^^^^^^^^^
   9 | import {
  10 |   HomeCategoryBar,
  11 |   HomeCommunityCta,

Import map: aliased to relative './src/components/home/home-hero-section' inside of [project]/

https://nextjs.org/docs/messages/module-not-found @ http://127.0.0.1:3000/_next/static/chunks/node_modules_next_dist_f3530cac._.js:3127
[  415583ms] [ERROR] ./src/app/page.tsx:8:1
Module not found: Can't resolve '@/components/home/home-hero-section'
   6 | import { ActiveJamBanner } from "@/components/jams/active-jam-banner"
   7 | import { HomeGameLane } from "@/components/home/home-game-lane"
>  8 | import { HomeHeroSection } from "@/components/home/home-hero-section"
     | ^^^^^^^^^^^^^^^^^^^^^^^^^^^^^^^^^^^^^^^^^^^^^^^^^^^^^^^^^^^^^^^^^^^^^
   9 | import {
  10 |   HomeCategoryBar,
  11 |   HomeCommunityCta,

Import map: aliased to relative './src/components/home/home-hero-section' inside of [project]/

https://nextjs.org/docs/messages/module-not-found @ http://127.0.0.1:3000/_next/static/chunks/node_modules_next_dist_f3530cac._.js:3127
[  415635ms] [ERROR] ./src/app/page.tsx:8:1
Module not found: Can't resolve '@/components/home/home-hero-section'
   6 | import { ActiveJamBanner } from "@/components/jams/active-jam-banner"
   7 | import { HomeGameLane } from "@/components/home/home-game-lane"
>  8 | import { HomeHeroSection } from "@/components/home/home-hero-section"
     | ^^^^^^^^^^^^^^^^^^^^^^^^^^^^^^^^^^^^^^^^^^^^^^^^^^^^^^^^^^^^^^^^^^^^^
   9 | import {
  10 |   HomeCategoryBar,
  11 |   HomeCommunityCta,

Import map: aliased to relative './src/components/home/home-hero-section' inside of [project]/

https://nextjs.org/docs/messages/module-not-found @ http://127.0.0.1:3000/_next/static/chunks/node_modules_next_dist_f3530cac._.js:3127
[  415704ms] [ERROR] ./src/app/page.tsx:8:1
Module not found: Can't resolve '@/components/home/home-hero-section'
   6 | import { ActiveJamBanner } from "@/components/jams/active-jam-banner"
   7 | import { HomeGameLane } from "@/components/home/home-game-lane"
>  8 | import { HomeHeroSection } from "@/components/home/home-hero-section"
     | ^^^^^^^^^^^^^^^^^^^^^^^^^^^^^^^^^^^^^^^^^^^^^^^^^^^^^^^^^^^^^^^^^^^^^
   9 | import {
  10 |   HomeCategoryBar,
  11 |   HomeCommunityCta,

Import map: aliased to relative './src/components/home/home-hero-section' inside of [project]/

https://nextjs.org/docs/messages/module-not-found @ http://127.0.0.1:3000/_next/static/chunks/node_modules_next_dist_f3530cac._.js:3127
[  415774ms] [ERROR] ./src/app/page.tsx:8:1
Module not found: Can't resolve '@/components/home/home-hero-section'
   6 | import { ActiveJamBanner } from "@/components/jams/active-jam-banner"
   7 | import { HomeGameLane } from "@/components/home/home-game-lane"
>  8 | import { HomeHeroSection } from "@/components/home/home-hero-section"
     | ^^^^^^^^^^^^^^^^^^^^^^^^^^^^^^^^^^^^^^^^^^^^^^^^^^^^^^^^^^^^^^^^^^^^^
   9 | import {
  10 |   HomeCategoryBar,
  11 |   HomeCommunityCta,

Import map: aliased to relative './src/components/home/home-hero-section' inside of [project]/

https://nextjs.org/docs/messages/module-not-found @ http://127.0.0.1:3000/_next/static/chunks/node_modules_next_dist_f3530cac._.js:3127
[  415840ms] [ERROR] ./src/app/page.tsx:8:1
Module not found: Can't resolve '@/components/home/home-hero-section'
   6 | import { ActiveJamBanner } from "@/components/jams/active-jam-banner"
   7 | import { HomeGameLane } from "@/components/home/home-game-lane"
>  8 | import { HomeHeroSection } from "@/components/home/home-hero-section"
     | ^^^^^^^^^^^^^^^^^^^^^^^^^^^^^^^^^^^^^^^^^^^^^^^^^^^^^^^^^^^^^^^^^^^^^
   9 | import {
  10 |   HomeCategoryBar,
  11 |   HomeCommunityCta,

Import map: aliased to relative './src/components/home/home-hero-section' inside of [project]/

https://nextjs.org/docs/messages/module-not-found @ http://127.0.0.1:3000/_next/static/chunks/node_modules_next_dist_f3530cac._.js:3127
[  415893ms] [ERROR] ./src/app/page.tsx:8:1
Module not found: Can't resolve '@/components/home/home-hero-section'
   6 | import { ActiveJamBanner } from "@/components/jams/active-jam-banner"
   7 | import { HomeGameLane } from "@/components/home/home-game-lane"
>  8 | import { HomeHeroSection } from "@/components/home/home-hero-section"
     | ^^^^^^^^^^^^^^^^^^^^^^^^^^^^^^^^^^^^^^^^^^^^^^^^^^^^^^^^^^^^^^^^^^^^^
   9 | import {
  10 |   HomeCategoryBar,
  11 |   HomeCommunityCta,

Import map: aliased to relative './src/components/home/home-hero-section' inside of [project]/

https://nextjs.org/docs/messages/module-not-found @ http://127.0.0.1:3000/_next/static/chunks/node_modules_next_dist_f3530cac._.js:3127
[  415963ms] [ERROR] ./src/app/page.tsx:8:1
Module not found: Can't resolve '@/components/home/home-hero-section'
   6 | import { ActiveJamBanner } from "@/components/jams/active-jam-banner"
   7 | import { HomeGameLane } from "@/components/home/home-game-lane"
>  8 | import { HomeHeroSection } from "@/components/home/home-hero-section"
     | ^^^^^^^^^^^^^^^^^^^^^^^^^^^^^^^^^^^^^^^^^^^^^^^^^^^^^^^^^^^^^^^^^^^^^
   9 | import {
  10 |   HomeCategoryBar,
  11 |   HomeCommunityCta,

Import map: aliased to relative './src/components/home/home-hero-section' inside of [project]/

https://nextjs.org/docs/messages/module-not-found @ http://127.0.0.1:3000/_next/static/chunks/node_modules_next_dist_f3530cac._.js:3127
[  416034ms] [ERROR] ./src/app/page.tsx:8:1
Module not found: Can't resolve '@/components/home/home-hero-section'
   6 | import { ActiveJamBanner } from "@/components/jams/active-jam-banner"
   7 | import { HomeGameLane } from "@/components/home/home-game-lane"
>  8 | import { HomeHeroSection } from "@/components/home/home-hero-section"
     | ^^^^^^^^^^^^^^^^^^^^^^^^^^^^^^^^^^^^^^^^^^^^^^^^^^^^^^^^^^^^^^^^^^^^^
   9 | import {
  10 |   HomeCategoryBar,
  11 |   HomeCommunityCta,

Import map: aliased to relative './src/components/home/home-hero-section' inside of [project]/

https://nextjs.org/docs/messages/module-not-found @ http://127.0.0.1:3000/_next/static/chunks/node_modules_next_dist_f3530cac._.js:3127
[  416096ms] [ERROR] ./src/app/page.tsx:8:1
Module not found: Can't resolve '@/components/home/home-hero-section'
   6 | import { ActiveJamBanner } from "@/components/jams/active-jam-banner"
   7 | import { HomeGameLane } from "@/components/home/home-game-lane"
>  8 | import { HomeHeroSection } from "@/components/home/home-hero-section"
     | ^^^^^^^^^^^^^^^^^^^^^^^^^^^^^^^^^^^^^^^^^^^^^^^^^^^^^^^^^^^^^^^^^^^^^
   9 | import {
  10 |   HomeCategoryBar,
  11 |   HomeCommunityCta,

Import map: aliased to relative './src/components/home/home-hero-section' inside of [project]/

https://nextjs.org/docs/messages/module-not-found @ http://127.0.0.1:3000/_next/static/chunks/node_modules_next_dist_f3530cac._.js:3127
[  416174ms] [ERROR] ./src/app/page.tsx:8:1
Module not found: Can't resolve '@/components/home/home-hero-section'
   6 | import { ActiveJamBanner } from "@/components/jams/active-jam-banner"
   7 | import { HomeGameLane } from "@/components/home/home-game-lane"
>  8 | import { HomeHeroSection } from "@/components/home/home-hero-section"
     | ^^^^^^^^^^^^^^^^^^^^^^^^^^^^^^^^^^^^^^^^^^^^^^^^^^^^^^^^^^^^^^^^^^^^^
   9 | import {
  10 |   HomeCategoryBar,
  11 |   HomeCommunityCta,

Import map: aliased to relative './src/components/home/home-hero-section' inside of [project]/

https://nextjs.org/docs/messages/module-not-found @ http://127.0.0.1:3000/_next/static/chunks/node_modules_next_dist_f3530cac._.js:3127
[  416238ms] [ERROR] ./src/app/page.tsx:8:1
Module not found: Can't resolve '@/components/home/home-hero-section'
   6 | import { ActiveJamBanner } from "@/components/jams/active-jam-banner"
   7 | import { HomeGameLane } from "@/components/home/home-game-lane"
>  8 | import { HomeHeroSection } from "@/components/home/home-hero-section"
     | ^^^^^^^^^^^^^^^^^^^^^^^^^^^^^^^^^^^^^^^^^^^^^^^^^^^^^^^^^^^^^^^^^^^^^
   9 | import {
  10 |   HomeCategoryBar,
  11 |   HomeCommunityCta,

Import map: aliased to relative './src/components/home/home-hero-section' inside of [project]/

https://nextjs.org/docs/messages/module-not-found @ http://127.0.0.1:3000/_next/static/chunks/node_modules_next_dist_f3530cac._.js:3127
[  416303ms] [ERROR] ./src/app/page.tsx:8:1
Module not found: Can't resolve '@/components/home/home-hero-section'
   6 | import { ActiveJamBanner } from "@/components/jams/active-jam-banner"
   7 | import { HomeGameLane } from "@/components/home/home-game-lane"
>  8 | import { HomeHeroSection } from "@/components/home/home-hero-section"
     | ^^^^^^^^^^^^^^^^^^^^^^^^^^^^^^^^^^^^^^^^^^^^^^^^^^^^^^^^^^^^^^^^^^^^^
   9 | import {
  10 |   HomeCategoryBar,
  11 |   HomeCommunityCta,

Import map: aliased to relative './src/components/home/home-hero-section' inside of [project]/

https://nextjs.org/docs/messages/module-not-found @ http://127.0.0.1:3000/_next/static/chunks/node_modules_next_dist_f3530cac._.js:3127
[  416368ms] [ERROR] ./src/app/page.tsx:8:1
Module not found: Can't resolve '@/components/home/home-hero-section'
   6 | import { ActiveJamBanner } from "@/components/jams/active-jam-banner"
   7 | import { HomeGameLane } from "@/components/home/home-game-lane"
>  8 | import { HomeHeroSection } from "@/components/home/home-hero-section"
     | ^^^^^^^^^^^^^^^^^^^^^^^^^^^^^^^^^^^^^^^^^^^^^^^^^^^^^^^^^^^^^^^^^^^^^
   9 | import {
  10 |   HomeCategoryBar,
  11 |   HomeCommunityCta,

Import map: aliased to relative './src/components/home/home-hero-section' inside of [project]/

https://nextjs.org/docs/messages/module-not-found @ http://127.0.0.1:3000/_next/static/chunks/node_modules_next_dist_f3530cac._.js:3127
[  416434ms] [ERROR] ./src/app/page.tsx:8:1
Module not found: Can't resolve '@/components/home/home-hero-section'
   6 | import { ActiveJamBanner } from "@/components/jams/active-jam-banner"
   7 | import { HomeGameLane } from "@/components/home/home-game-lane"
>  8 | import { HomeHeroSection } from "@/components/home/home-hero-section"
     | ^^^^^^^^^^^^^^^^^^^^^^^^^^^^^^^^^^^^^^^^^^^^^^^^^^^^^^^^^^^^^^^^^^^^^
   9 | import {
  10 |   HomeCategoryBar,
  11 |   HomeCommunityCta,

Import map: aliased to relative './src/components/home/home-hero-section' inside of [project]/

https://nextjs.org/docs/messages/module-not-found @ http://127.0.0.1:3000/_next/static/chunks/node_modules_next_dist_f3530cac._.js:3127
[  416500ms] [ERROR] ./src/app/page.tsx:8:1
Module not found: Can't resolve '@/components/home/home-hero-section'
   6 | import { ActiveJamBanner } from "@/components/jams/active-jam-banner"
   7 | import { HomeGameLane } from "@/components/home/home-game-lane"
>  8 | import { HomeHeroSection } from "@/components/home/home-hero-section"
     | ^^^^^^^^^^^^^^^^^^^^^^^^^^^^^^^^^^^^^^^^^^^^^^^^^^^^^^^^^^^^^^^^^^^^^
   9 | import {
  10 |   HomeCategoryBar,
  11 |   HomeCommunityCta,

Import map: aliased to relative './src/components/home/home-hero-section' inside of [project]/

https://nextjs.org/docs/messages/module-not-found @ http://127.0.0.1:3000/_next/static/chunks/node_modules_next_dist_f3530cac._.js:3127
[  416566ms] [ERROR] ./src/app/page.tsx:8:1
Module not found: Can't resolve '@/components/home/home-hero-section'
   6 | import { ActiveJamBanner } from "@/components/jams/active-jam-banner"
   7 | import { HomeGameLane } from "@/components/home/home-game-lane"
>  8 | import { HomeHeroSection } from "@/components/home/home-hero-section"
     | ^^^^^^^^^^^^^^^^^^^^^^^^^^^^^^^^^^^^^^^^^^^^^^^^^^^^^^^^^^^^^^^^^^^^^
   9 | import {
  10 |   HomeCategoryBar,
  11 |   HomeCommunityCta,

Import map: aliased to relative './src/components/home/home-hero-section' inside of [project]/

https://nextjs.org/docs/messages/module-not-found @ http://127.0.0.1:3000/_next/static/chunks/node_modules_next_dist_f3530cac._.js:3127
[  416633ms] [ERROR] ./src/app/page.tsx:8:1
Module not found: Can't resolve '@/components/home/home-hero-section'
   6 | import { ActiveJamBanner } from "@/components/jams/active-jam-banner"
   7 | import { HomeGameLane } from "@/components/home/home-game-lane"
>  8 | import { HomeHeroSection } from "@/components/home/home-hero-section"
     | ^^^^^^^^^^^^^^^^^^^^^^^^^^^^^^^^^^^^^^^^^^^^^^^^^^^^^^^^^^^^^^^^^^^^^
   9 | import {
  10 |   HomeCategoryBar,
  11 |   HomeCommunityCta,

Import map: aliased to relative './src/components/home/home-hero-section' inside of [project]/

https://nextjs.org/docs/messages/module-not-found @ http://127.0.0.1:3000/_next/static/chunks/node_modules_next_dist_f3530cac._.js:3127
[  416698ms] [ERROR] ./src/app/page.tsx:8:1
Module not found: Can't resolve '@/components/home/home-hero-section'
   6 | import { ActiveJamBanner } from "@/components/jams/active-jam-banner"
   7 | import { HomeGameLane } from "@/components/home/home-game-lane"
>  8 | import { HomeHeroSection } from "@/components/home/home-hero-section"
     | ^^^^^^^^^^^^^^^^^^^^^^^^^^^^^^^^^^^^^^^^^^^^^^^^^^^^^^^^^^^^^^^^^^^^^
   9 | import {
  10 |   HomeCategoryBar,
  11 |   HomeCommunityCta,

Import map: aliased to relative './src/components/home/home-hero-section' inside of [project]/

https://nextjs.org/docs/messages/module-not-found @ http://127.0.0.1:3000/_next/static/chunks/node_modules_next_dist_f3530cac._.js:3127
[  416753ms] [ERROR] ./src/app/page.tsx:8:1
Module not found: Can't resolve '@/components/home/home-hero-section'
   6 | import { ActiveJamBanner } from "@/components/jams/active-jam-banner"
   7 | import { HomeGameLane } from "@/components/home/home-game-lane"
>  8 | import { HomeHeroSection } from "@/components/home/home-hero-section"
     | ^^^^^^^^^^^^^^^^^^^^^^^^^^^^^^^^^^^^^^^^^^^^^^^^^^^^^^^^^^^^^^^^^^^^^
   9 | import {
  10 |   HomeCategoryBar,
  11 |   HomeCommunityCta,

Import map: aliased to relative './src/components/home/home-hero-section' inside of [project]/

https://nextjs.org/docs/messages/module-not-found @ http://127.0.0.1:3000/_next/static/chunks/node_modules_next_dist_f3530cac._.js:3127
[  416817ms] [ERROR] ./src/app/page.tsx:8:1
Module not found: Can't resolve '@/components/home/home-hero-section'
   6 | import { ActiveJamBanner } from "@/components/jams/active-jam-banner"
   7 | import { HomeGameLane } from "@/components/home/home-game-lane"
>  8 | import { HomeHeroSection } from "@/components/home/home-hero-section"
     | ^^^^^^^^^^^^^^^^^^^^^^^^^^^^^^^^^^^^^^^^^^^^^^^^^^^^^^^^^^^^^^^^^^^^^
   9 | import {
  10 |   HomeCategoryBar,
  11 |   HomeCommunityCta,

Import map: aliased to relative './src/components/home/home-hero-section' inside of [project]/

https://nextjs.org/docs/messages/module-not-found @ http://127.0.0.1:3000/_next/static/chunks/node_modules_next_dist_f3530cac._.js:3127
[  416870ms] [ERROR] ./src/app/page.tsx:8:1
Module not found: Can't resolve '@/components/home/home-hero-section'
   6 | import { ActiveJamBanner } from "@/components/jams/active-jam-banner"
   7 | import { HomeGameLane } from "@/components/home/home-game-lane"
>  8 | import { HomeHeroSection } from "@/components/home/home-hero-section"
     | ^^^^^^^^^^^^^^^^^^^^^^^^^^^^^^^^^^^^^^^^^^^^^^^^^^^^^^^^^^^^^^^^^^^^^
   9 | import {
  10 |   HomeCategoryBar,
  11 |   HomeCommunityCta,

Import map: aliased to relative './src/components/home/home-hero-section' inside of [project]/

https://nextjs.org/docs/messages/module-not-found @ http://127.0.0.1:3000/_next/static/chunks/node_modules_next_dist_f3530cac._.js:3127
[  416932ms] [ERROR] ./src/app/page.tsx:8:1
Module not found: Can't resolve '@/components/home/home-hero-section'
   6 | import { ActiveJamBanner } from "@/components/jams/active-jam-banner"
   7 | import { HomeGameLane } from "@/components/home/home-game-lane"
>  8 | import { HomeHeroSection } from "@/components/home/home-hero-section"
     | ^^^^^^^^^^^^^^^^^^^^^^^^^^^^^^^^^^^^^^^^^^^^^^^^^^^^^^^^^^^^^^^^^^^^^
   9 | import {
  10 |   HomeCategoryBar,
  11 |   HomeCommunityCta,

Import map: aliased to relative './src/components/home/home-hero-section' inside of [project]/

https://nextjs.org/docs/messages/module-not-found @ http://127.0.0.1:3000/_next/static/chunks/node_modules_next_dist_f3530cac._.js:3127
[  417003ms] [ERROR] ./src/app/page.tsx:8:1
Module not found: Can't resolve '@/components/home/home-hero-section'
   6 | import { ActiveJamBanner } from "@/components/jams/active-jam-banner"
   7 | import { HomeGameLane } from "@/components/home/home-game-lane"
>  8 | import { HomeHeroSection } from "@/components/home/home-hero-section"
     | ^^^^^^^^^^^^^^^^^^^^^^^^^^^^^^^^^^^^^^^^^^^^^^^^^^^^^^^^^^^^^^^^^^^^^
   9 | import {
  10 |   HomeCategoryBar,
  11 |   HomeCommunityCta,

Import map: aliased to relative './src/components/home/home-hero-section' inside of [project]/

https://nextjs.org/docs/messages/module-not-found @ http://127.0.0.1:3000/_next/static/chunks/node_modules_next_dist_f3530cac._.js:3127
[  417066ms] [ERROR] ./src/app/page.tsx:8:1
Module not found: Can't resolve '@/components/home/home-hero-section'
   6 | import { ActiveJamBanner } from "@/components/jams/active-jam-banner"
   7 | import { HomeGameLane } from "@/components/home/home-game-lane"
>  8 | import { HomeHeroSection } from "@/components/home/home-hero-section"
     | ^^^^^^^^^^^^^^^^^^^^^^^^^^^^^^^^^^^^^^^^^^^^^^^^^^^^^^^^^^^^^^^^^^^^^
   9 | import {
  10 |   HomeCategoryBar,
  11 |   HomeCommunityCta,

Import map: aliased to relative './src/components/home/home-hero-section' inside of [project]/

https://nextjs.org/docs/messages/module-not-found @ http://127.0.0.1:3000/_next/static/chunks/node_modules_next_dist_f3530cac._.js:3127
[  417136ms] [ERROR] ./src/app/page.tsx:8:1
Module not found: Can't resolve '@/components/home/home-hero-section'
   6 | import { ActiveJamBanner } from "@/components/jams/active-jam-banner"
   7 | import { HomeGameLane } from "@/components/home/home-game-lane"
>  8 | import { HomeHeroSection } from "@/components/home/home-hero-section"
     | ^^^^^^^^^^^^^^^^^^^^^^^^^^^^^^^^^^^^^^^^^^^^^^^^^^^^^^^^^^^^^^^^^^^^^
   9 | import {
  10 |   HomeCategoryBar,
  11 |   HomeCommunityCta,

Import map: aliased to relative './src/components/home/home-hero-section' inside of [project]/

https://nextjs.org/docs/messages/module-not-found @ http://127.0.0.1:3000/_next/static/chunks/node_modules_next_dist_f3530cac._.js:3127
[  417202ms] [ERROR] ./src/app/page.tsx:8:1
Module not found: Can't resolve '@/components/home/home-hero-section'
   6 | import { ActiveJamBanner } from "@/components/jams/active-jam-banner"
   7 | import { HomeGameLane } from "@/components/home/home-game-lane"
>  8 | import { HomeHeroSection } from "@/components/home/home-hero-section"
     | ^^^^^^^^^^^^^^^^^^^^^^^^^^^^^^^^^^^^^^^^^^^^^^^^^^^^^^^^^^^^^^^^^^^^^
   9 | import {
  10 |   HomeCategoryBar,
  11 |   HomeCommunityCta,

Import map: aliased to relative './src/components/home/home-hero-section' inside of [project]/

https://nextjs.org/docs/messages/module-not-found @ http://127.0.0.1:3000/_next/static/chunks/node_modules_next_dist_f3530cac._.js:3127
[  417273ms] [ERROR] ./src/app/page.tsx:8:1
Module not found: Can't resolve '@/components/home/home-hero-section'
   6 | import { ActiveJamBanner } from "@/components/jams/active-jam-banner"
   7 | import { HomeGameLane } from "@/components/home/home-game-lane"
>  8 | import { HomeHeroSection } from "@/components/home/home-hero-section"
     | ^^^^^^^^^^^^^^^^^^^^^^^^^^^^^^^^^^^^^^^^^^^^^^^^^^^^^^^^^^^^^^^^^^^^^
   9 | import {
  10 |   HomeCategoryBar,
  11 |   HomeCommunityCta,

Import map: aliased to relative './src/components/home/home-hero-section' inside of [project]/

https://nextjs.org/docs/messages/module-not-found @ http://127.0.0.1:3000/_next/static/chunks/node_modules_next_dist_f3530cac._.js:3127
[  417336ms] [ERROR] ./src/app/page.tsx:8:1
Module not found: Can't resolve '@/components/home/home-hero-section'
   6 | import { ActiveJamBanner } from "@/components/jams/active-jam-banner"
   7 | import { HomeGameLane } from "@/components/home/home-game-lane"
>  8 | import { HomeHeroSection } from "@/components/home/home-hero-section"
     | ^^^^^^^^^^^^^^^^^^^^^^^^^^^^^^^^^^^^^^^^^^^^^^^^^^^^^^^^^^^^^^^^^^^^^
   9 | import {
  10 |   HomeCategoryBar,
  11 |   HomeCommunityCta,

Import map: aliased to relative './src/components/home/home-hero-section' inside of [project]/

https://nextjs.org/docs/messages/module-not-found @ http://127.0.0.1:3000/_next/static/chunks/node_modules_next_dist_f3530cac._.js:3127
[  417402ms] [ERROR] ./src/app/page.tsx:8:1
Module not found: Can't resolve '@/components/home/home-hero-section'
   6 | import { ActiveJamBanner } from "@/components/jams/active-jam-banner"
   7 | import { HomeGameLane } from "@/components/home/home-game-lane"
>  8 | import { HomeHeroSection } from "@/components/home/home-hero-section"
     | ^^^^^^^^^^^^^^^^^^^^^^^^^^^^^^^^^^^^^^^^^^^^^^^^^^^^^^^^^^^^^^^^^^^^^
   9 | import {
  10 |   HomeCategoryBar,
  11 |   HomeCommunityCta,

Import map: aliased to relative './src/components/home/home-hero-section' inside of [project]/

https://nextjs.org/docs/messages/module-not-found @ http://127.0.0.1:3000/_next/static/chunks/node_modules_next_dist_f3530cac._.js:3127
[  417460ms] [ERROR] ./src/app/page.tsx:8:1
Module not found: Can't resolve '@/components/home/home-hero-section'
   6 | import { ActiveJamBanner } from "@/components/jams/active-jam-banner"
   7 | import { HomeGameLane } from "@/components/home/home-game-lane"
>  8 | import { HomeHeroSection } from "@/components/home/home-hero-section"
     | ^^^^^^^^^^^^^^^^^^^^^^^^^^^^^^^^^^^^^^^^^^^^^^^^^^^^^^^^^^^^^^^^^^^^^
   9 | import {
  10 |   HomeCategoryBar,
  11 |   HomeCommunityCta,

Import map: aliased to relative './src/components/home/home-hero-section' inside of [project]/

https://nextjs.org/docs/messages/module-not-found @ http://127.0.0.1:3000/_next/static/chunks/node_modules_next_dist_f3530cac._.js:3127
[  417532ms] [ERROR] ./src/app/page.tsx:8:1
Module not found: Can't resolve '@/components/home/home-hero-section'
   6 | import { ActiveJamBanner } from "@/components/jams/active-jam-banner"
   7 | import { HomeGameLane } from "@/components/home/home-game-lane"
>  8 | import { HomeHeroSection } from "@/components/home/home-hero-section"
     | ^^^^^^^^^^^^^^^^^^^^^^^^^^^^^^^^^^^^^^^^^^^^^^^^^^^^^^^^^^^^^^^^^^^^^
   9 | import {
  10 |   HomeCategoryBar,
  11 |   HomeCommunityCta,

Import map: aliased to relative './src/components/home/home-hero-section' inside of [project]/

https://nextjs.org/docs/messages/module-not-found @ http://127.0.0.1:3000/_next/static/chunks/node_modules_next_dist_f3530cac._.js:3127
[  417599ms] [ERROR] ./src/app/page.tsx:8:1
Module not found: Can't resolve '@/components/home/home-hero-section'
   6 | import { ActiveJamBanner } from "@/components/jams/active-jam-banner"
   7 | import { HomeGameLane } from "@/components/home/home-game-lane"
>  8 | import { HomeHeroSection } from "@/components/home/home-hero-section"
     | ^^^^^^^^^^^^^^^^^^^^^^^^^^^^^^^^^^^^^^^^^^^^^^^^^^^^^^^^^^^^^^^^^^^^^
   9 | import {
  10 |   HomeCategoryBar,
  11 |   HomeCommunityCta,

Import map: aliased to relative './src/components/home/home-hero-section' inside of [project]/

https://nextjs.org/docs/messages/module-not-found @ http://127.0.0.1:3000/_next/static/chunks/node_modules_next_dist_f3530cac._.js:3127
[  417665ms] [ERROR] ./src/app/page.tsx:8:1
Module not found: Can't resolve '@/components/home/home-hero-section'
   6 | import { ActiveJamBanner } from "@/components/jams/active-jam-banner"
   7 | import { HomeGameLane } from "@/components/home/home-game-lane"
>  8 | import { HomeHeroSection } from "@/components/home/home-hero-section"
     | ^^^^^^^^^^^^^^^^^^^^^^^^^^^^^^^^^^^^^^^^^^^^^^^^^^^^^^^^^^^^^^^^^^^^^
   9 | import {
  10 |   HomeCategoryBar,
  11 |   HomeCommunityCta,

Import map: aliased to relative './src/components/home/home-hero-section' inside of [project]/

https://nextjs.org/docs/messages/module-not-found @ http://127.0.0.1:3000/_next/static/chunks/node_modules_next_dist_f3530cac._.js:3127
[  417731ms] [ERROR] ./src/app/page.tsx:8:1
Module not found: Can't resolve '@/components/home/home-hero-section'
   6 | import { ActiveJamBanner } from "@/components/jams/active-jam-banner"
   7 | import { HomeGameLane } from "@/components/home/home-game-lane"
>  8 | import { HomeHeroSection } from "@/components/home/home-hero-section"
     | ^^^^^^^^^^^^^^^^^^^^^^^^^^^^^^^^^^^^^^^^^^^^^^^^^^^^^^^^^^^^^^^^^^^^^
   9 | import {
  10 |   HomeCategoryBar,
  11 |   HomeCommunityCta,

Import map: aliased to relative './src/components/home/home-hero-section' inside of [project]/

https://nextjs.org/docs/messages/module-not-found @ http://127.0.0.1:3000/_next/static/chunks/node_modules_next_dist_f3530cac._.js:3127
[  417798ms] [ERROR] ./src/app/page.tsx:8:1
Module not found: Can't resolve '@/components/home/home-hero-section'
   6 | import { ActiveJamBanner } from "@/components/jams/active-jam-banner"
   7 | import { HomeGameLane } from "@/components/home/home-game-lane"
>  8 | import { HomeHeroSection } from "@/components/home/home-hero-section"
     | ^^^^^^^^^^^^^^^^^^^^^^^^^^^^^^^^^^^^^^^^^^^^^^^^^^^^^^^^^^^^^^^^^^^^^
   9 | import {
  10 |   HomeCategoryBar,
  11 |   HomeCommunityCta,

Import map: aliased to relative './src/components/home/home-hero-section' inside of [project]/

https://nextjs.org/docs/messages/module-not-found @ http://127.0.0.1:3000/_next/static/chunks/node_modules_next_dist_f3530cac._.js:3127
[  417851ms] [ERROR] ./src/app/page.tsx:8:1
Module not found: Can't resolve '@/components/home/home-hero-section'
   6 | import { ActiveJamBanner } from "@/components/jams/active-jam-banner"
   7 | import { HomeGameLane } from "@/components/home/home-game-lane"
>  8 | import { HomeHeroSection } from "@/components/home/home-hero-section"
     | ^^^^^^^^^^^^^^^^^^^^^^^^^^^^^^^^^^^^^^^^^^^^^^^^^^^^^^^^^^^^^^^^^^^^^
   9 | import {
  10 |   HomeCategoryBar,
  11 |   HomeCommunityCta,

Import map: aliased to relative './src/components/home/home-hero-section' inside of [project]/

https://nextjs.org/docs/messages/module-not-found @ http://127.0.0.1:3000/_next/static/chunks/node_modules_next_dist_f3530cac._.js:3127
[  417910ms] [ERROR] ./src/app/page.tsx:8:1
Module not found: Can't resolve '@/components/home/home-hero-section'
   6 | import { ActiveJamBanner } from "@/components/jams/active-jam-banner"
   7 | import { HomeGameLane } from "@/components/home/home-game-lane"
>  8 | import { HomeHeroSection } from "@/components/home/home-hero-section"
     | ^^^^^^^^^^^^^^^^^^^^^^^^^^^^^^^^^^^^^^^^^^^^^^^^^^^^^^^^^^^^^^^^^^^^^
   9 | import {
  10 |   HomeCategoryBar,
  11 |   HomeCommunityCta,

Import map: aliased to relative './src/components/home/home-hero-section' inside of [project]/

https://nextjs.org/docs/messages/module-not-found @ http://127.0.0.1:3000/_next/static/chunks/node_modules_next_dist_f3530cac._.js:3127
[  417966ms] [ERROR] ./src/app/page.tsx:8:1
Module not found: Can't resolve '@/components/home/home-hero-section'
   6 | import { ActiveJamBanner } from "@/components/jams/active-jam-banner"
   7 | import { HomeGameLane } from "@/components/home/home-game-lane"
>  8 | import { HomeHeroSection } from "@/components/home/home-hero-section"
     | ^^^^^^^^^^^^^^^^^^^^^^^^^^^^^^^^^^^^^^^^^^^^^^^^^^^^^^^^^^^^^^^^^^^^^
   9 | import {
  10 |   HomeCategoryBar,
  11 |   HomeCommunityCta,

Import map: aliased to relative './src/components/home/home-hero-section' inside of [project]/

https://nextjs.org/docs/messages/module-not-found @ http://127.0.0.1:3000/_next/static/chunks/node_modules_next_dist_f3530cac._.js:3127
[  418033ms] [ERROR] ./src/app/page.tsx:8:1
Module not found: Can't resolve '@/components/home/home-hero-section'
   6 | import { ActiveJamBanner } from "@/components/jams/active-jam-banner"
   7 | import { HomeGameLane } from "@/components/home/home-game-lane"
>  8 | import { HomeHeroSection } from "@/components/home/home-hero-section"
     | ^^^^^^^^^^^^^^^^^^^^^^^^^^^^^^^^^^^^^^^^^^^^^^^^^^^^^^^^^^^^^^^^^^^^^
   9 | import {
  10 |   HomeCategoryBar,
  11 |   HomeCommunityCta,

Import map: aliased to relative './src/components/home/home-hero-section' inside of [project]/

https://nextjs.org/docs/messages/module-not-found @ http://127.0.0.1:3000/_next/static/chunks/node_modules_next_dist_f3530cac._.js:3127
[  418099ms] [ERROR] ./src/app/page.tsx:8:1
Module not found: Can't resolve '@/components/home/home-hero-section'
   6 | import { ActiveJamBanner } from "@/components/jams/active-jam-banner"
   7 | import { HomeGameLane } from "@/components/home/home-game-lane"
>  8 | import { HomeHeroSection } from "@/components/home/home-hero-section"
     | ^^^^^^^^^^^^^^^^^^^^^^^^^^^^^^^^^^^^^^^^^^^^^^^^^^^^^^^^^^^^^^^^^^^^^
   9 | import {
  10 |   HomeCategoryBar,
  11 |   HomeCommunityCta,

Import map: aliased to relative './src/components/home/home-hero-section' inside of [project]/

https://nextjs.org/docs/messages/module-not-found @ http://127.0.0.1:3000/_next/static/chunks/node_modules_next_dist_f3530cac._.js:3127
[  418171ms] [ERROR] ./src/app/page.tsx:8:1
Module not found: Can't resolve '@/components/home/home-hero-section'
   6 | import { ActiveJamBanner } from "@/components/jams/active-jam-banner"
   7 | import { HomeGameLane } from "@/components/home/home-game-lane"
>  8 | import { HomeHeroSection } from "@/components/home/home-hero-section"
     | ^^^^^^^^^^^^^^^^^^^^^^^^^^^^^^^^^^^^^^^^^^^^^^^^^^^^^^^^^^^^^^^^^^^^^
   9 | import {
  10 |   HomeCategoryBar,
  11 |   HomeCommunityCta,

Import map: aliased to relative './src/components/home/home-hero-section' inside of [project]/

https://nextjs.org/docs/messages/module-not-found @ http://127.0.0.1:3000/_next/static/chunks/node_modules_next_dist_f3530cac._.js:3127
[  418232ms] [ERROR] ./src/app/page.tsx:8:1
Module not found: Can't resolve '@/components/home/home-hero-section'
   6 | import { ActiveJamBanner } from "@/components/jams/active-jam-banner"
   7 | import { HomeGameLane } from "@/components/home/home-game-lane"
>  8 | import { HomeHeroSection } from "@/components/home/home-hero-section"
     | ^^^^^^^^^^^^^^^^^^^^^^^^^^^^^^^^^^^^^^^^^^^^^^^^^^^^^^^^^^^^^^^^^^^^^
   9 | import {
  10 |   HomeCategoryBar,
  11 |   HomeCommunityCta,

Import map: aliased to relative './src/components/home/home-hero-section' inside of [project]/

https://nextjs.org/docs/messages/module-not-found @ http://127.0.0.1:3000/_next/static/chunks/node_modules_next_dist_f3530cac._.js:3127
[  418297ms] [ERROR] ./src/app/page.tsx:8:1
Module not found: Can't resolve '@/components/home/home-hero-section'
   6 | import { ActiveJamBanner } from "@/components/jams/active-jam-banner"
   7 | import { HomeGameLane } from "@/components/home/home-game-lane"
>  8 | import { HomeHeroSection } from "@/components/home/home-hero-section"
     | ^^^^^^^^^^^^^^^^^^^^^^^^^^^^^^^^^^^^^^^^^^^^^^^^^^^^^^^^^^^^^^^^^^^^^
   9 | import {
  10 |   HomeCategoryBar,
  11 |   HomeCommunityCta,

Import map: aliased to relative './src/components/home/home-hero-section' inside of [project]/

https://nextjs.org/docs/messages/module-not-found @ http://127.0.0.1:3000/_next/static/chunks/node_modules_next_dist_f3530cac._.js:3127
[  418366ms] [ERROR] ./src/app/page.tsx:8:1
Module not found: Can't resolve '@/components/home/home-hero-section'
   6 | import { ActiveJamBanner } from "@/components/jams/active-jam-banner"
   7 | import { HomeGameLane } from "@/components/home/home-game-lane"
>  8 | import { HomeHeroSection } from "@/components/home/home-hero-section"
     | ^^^^^^^^^^^^^^^^^^^^^^^^^^^^^^^^^^^^^^^^^^^^^^^^^^^^^^^^^^^^^^^^^^^^^
   9 | import {
  10 |   HomeCategoryBar,
  11 |   HomeCommunityCta,

Import map: aliased to relative './src/components/home/home-hero-section' inside of [project]/

https://nextjs.org/docs/messages/module-not-found @ http://127.0.0.1:3000/_next/static/chunks/node_modules_next_dist_f3530cac._.js:3127
[  418425ms] [ERROR] ./src/app/page.tsx:8:1
Module not found: Can't resolve '@/components/home/home-hero-section'
   6 | import { ActiveJamBanner } from "@/components/jams/active-jam-banner"
   7 | import { HomeGameLane } from "@/components/home/home-game-lane"
>  8 | import { HomeHeroSection } from "@/components/home/home-hero-section"
     | ^^^^^^^^^^^^^^^^^^^^^^^^^^^^^^^^^^^^^^^^^^^^^^^^^^^^^^^^^^^^^^^^^^^^^
   9 | import {
  10 |   HomeCategoryBar,
  11 |   HomeCommunityCta,

Import map: aliased to relative './src/components/home/home-hero-section' inside of [project]/

https://nextjs.org/docs/messages/module-not-found @ http://127.0.0.1:3000/_next/static/chunks/node_modules_next_dist_f3530cac._.js:3127
[  418482ms] [ERROR] ./src/app/page.tsx:8:1
Module not found: Can't resolve '@/components/home/home-hero-section'
   6 | import { ActiveJamBanner } from "@/components/jams/active-jam-banner"
   7 | import { HomeGameLane } from "@/components/home/home-game-lane"
>  8 | import { HomeHeroSection } from "@/components/home/home-hero-section"
     | ^^^^^^^^^^^^^^^^^^^^^^^^^^^^^^^^^^^^^^^^^^^^^^^^^^^^^^^^^^^^^^^^^^^^^
   9 | import {
  10 |   HomeCategoryBar,
  11 |   HomeCommunityCta,

Import map: aliased to relative './src/components/home/home-hero-section' inside of [project]/

https://nextjs.org/docs/messages/module-not-found @ http://127.0.0.1:3000/_next/static/chunks/node_modules_next_dist_f3530cac._.js:3127
[  418549ms] [ERROR] ./src/app/page.tsx:8:1
Module not found: Can't resolve '@/components/home/home-hero-section'
   6 | import { ActiveJamBanner } from "@/components/jams/active-jam-banner"
   7 | import { HomeGameLane } from "@/components/home/home-game-lane"
>  8 | import { HomeHeroSection } from "@/components/home/home-hero-section"
     | ^^^^^^^^^^^^^^^^^^^^^^^^^^^^^^^^^^^^^^^^^^^^^^^^^^^^^^^^^^^^^^^^^^^^^
   9 | import {
  10 |   HomeCategoryBar,
  11 |   HomeCommunityCta,

Import map: aliased to relative './src/components/home/home-hero-section' inside of [project]/

https://nextjs.org/docs/messages/module-not-found @ http://127.0.0.1:3000/_next/static/chunks/node_modules_next_dist_f3530cac._.js:3127
[  418610ms] [ERROR] ./src/app/page.tsx:8:1
Module not found: Can't resolve '@/components/home/home-hero-section'
   6 | import { ActiveJamBanner } from "@/components/jams/active-jam-banner"
   7 | import { HomeGameLane } from "@/components/home/home-game-lane"
>  8 | import { HomeHeroSection } from "@/components/home/home-hero-section"
     | ^^^^^^^^^^^^^^^^^^^^^^^^^^^^^^^^^^^^^^^^^^^^^^^^^^^^^^^^^^^^^^^^^^^^^
   9 | import {
  10 |   HomeCategoryBar,
  11 |   HomeCommunityCta,

Import map: aliased to relative './src/components/home/home-hero-section' inside of [project]/

https://nextjs.org/docs/messages/module-not-found @ http://127.0.0.1:3000/_next/static/chunks/node_modules_next_dist_f3530cac._.js:3127
[  418679ms] [ERROR] ./src/app/page.tsx:8:1
Module not found: Can't resolve '@/components/home/home-hero-section'
   6 | import { ActiveJamBanner } from "@/components/jams/active-jam-banner"
   7 | import { HomeGameLane } from "@/components/home/home-game-lane"
>  8 | import { HomeHeroSection } from "@/components/home/home-hero-section"
     | ^^^^^^^^^^^^^^^^^^^^^^^^^^^^^^^^^^^^^^^^^^^^^^^^^^^^^^^^^^^^^^^^^^^^^
   9 | import {
  10 |   HomeCategoryBar,
  11 |   HomeCommunityCta,

Import map: aliased to relative './src/components/home/home-hero-section' inside of [project]/

https://nextjs.org/docs/messages/module-not-found @ http://127.0.0.1:3000/_next/static/chunks/node_modules_next_dist_f3530cac._.js:3127
[  418745ms] [ERROR] ./src/app/page.tsx:8:1
Module not found: Can't resolve '@/components/home/home-hero-section'
   6 | import { ActiveJamBanner } from "@/components/jams/active-jam-banner"
   7 | import { HomeGameLane } from "@/components/home/home-game-lane"
>  8 | import { HomeHeroSection } from "@/components/home/home-hero-section"
     | ^^^^^^^^^^^^^^^^^^^^^^^^^^^^^^^^^^^^^^^^^^^^^^^^^^^^^^^^^^^^^^^^^^^^^
   9 | import {
  10 |   HomeCategoryBar,
  11 |   HomeCommunityCta,

Import map: aliased to relative './src/components/home/home-hero-section' inside of [project]/

https://nextjs.org/docs/messages/module-not-found @ http://127.0.0.1:3000/_next/static/chunks/node_modules_next_dist_f3530cac._.js:3127
[  418811ms] [ERROR] ./src/app/page.tsx:8:1
Module not found: Can't resolve '@/components/home/home-hero-section'
   6 | import { ActiveJamBanner } from "@/components/jams/active-jam-banner"
   7 | import { HomeGameLane } from "@/components/home/home-game-lane"
>  8 | import { HomeHeroSection } from "@/components/home/home-hero-section"
     | ^^^^^^^^^^^^^^^^^^^^^^^^^^^^^^^^^^^^^^^^^^^^^^^^^^^^^^^^^^^^^^^^^^^^^
   9 | import {
  10 |   HomeCategoryBar,
  11 |   HomeCommunityCta,

Import map: aliased to relative './src/components/home/home-hero-section' inside of [project]/

https://nextjs.org/docs/messages/module-not-found @ http://127.0.0.1:3000/_next/static/chunks/node_modules_next_dist_f3530cac._.js:3127
[  418866ms] [ERROR] ./src/app/page.tsx:8:1
Module not found: Can't resolve '@/components/home/home-hero-section'
   6 | import { ActiveJamBanner } from "@/components/jams/active-jam-banner"
   7 | import { HomeGameLane } from "@/components/home/home-game-lane"
>  8 | import { HomeHeroSection } from "@/components/home/home-hero-section"
     | ^^^^^^^^^^^^^^^^^^^^^^^^^^^^^^^^^^^^^^^^^^^^^^^^^^^^^^^^^^^^^^^^^^^^^
   9 | import {
  10 |   HomeCategoryBar,
  11 |   HomeCommunityCta,

Import map: aliased to relative './src/components/home/home-hero-section' inside of [project]/

https://nextjs.org/docs/messages/module-not-found @ http://127.0.0.1:3000/_next/static/chunks/node_modules_next_dist_f3530cac._.js:3127
[  418928ms] [ERROR] ./src/app/page.tsx:8:1
Module not found: Can't resolve '@/components/home/home-hero-section'
   6 | import { ActiveJamBanner } from "@/components/jams/active-jam-banner"
   7 | import { HomeGameLane } from "@/components/home/home-game-lane"
>  8 | import { HomeHeroSection } from "@/components/home/home-hero-section"
     | ^^^^^^^^^^^^^^^^^^^^^^^^^^^^^^^^^^^^^^^^^^^^^^^^^^^^^^^^^^^^^^^^^^^^^
   9 | import {
  10 |   HomeCategoryBar,
  11 |   HomeCommunityCta,

Import map: aliased to relative './src/components/home/home-hero-section' inside of [project]/

https://nextjs.org/docs/messages/module-not-found @ http://127.0.0.1:3000/_next/static/chunks/node_modules_next_dist_f3530cac._.js:3127
[  418995ms] [ERROR] ./src/app/page.tsx:8:1
Module not found: Can't resolve '@/components/home/home-hero-section'
   6 | import { ActiveJamBanner } from "@/components/jams/active-jam-banner"
   7 | import { HomeGameLane } from "@/components/home/home-game-lane"
>  8 | import { HomeHeroSection } from "@/components/home/home-hero-section"
     | ^^^^^^^^^^^^^^^^^^^^^^^^^^^^^^^^^^^^^^^^^^^^^^^^^^^^^^^^^^^^^^^^^^^^^
   9 | import {
  10 |   HomeCategoryBar,
  11 |   HomeCommunityCta,

Import map: aliased to relative './src/components/home/home-hero-section' inside of [project]/

https://nextjs.org/docs/messages/module-not-found @ http://127.0.0.1:3000/_next/static/chunks/node_modules_next_dist_f3530cac._.js:3127
[  419048ms] [ERROR] ./src/app/page.tsx:8:1
Module not found: Can't resolve '@/components/home/home-hero-section'
   6 | import { ActiveJamBanner } from "@/components/jams/active-jam-banner"
   7 | import { HomeGameLane } from "@/components/home/home-game-lane"
>  8 | import { HomeHeroSection } from "@/components/home/home-hero-section"
     | ^^^^^^^^^^^^^^^^^^^^^^^^^^^^^^^^^^^^^^^^^^^^^^^^^^^^^^^^^^^^^^^^^^^^^
   9 | import {
  10 |   HomeCategoryBar,
  11 |   HomeCommunityCta,

Import map: aliased to relative './src/components/home/home-hero-section' inside of [project]/

https://nextjs.org/docs/messages/module-not-found @ http://127.0.0.1:3000/_next/static/chunks/node_modules_next_dist_f3530cac._.js:3127
[  419113ms] [ERROR] ./src/app/page.tsx:8:1
Module not found: Can't resolve '@/components/home/home-hero-section'
   6 | import { ActiveJamBanner } from "@/components/jams/active-jam-banner"
   7 | import { HomeGameLane } from "@/components/home/home-game-lane"
>  8 | import { HomeHeroSection } from "@/components/home/home-hero-section"
     | ^^^^^^^^^^^^^^^^^^^^^^^^^^^^^^^^^^^^^^^^^^^^^^^^^^^^^^^^^^^^^^^^^^^^^
   9 | import {
  10 |   HomeCategoryBar,
  11 |   HomeCommunityCta,

Import map: aliased to relative './src/components/home/home-hero-section' inside of [project]/

https://nextjs.org/docs/messages/module-not-found @ http://127.0.0.1:3000/_next/static/chunks/node_modules_next_dist_f3530cac._.js:3127
[  419182ms] [ERROR] ./src/app/page.tsx:8:1
Module not found: Can't resolve '@/components/home/home-hero-section'
   6 | import { ActiveJamBanner } from "@/components/jams/active-jam-banner"
   7 | import { HomeGameLane } from "@/components/home/home-game-lane"
>  8 | import { HomeHeroSection } from "@/components/home/home-hero-section"
     | ^^^^^^^^^^^^^^^^^^^^^^^^^^^^^^^^^^^^^^^^^^^^^^^^^^^^^^^^^^^^^^^^^^^^^
   9 | import {
  10 |   HomeCategoryBar,
  11 |   HomeCommunityCta,

Import map: aliased to relative './src/components/home/home-hero-section' inside of [project]/

https://nextjs.org/docs/messages/module-not-found @ http://127.0.0.1:3000/_next/static/chunks/node_modules_next_dist_f3530cac._.js:3127
[  419248ms] [ERROR] ./src/app/page.tsx:8:1
Module not found: Can't resolve '@/components/home/home-hero-section'
   6 | import { ActiveJamBanner } from "@/components/jams/active-jam-banner"
   7 | import { HomeGameLane } from "@/components/home/home-game-lane"
>  8 | import { HomeHeroSection } from "@/components/home/home-hero-section"
     | ^^^^^^^^^^^^^^^^^^^^^^^^^^^^^^^^^^^^^^^^^^^^^^^^^^^^^^^^^^^^^^^^^^^^^
   9 | import {
  10 |   HomeCategoryBar,
  11 |   HomeCommunityCta,

Import map: aliased to relative './src/components/home/home-hero-section' inside of [project]/

https://nextjs.org/docs/messages/module-not-found @ http://127.0.0.1:3000/_next/static/chunks/node_modules_next_dist_f3530cac._.js:3127
[  419320ms] [ERROR] ./src/app/page.tsx:8:1
Module not found: Can't resolve '@/components/home/home-hero-section'
   6 | import { ActiveJamBanner } from "@/components/jams/active-jam-banner"
   7 | import { HomeGameLane } from "@/components/home/home-game-lane"
>  8 | import { HomeHeroSection } from "@/components/home/home-hero-section"
     | ^^^^^^^^^^^^^^^^^^^^^^^^^^^^^^^^^^^^^^^^^^^^^^^^^^^^^^^^^^^^^^^^^^^^^
   9 | import {
  10 |   HomeCategoryBar,
  11 |   HomeCommunityCta,

Import map: aliased to relative './src/components/home/home-hero-section' inside of [project]/

https://nextjs.org/docs/messages/module-not-found @ http://127.0.0.1:3000/_next/static/chunks/node_modules_next_dist_f3530cac._.js:3127
[  419379ms] [ERROR] ./src/app/page.tsx:8:1
Module not found: Can't resolve '@/components/home/home-hero-section'
   6 | import { ActiveJamBanner } from "@/components/jams/active-jam-banner"
   7 | import { HomeGameLane } from "@/components/home/home-game-lane"
>  8 | import { HomeHeroSection } from "@/components/home/home-hero-section"
     | ^^^^^^^^^^^^^^^^^^^^^^^^^^^^^^^^^^^^^^^^^^^^^^^^^^^^^^^^^^^^^^^^^^^^^
   9 | import {
  10 |   HomeCategoryBar,
  11 |   HomeCommunityCta,

Import map: aliased to relative './src/components/home/home-hero-section' inside of [project]/

https://nextjs.org/docs/messages/module-not-found @ http://127.0.0.1:3000/_next/static/chunks/node_modules_next_dist_f3530cac._.js:3127
[  419447ms] [ERROR] ./src/app/page.tsx:8:1
Module not found: Can't resolve '@/components/home/home-hero-section'
   6 | import { ActiveJamBanner } from "@/components/jams/active-jam-banner"
   7 | import { HomeGameLane } from "@/components/home/home-game-lane"
>  8 | import { HomeHeroSection } from "@/components/home/home-hero-section"
     | ^^^^^^^^^^^^^^^^^^^^^^^^^^^^^^^^^^^^^^^^^^^^^^^^^^^^^^^^^^^^^^^^^^^^^
   9 | import {
  10 |   HomeCategoryBar,
  11 |   HomeCommunityCta,

Import map: aliased to relative './src/components/home/home-hero-section' inside of [project]/

https://nextjs.org/docs/messages/module-not-found @ http://127.0.0.1:3000/_next/static/chunks/node_modules_next_dist_f3530cac._.js:3127
[  419511ms] [ERROR] ./src/app/page.tsx:8:1
Module not found: Can't resolve '@/components/home/home-hero-section'
   6 | import { ActiveJamBanner } from "@/components/jams/active-jam-banner"
   7 | import { HomeGameLane } from "@/components/home/home-game-lane"
>  8 | import { HomeHeroSection } from "@/components/home/home-hero-section"
     | ^^^^^^^^^^^^^^^^^^^^^^^^^^^^^^^^^^^^^^^^^^^^^^^^^^^^^^^^^^^^^^^^^^^^^
   9 | import {
  10 |   HomeCategoryBar,
  11 |   HomeCommunityCta,

Import map: aliased to relative './src/components/home/home-hero-section' inside of [project]/

https://nextjs.org/docs/messages/module-not-found @ http://127.0.0.1:3000/_next/static/chunks/node_modules_next_dist_f3530cac._.js:3127
[  419579ms] [ERROR] ./src/app/page.tsx:8:1
Module not found: Can't resolve '@/components/home/home-hero-section'
   6 | import { ActiveJamBanner } from "@/components/jams/active-jam-banner"
   7 | import { HomeGameLane } from "@/components/home/home-game-lane"
>  8 | import { HomeHeroSection } from "@/components/home/home-hero-section"
     | ^^^^^^^^^^^^^^^^^^^^^^^^^^^^^^^^^^^^^^^^^^^^^^^^^^^^^^^^^^^^^^^^^^^^^
   9 | import {
  10 |   HomeCategoryBar,
  11 |   HomeCommunityCta,

Import map: aliased to relative './src/components/home/home-hero-section' inside of [project]/

https://nextjs.org/docs/messages/module-not-found @ http://127.0.0.1:3000/_next/static/chunks/node_modules_next_dist_f3530cac._.js:3127
[  419648ms] [ERROR] ./src/app/page.tsx:8:1
Module not found: Can't resolve '@/components/home/home-hero-section'
   6 | import { ActiveJamBanner } from "@/components/jams/active-jam-banner"
   7 | import { HomeGameLane } from "@/components/home/home-game-lane"
>  8 | import { HomeHeroSection } from "@/components/home/home-hero-section"
     | ^^^^^^^^^^^^^^^^^^^^^^^^^^^^^^^^^^^^^^^^^^^^^^^^^^^^^^^^^^^^^^^^^^^^^
   9 | import {
  10 |   HomeCategoryBar,
  11 |   HomeCommunityCta,

Import map: aliased to relative './src/components/home/home-hero-section' inside of [project]/

https://nextjs.org/docs/messages/module-not-found @ http://127.0.0.1:3000/_next/static/chunks/node_modules_next_dist_f3530cac._.js:3127
[  419719ms] [ERROR] ./src/app/page.tsx:8:1
Module not found: Can't resolve '@/components/home/home-hero-section'
   6 | import { ActiveJamBanner } from "@/components/jams/active-jam-banner"
   7 | import { HomeGameLane } from "@/components/home/home-game-lane"
>  8 | import { HomeHeroSection } from "@/components/home/home-hero-section"
     | ^^^^^^^^^^^^^^^^^^^^^^^^^^^^^^^^^^^^^^^^^^^^^^^^^^^^^^^^^^^^^^^^^^^^^
   9 | import {
  10 |   HomeCategoryBar,
  11 |   HomeCommunityCta,

Import map: aliased to relative './src/components/home/home-hero-section' inside of [project]/

https://nextjs.org/docs/messages/module-not-found @ http://127.0.0.1:3000/_next/static/chunks/node_modules_next_dist_f3530cac._.js:3127
[  419782ms] [ERROR] ./src/app/page.tsx:8:1
Module not found: Can't resolve '@/components/home/home-hero-section'
   6 | import { ActiveJamBanner } from "@/components/jams/active-jam-banner"
   7 | import { HomeGameLane } from "@/components/home/home-game-lane"
>  8 | import { HomeHeroSection } from "@/components/home/home-hero-section"
     | ^^^^^^^^^^^^^^^^^^^^^^^^^^^^^^^^^^^^^^^^^^^^^^^^^^^^^^^^^^^^^^^^^^^^^
   9 | import {
  10 |   HomeCategoryBar,
  11 |   HomeCommunityCta,

Import map: aliased to relative './src/components/home/home-hero-section' inside of [project]/

https://nextjs.org/docs/messages/module-not-found @ http://127.0.0.1:3000/_next/static/chunks/node_modules_next_dist_f3530cac._.js:3127
[  419850ms] [ERROR] ./src/app/page.tsx:8:1
Module not found: Can't resolve '@/components/home/home-hero-section'
   6 | import { ActiveJamBanner } from "@/components/jams/active-jam-banner"
   7 | import { HomeGameLane } from "@/components/home/home-game-lane"
>  8 | import { HomeHeroSection } from "@/components/home/home-hero-section"
     | ^^^^^^^^^^^^^^^^^^^^^^^^^^^^^^^^^^^^^^^^^^^^^^^^^^^^^^^^^^^^^^^^^^^^^
   9 | import {
  10 |   HomeCategoryBar,
  11 |   HomeCommunityCta,

Import map: aliased to relative './src/components/home/home-hero-section' inside of [project]/

https://nextjs.org/docs/messages/module-not-found @ http://127.0.0.1:3000/_next/static/chunks/node_modules_next_dist_f3530cac._.js:3127
[  419910ms] [ERROR] ./src/app/page.tsx:8:1
Module not found: Can't resolve '@/components/home/home-hero-section'
   6 | import { ActiveJamBanner } from "@/components/jams/active-jam-banner"
   7 | import { HomeGameLane } from "@/components/home/home-game-lane"
>  8 | import { HomeHeroSection } from "@/components/home/home-hero-section"
     | ^^^^^^^^^^^^^^^^^^^^^^^^^^^^^^^^^^^^^^^^^^^^^^^^^^^^^^^^^^^^^^^^^^^^^
   9 | import {
  10 |   HomeCategoryBar,
  11 |   HomeCommunityCta,

Import map: aliased to relative './src/components/home/home-hero-section' inside of [project]/

https://nextjs.org/docs/messages/module-not-found @ http://127.0.0.1:3000/_next/static/chunks/node_modules_next_dist_f3530cac._.js:3127
[  419981ms] [ERROR] ./src/app/page.tsx:8:1
Module not found: Can't resolve '@/components/home/home-hero-section'
   6 | import { ActiveJamBanner } from "@/components/jams/active-jam-banner"
   7 | import { HomeGameLane } from "@/components/home/home-game-lane"
>  8 | import { HomeHeroSection } from "@/components/home/home-hero-section"
     | ^^^^^^^^^^^^^^^^^^^^^^^^^^^^^^^^^^^^^^^^^^^^^^^^^^^^^^^^^^^^^^^^^^^^^
   9 | import {
  10 |   HomeCategoryBar,
  11 |   HomeCommunityCta,

Import map: aliased to relative './src/components/home/home-hero-section' inside of [project]/

https://nextjs.org/docs/messages/module-not-found @ http://127.0.0.1:3000/_next/static/chunks/node_modules_next_dist_f3530cac._.js:3127
[  420040ms] [ERROR] ./src/app/page.tsx:8:1
Module not found: Can't resolve '@/components/home/home-hero-section'
   6 | import { ActiveJamBanner } from "@/components/jams/active-jam-banner"
   7 | import { HomeGameLane } from "@/components/home/home-game-lane"
>  8 | import { HomeHeroSection } from "@/components/home/home-hero-section"
     | ^^^^^^^^^^^^^^^^^^^^^^^^^^^^^^^^^^^^^^^^^^^^^^^^^^^^^^^^^^^^^^^^^^^^^
   9 | import {
  10 |   HomeCategoryBar,
  11 |   HomeCommunityCta,

Import map: aliased to relative './src/components/home/home-hero-section' inside of [project]/

https://nextjs.org/docs/messages/module-not-found @ http://127.0.0.1:3000/_next/static/chunks/node_modules_next_dist_f3530cac._.js:3127
[  420093ms] [ERROR] ./src/app/page.tsx:8:1
Module not found: Can't resolve '@/components/home/home-hero-section'
   6 | import { ActiveJamBanner } from "@/components/jams/active-jam-banner"
   7 | import { HomeGameLane } from "@/components/home/home-game-lane"
>  8 | import { HomeHeroSection } from "@/components/home/home-hero-section"
     | ^^^^^^^^^^^^^^^^^^^^^^^^^^^^^^^^^^^^^^^^^^^^^^^^^^^^^^^^^^^^^^^^^^^^^
   9 | import {
  10 |   HomeCategoryBar,
  11 |   HomeCommunityCta,

Import map: aliased to relative './src/components/home/home-hero-section' inside of [project]/

https://nextjs.org/docs/messages/module-not-found @ http://127.0.0.1:3000/_next/static/chunks/node_modules_next_dist_f3530cac._.js:3127
[  420160ms] [ERROR] ./src/app/page.tsx:8:1
Module not found: Can't resolve '@/components/home/home-hero-section'
   6 | import { ActiveJamBanner } from "@/components/jams/active-jam-banner"
   7 | import { HomeGameLane } from "@/components/home/home-game-lane"
>  8 | import { HomeHeroSection } from "@/components/home/home-hero-section"
     | ^^^^^^^^^^^^^^^^^^^^^^^^^^^^^^^^^^^^^^^^^^^^^^^^^^^^^^^^^^^^^^^^^^^^^
   9 | import {
  10 |   HomeCategoryBar,
  11 |   HomeCommunityCta,

Import map: aliased to relative './src/components/home/home-hero-section' inside of [project]/

https://nextjs.org/docs/messages/module-not-found @ http://127.0.0.1:3000/_next/static/chunks/node_modules_next_dist_f3530cac._.js:3127
[  420224ms] [ERROR] ./src/app/page.tsx:8:1
Module not found: Can't resolve '@/components/home/home-hero-section'
   6 | import { ActiveJamBanner } from "@/components/jams/active-jam-banner"
   7 | import { HomeGameLane } from "@/components/home/home-game-lane"
>  8 | import { HomeHeroSection } from "@/components/home/home-hero-section"
     | ^^^^^^^^^^^^^^^^^^^^^^^^^^^^^^^^^^^^^^^^^^^^^^^^^^^^^^^^^^^^^^^^^^^^^
   9 | import {
  10 |   HomeCategoryBar,
  11 |   HomeCommunityCta,

Import map: aliased to relative './src/components/home/home-hero-section' inside of [project]/

https://nextjs.org/docs/messages/module-not-found @ http://127.0.0.1:3000/_next/static/chunks/node_modules_next_dist_f3530cac._.js:3127
[  420277ms] [ERROR] ./src/app/page.tsx:8:1
Module not found: Can't resolve '@/components/home/home-hero-section'
   6 | import { ActiveJamBanner } from "@/components/jams/active-jam-banner"
   7 | import { HomeGameLane } from "@/components/home/home-game-lane"
>  8 | import { HomeHeroSection } from "@/components/home/home-hero-section"
     | ^^^^^^^^^^^^^^^^^^^^^^^^^^^^^^^^^^^^^^^^^^^^^^^^^^^^^^^^^^^^^^^^^^^^^
   9 | import {
  10 |   HomeCategoryBar,
  11 |   HomeCommunityCta,

Import map: aliased to relative './src/components/home/home-hero-section' inside of [project]/

https://nextjs.org/docs/messages/module-not-found @ http://127.0.0.1:3000/_next/static/chunks/node_modules_next_dist_f3530cac._.js:3127
[  420343ms] [ERROR] ./src/app/page.tsx:8:1
Module not found: Can't resolve '@/components/home/home-hero-section'
   6 | import { ActiveJamBanner } from "@/components/jams/active-jam-banner"
   7 | import { HomeGameLane } from "@/components/home/home-game-lane"
>  8 | import { HomeHeroSection } from "@/components/home/home-hero-section"
     | ^^^^^^^^^^^^^^^^^^^^^^^^^^^^^^^^^^^^^^^^^^^^^^^^^^^^^^^^^^^^^^^^^^^^^
   9 | import {
  10 |   HomeCategoryBar,
  11 |   HomeCommunityCta,

Import map: aliased to relative './src/components/home/home-hero-section' inside of [project]/

https://nextjs.org/docs/messages/module-not-found @ http://127.0.0.1:3000/_next/static/chunks/node_modules_next_dist_f3530cac._.js:3127
[  420411ms] [ERROR] ./src/app/page.tsx:8:1
Module not found: Can't resolve '@/components/home/home-hero-section'
   6 | import { ActiveJamBanner } from "@/components/jams/active-jam-banner"
   7 | import { HomeGameLane } from "@/components/home/home-game-lane"
>  8 | import { HomeHeroSection } from "@/components/home/home-hero-section"
     | ^^^^^^^^^^^^^^^^^^^^^^^^^^^^^^^^^^^^^^^^^^^^^^^^^^^^^^^^^^^^^^^^^^^^^
   9 | import {
  10 |   HomeCategoryBar,
  11 |   HomeCommunityCta,

Import map: aliased to relative './src/components/home/home-hero-section' inside of [project]/

https://nextjs.org/docs/messages/module-not-found @ http://127.0.0.1:3000/_next/static/chunks/node_modules_next_dist_f3530cac._.js:3127
[  420478ms] [ERROR] ./src/app/page.tsx:8:1
Module not found: Can't resolve '@/components/home/home-hero-section'
   6 | import { ActiveJamBanner } from "@/components/jams/active-jam-banner"
   7 | import { HomeGameLane } from "@/components/home/home-game-lane"
>  8 | import { HomeHeroSection } from "@/components/home/home-hero-section"
     | ^^^^^^^^^^^^^^^^^^^^^^^^^^^^^^^^^^^^^^^^^^^^^^^^^^^^^^^^^^^^^^^^^^^^^
   9 | import {
  10 |   HomeCategoryBar,
  11 |   HomeCommunityCta,

Import map: aliased to relative './src/components/home/home-hero-section' inside of [project]/

https://nextjs.org/docs/messages/module-not-found @ http://127.0.0.1:3000/_next/static/chunks/node_modules_next_dist_f3530cac._.js:3127
[  420545ms] [ERROR] ./src/app/page.tsx:8:1
Module not found: Can't resolve '@/components/home/home-hero-section'
   6 | import { ActiveJamBanner } from "@/components/jams/active-jam-banner"
   7 | import { HomeGameLane } from "@/components/home/home-game-lane"
>  8 | import { HomeHeroSection } from "@/components/home/home-hero-section"
     | ^^^^^^^^^^^^^^^^^^^^^^^^^^^^^^^^^^^^^^^^^^^^^^^^^^^^^^^^^^^^^^^^^^^^^
   9 | import {
  10 |   HomeCategoryBar,
  11 |   HomeCommunityCta,

Import map: aliased to relative './src/components/home/home-hero-section' inside of [project]/

https://nextjs.org/docs/messages/module-not-found @ http://127.0.0.1:3000/_next/static/chunks/node_modules_next_dist_f3530cac._.js:3127
[  420614ms] [ERROR] ./src/app/page.tsx:8:1
Module not found: Can't resolve '@/components/home/home-hero-section'
   6 | import { ActiveJamBanner } from "@/components/jams/active-jam-banner"
   7 | import { HomeGameLane } from "@/components/home/home-game-lane"
>  8 | import { HomeHeroSection } from "@/components/home/home-hero-section"
     | ^^^^^^^^^^^^^^^^^^^^^^^^^^^^^^^^^^^^^^^^^^^^^^^^^^^^^^^^^^^^^^^^^^^^^
   9 | import {
  10 |   HomeCategoryBar,
  11 |   HomeCommunityCta,

Import map: aliased to relative './src/components/home/home-hero-section' inside of [project]/

https://nextjs.org/docs/messages/module-not-found @ http://127.0.0.1:3000/_next/static/chunks/node_modules_next_dist_f3530cac._.js:3127
[  420677ms] [ERROR] ./src/app/page.tsx:8:1
Module not found: Can't resolve '@/components/home/home-hero-section'
   6 | import { ActiveJamBanner } from "@/components/jams/active-jam-banner"
   7 | import { HomeGameLane } from "@/components/home/home-game-lane"
>  8 | import { HomeHeroSection } from "@/components/home/home-hero-section"
     | ^^^^^^^^^^^^^^^^^^^^^^^^^^^^^^^^^^^^^^^^^^^^^^^^^^^^^^^^^^^^^^^^^^^^^
   9 | import {
  10 |   HomeCategoryBar,
  11 |   HomeCommunityCta,

Import map: aliased to relative './src/components/home/home-hero-section' inside of [project]/

https://nextjs.org/docs/messages/module-not-found @ http://127.0.0.1:3000/_next/static/chunks/node_modules_next_dist_f3530cac._.js:3127
[  420745ms] [ERROR] ./src/app/page.tsx:8:1
Module not found: Can't resolve '@/components/home/home-hero-section'
   6 | import { ActiveJamBanner } from "@/components/jams/active-jam-banner"
   7 | import { HomeGameLane } from "@/components/home/home-game-lane"
>  8 | import { HomeHeroSection } from "@/components/home/home-hero-section"
     | ^^^^^^^^^^^^^^^^^^^^^^^^^^^^^^^^^^^^^^^^^^^^^^^^^^^^^^^^^^^^^^^^^^^^^
   9 | import {
  10 |   HomeCategoryBar,
  11 |   HomeCommunityCta,

Import map: aliased to relative './src/components/home/home-hero-section' inside of [project]/

https://nextjs.org/docs/messages/module-not-found @ http://127.0.0.1:3000/_next/static/chunks/node_modules_next_dist_f3530cac._.js:3127
[  420811ms] [ERROR] ./src/app/page.tsx:8:1
Module not found: Can't resolve '@/components/home/home-hero-section'
   6 | import { ActiveJamBanner } from "@/components/jams/active-jam-banner"
   7 | import { HomeGameLane } from "@/components/home/home-game-lane"
>  8 | import { HomeHeroSection } from "@/components/home/home-hero-section"
     | ^^^^^^^^^^^^^^^^^^^^^^^^^^^^^^^^^^^^^^^^^^^^^^^^^^^^^^^^^^^^^^^^^^^^^
   9 | import {
  10 |   HomeCategoryBar,
  11 |   HomeCommunityCta,

Import map: aliased to relative './src/components/home/home-hero-section' inside of [project]/

https://nextjs.org/docs/messages/module-not-found @ http://127.0.0.1:3000/_next/static/chunks/node_modules_next_dist_f3530cac._.js:3127
[  420879ms] [ERROR] ./src/app/page.tsx:8:1
Module not found: Can't resolve '@/components/home/home-hero-section'
   6 | import { ActiveJamBanner } from "@/components/jams/active-jam-banner"
   7 | import { HomeGameLane } from "@/components/home/home-game-lane"
>  8 | import { HomeHeroSection } from "@/components/home/home-hero-section"
     | ^^^^^^^^^^^^^^^^^^^^^^^^^^^^^^^^^^^^^^^^^^^^^^^^^^^^^^^^^^^^^^^^^^^^^
   9 | import {
  10 |   HomeCategoryBar,
  11 |   HomeCommunityCta,

Import map: aliased to relative './src/components/home/home-hero-section' inside of [project]/

https://nextjs.org/docs/messages/module-not-found @ http://127.0.0.1:3000/_next/static/chunks/node_modules_next_dist_f3530cac._.js:3127
[  420943ms] [ERROR] ./src/app/page.tsx:8:1
Module not found: Can't resolve '@/components/home/home-hero-section'
   6 | import { ActiveJamBanner } from "@/components/jams/active-jam-banner"
   7 | import { HomeGameLane } from "@/components/home/home-game-lane"
>  8 | import { HomeHeroSection } from "@/components/home/home-hero-section"
     | ^^^^^^^^^^^^^^^^^^^^^^^^^^^^^^^^^^^^^^^^^^^^^^^^^^^^^^^^^^^^^^^^^^^^^
   9 | import {
  10 |   HomeCategoryBar,
  11 |   HomeCommunityCta,

Import map: aliased to relative './src/components/home/home-hero-section' inside of [project]/

https://nextjs.org/docs/messages/module-not-found @ http://127.0.0.1:3000/_next/static/chunks/node_modules_next_dist_f3530cac._.js:3127
[  421004ms] [ERROR] ./src/app/page.tsx:8:1
Module not found: Can't resolve '@/components/home/home-hero-section'
   6 | import { ActiveJamBanner } from "@/components/jams/active-jam-banner"
   7 | import { HomeGameLane } from "@/components/home/home-game-lane"
>  8 | import { HomeHeroSection } from "@/components/home/home-hero-section"
     | ^^^^^^^^^^^^^^^^^^^^^^^^^^^^^^^^^^^^^^^^^^^^^^^^^^^^^^^^^^^^^^^^^^^^^
   9 | import {
  10 |   HomeCategoryBar,
  11 |   HomeCommunityCta,

Import map: aliased to relative './src/components/home/home-hero-section' inside of [project]/

https://nextjs.org/docs/messages/module-not-found @ http://127.0.0.1:3000/_next/static/chunks/node_modules_next_dist_f3530cac._.js:3127
[  421075ms] [ERROR] ./src/app/page.tsx:8:1
Module not found: Can't resolve '@/components/home/home-hero-section'
   6 | import { ActiveJamBanner } from "@/components/jams/active-jam-banner"
   7 | import { HomeGameLane } from "@/components/home/home-game-lane"
>  8 | import { HomeHeroSection } from "@/components/home/home-hero-section"
     | ^^^^^^^^^^^^^^^^^^^^^^^^^^^^^^^^^^^^^^^^^^^^^^^^^^^^^^^^^^^^^^^^^^^^^
   9 | import {
  10 |   HomeCategoryBar,
  11 |   HomeCommunityCta,

Import map: aliased to relative './src/components/home/home-hero-section' inside of [project]/

https://nextjs.org/docs/messages/module-not-found @ http://127.0.0.1:3000/_next/static/chunks/node_modules_next_dist_f3530cac._.js:3127
[  421140ms] [ERROR] ./src/app/page.tsx:8:1
Module not found: Can't resolve '@/components/home/home-hero-section'
   6 | import { ActiveJamBanner } from "@/components/jams/active-jam-banner"
   7 | import { HomeGameLane } from "@/components/home/home-game-lane"
>  8 | import { HomeHeroSection } from "@/components/home/home-hero-section"
     | ^^^^^^^^^^^^^^^^^^^^^^^^^^^^^^^^^^^^^^^^^^^^^^^^^^^^^^^^^^^^^^^^^^^^^
   9 | import {
  10 |   HomeCategoryBar,
  11 |   HomeCommunityCta,

Import map: aliased to relative './src/components/home/home-hero-section' inside of [project]/

https://nextjs.org/docs/messages/module-not-found @ http://127.0.0.1:3000/_next/static/chunks/node_modules_next_dist_f3530cac._.js:3127
[  421190ms] [ERROR] ./src/app/page.tsx:8:1
Module not found: Can't resolve '@/components/home/home-hero-section'
   6 | import { ActiveJamBanner } from "@/components/jams/active-jam-banner"
   7 | import { HomeGameLane } from "@/components/home/home-game-lane"
>  8 | import { HomeHeroSection } from "@/components/home/home-hero-section"
     | ^^^^^^^^^^^^^^^^^^^^^^^^^^^^^^^^^^^^^^^^^^^^^^^^^^^^^^^^^^^^^^^^^^^^^
   9 | import {
  10 |   HomeCategoryBar,
  11 |   HomeCommunityCta,

Import map: aliased to relative './src/components/home/home-hero-section' inside of [project]/

https://nextjs.org/docs/messages/module-not-found @ http://127.0.0.1:3000/_next/static/chunks/node_modules_next_dist_f3530cac._.js:3127
[  421257ms] [ERROR] ./src/app/page.tsx:8:1
Module not found: Can't resolve '@/components/home/home-hero-section'
   6 | import { ActiveJamBanner } from "@/components/jams/active-jam-banner"
   7 | import { HomeGameLane } from "@/components/home/home-game-lane"
>  8 | import { HomeHeroSection } from "@/components/home/home-hero-section"
     | ^^^^^^^^^^^^^^^^^^^^^^^^^^^^^^^^^^^^^^^^^^^^^^^^^^^^^^^^^^^^^^^^^^^^^
   9 | import {
  10 |   HomeCategoryBar,
  11 |   HomeCommunityCta,

Import map: aliased to relative './src/components/home/home-hero-section' inside of [project]/

https://nextjs.org/docs/messages/module-not-found @ http://127.0.0.1:3000/_next/static/chunks/node_modules_next_dist_f3530cac._.js:3127
[  421324ms] [ERROR] ./src/app/page.tsx:8:1
Module not found: Can't resolve '@/components/home/home-hero-section'
   6 | import { ActiveJamBanner } from "@/components/jams/active-jam-banner"
   7 | import { HomeGameLane } from "@/components/home/home-game-lane"
>  8 | import { HomeHeroSection } from "@/components/home/home-hero-section"
     | ^^^^^^^^^^^^^^^^^^^^^^^^^^^^^^^^^^^^^^^^^^^^^^^^^^^^^^^^^^^^^^^^^^^^^
   9 | import {
  10 |   HomeCategoryBar,
  11 |   HomeCommunityCta,

Import map: aliased to relative './src/components/home/home-hero-section' inside of [project]/

https://nextjs.org/docs/messages/module-not-found @ http://127.0.0.1:3000/_next/static/chunks/node_modules_next_dist_f3530cac._.js:3127
[  421391ms] [ERROR] ./src/app/page.tsx:8:1
Module not found: Can't resolve '@/components/home/home-hero-section'
   6 | import { ActiveJamBanner } from "@/components/jams/active-jam-banner"
   7 | import { HomeGameLane } from "@/components/home/home-game-lane"
>  8 | import { HomeHeroSection } from "@/components/home/home-hero-section"
     | ^^^^^^^^^^^^^^^^^^^^^^^^^^^^^^^^^^^^^^^^^^^^^^^^^^^^^^^^^^^^^^^^^^^^^
   9 | import {
  10 |   HomeCategoryBar,
  11 |   HomeCommunityCta,

Import map: aliased to relative './src/components/home/home-hero-section' inside of [project]/

https://nextjs.org/docs/messages/module-not-found @ http://127.0.0.1:3000/_next/static/chunks/node_modules_next_dist_f3530cac._.js:3127
[  421455ms] [ERROR] ./src/app/page.tsx:8:1
Module not found: Can't resolve '@/components/home/home-hero-section'
   6 | import { ActiveJamBanner } from "@/components/jams/active-jam-banner"
   7 | import { HomeGameLane } from "@/components/home/home-game-lane"
>  8 | import { HomeHeroSection } from "@/components/home/home-hero-section"
     | ^^^^^^^^^^^^^^^^^^^^^^^^^^^^^^^^^^^^^^^^^^^^^^^^^^^^^^^^^^^^^^^^^^^^^
   9 | import {
  10 |   HomeCategoryBar,
  11 |   HomeCommunityCta,

Import map: aliased to relative './src/components/home/home-hero-section' inside of [project]/

https://nextjs.org/docs/messages/module-not-found @ http://127.0.0.1:3000/_next/static/chunks/node_modules_next_dist_f3530cac._.js:3127
[  421526ms] [ERROR] ./src/app/page.tsx:8:1
Module not found: Can't resolve '@/components/home/home-hero-section'
   6 | import { ActiveJamBanner } from "@/components/jams/active-jam-banner"
   7 | import { HomeGameLane } from "@/components/home/home-game-lane"
>  8 | import { HomeHeroSection } from "@/components/home/home-hero-section"
     | ^^^^^^^^^^^^^^^^^^^^^^^^^^^^^^^^^^^^^^^^^^^^^^^^^^^^^^^^^^^^^^^^^^^^^
   9 | import {
  10 |   HomeCategoryBar,
  11 |   HomeCommunityCta,

Import map: aliased to relative './src/components/home/home-hero-section' inside of [project]/

https://nextjs.org/docs/messages/module-not-found @ http://127.0.0.1:3000/_next/static/chunks/node_modules_next_dist_f3530cac._.js:3127
[  421579ms] [ERROR] ./src/app/page.tsx:8:1
Module not found: Can't resolve '@/components/home/home-hero-section'
   6 | import { ActiveJamBanner } from "@/components/jams/active-jam-banner"
   7 | import { HomeGameLane } from "@/components/home/home-game-lane"
>  8 | import { HomeHeroSection } from "@/components/home/home-hero-section"
     | ^^^^^^^^^^^^^^^^^^^^^^^^^^^^^^^^^^^^^^^^^^^^^^^^^^^^^^^^^^^^^^^^^^^^^
   9 | import {
  10 |   HomeCategoryBar,
  11 |   HomeCommunityCta,

Import map: aliased to relative './src/components/home/home-hero-section' inside of [project]/

https://nextjs.org/docs/messages/module-not-found @ http://127.0.0.1:3000/_next/static/chunks/node_modules_next_dist_f3530cac._.js:3127
[  421641ms] [ERROR] ./src/app/page.tsx:8:1
Module not found: Can't resolve '@/components/home/home-hero-section'
   6 | import { ActiveJamBanner } from "@/components/jams/active-jam-banner"
   7 | import { HomeGameLane } from "@/components/home/home-game-lane"
>  8 | import { HomeHeroSection } from "@/components/home/home-hero-section"
     | ^^^^^^^^^^^^^^^^^^^^^^^^^^^^^^^^^^^^^^^^^^^^^^^^^^^^^^^^^^^^^^^^^^^^^
   9 | import {
  10 |   HomeCategoryBar,
  11 |   HomeCommunityCta,

Import map: aliased to relative './src/components/home/home-hero-section' inside of [project]/

https://nextjs.org/docs/messages/module-not-found @ http://127.0.0.1:3000/_next/static/chunks/node_modules_next_dist_f3530cac._.js:3127
[  421710ms] [ERROR] ./src/app/page.tsx:8:1
Module not found: Can't resolve '@/components/home/home-hero-section'
   6 | import { ActiveJamBanner } from "@/components/jams/active-jam-banner"
   7 | import { HomeGameLane } from "@/components/home/home-game-lane"
>  8 | import { HomeHeroSection } from "@/components/home/home-hero-section"
     | ^^^^^^^^^^^^^^^^^^^^^^^^^^^^^^^^^^^^^^^^^^^^^^^^^^^^^^^^^^^^^^^^^^^^^
   9 | import {
  10 |   HomeCategoryBar,
  11 |   HomeCommunityCta,

Import map: aliased to relative './src/components/home/home-hero-section' inside of [project]/

https://nextjs.org/docs/messages/module-not-found @ http://127.0.0.1:3000/_next/static/chunks/node_modules_next_dist_f3530cac._.js:3127
[  421769ms] [ERROR] ./src/app/page.tsx:8:1
Module not found: Can't resolve '@/components/home/home-hero-section'
   6 | import { ActiveJamBanner } from "@/components/jams/active-jam-banner"
   7 | import { HomeGameLane } from "@/components/home/home-game-lane"
>  8 | import { HomeHeroSection } from "@/components/home/home-hero-section"
     | ^^^^^^^^^^^^^^^^^^^^^^^^^^^^^^^^^^^^^^^^^^^^^^^^^^^^^^^^^^^^^^^^^^^^^
   9 | import {
  10 |   HomeCategoryBar,
  11 |   HomeCommunityCta,

Import map: aliased to relative './src/components/home/home-hero-section' inside of [project]/

https://nextjs.org/docs/messages/module-not-found @ http://127.0.0.1:3000/_next/static/chunks/node_modules_next_dist_f3530cac._.js:3127
[  421843ms] [ERROR] ./src/app/page.tsx:8:1
Module not found: Can't resolve '@/components/home/home-hero-section'
   6 | import { ActiveJamBanner } from "@/components/jams/active-jam-banner"
   7 | import { HomeGameLane } from "@/components/home/home-game-lane"
>  8 | import { HomeHeroSection } from "@/components/home/home-hero-section"
     | ^^^^^^^^^^^^^^^^^^^^^^^^^^^^^^^^^^^^^^^^^^^^^^^^^^^^^^^^^^^^^^^^^^^^^
   9 | import {
  10 |   HomeCategoryBar,
  11 |   HomeCommunityCta,

Import map: aliased to relative './src/components/home/home-hero-section' inside of [project]/

https://nextjs.org/docs/messages/module-not-found @ http://127.0.0.1:3000/_next/static/chunks/node_modules_next_dist_f3530cac._.js:3127
[  421896ms] [ERROR] ./src/app/page.tsx:8:1
Module not found: Can't resolve '@/components/home/home-hero-section'
   6 | import { ActiveJamBanner } from "@/components/jams/active-jam-banner"
   7 | import { HomeGameLane } from "@/components/home/home-game-lane"
>  8 | import { HomeHeroSection } from "@/components/home/home-hero-section"
     | ^^^^^^^^^^^^^^^^^^^^^^^^^^^^^^^^^^^^^^^^^^^^^^^^^^^^^^^^^^^^^^^^^^^^^
   9 | import {
  10 |   HomeCategoryBar,
  11 |   HomeCommunityCta,

Import map: aliased to relative './src/components/home/home-hero-section' inside of [project]/

https://nextjs.org/docs/messages/module-not-found @ http://127.0.0.1:3000/_next/static/chunks/node_modules_next_dist_f3530cac._.js:3127
[  421959ms] [ERROR] ./src/app/page.tsx:8:1
Module not found: Can't resolve '@/components/home/home-hero-section'
   6 | import { ActiveJamBanner } from "@/components/jams/active-jam-banner"
   7 | import { HomeGameLane } from "@/components/home/home-game-lane"
>  8 | import { HomeHeroSection } from "@/components/home/home-hero-section"
     | ^^^^^^^^^^^^^^^^^^^^^^^^^^^^^^^^^^^^^^^^^^^^^^^^^^^^^^^^^^^^^^^^^^^^^
   9 | import {
  10 |   HomeCategoryBar,
  11 |   HomeCommunityCta,

Import map: aliased to relative './src/components/home/home-hero-section' inside of [project]/

https://nextjs.org/docs/messages/module-not-found @ http://127.0.0.1:3000/_next/static/chunks/node_modules_next_dist_f3530cac._.js:3127
[  422044ms] [ERROR] ./src/app/page.tsx:8:1
Module not found: Can't resolve '@/components/home/home-hero-section'
   6 | import { ActiveJamBanner } from "@/components/jams/active-jam-banner"
   7 | import { HomeGameLane } from "@/components/home/home-game-lane"
>  8 | import { HomeHeroSection } from "@/components/home/home-hero-section"
     | ^^^^^^^^^^^^^^^^^^^^^^^^^^^^^^^^^^^^^^^^^^^^^^^^^^^^^^^^^^^^^^^^^^^^^
   9 | import {
  10 |   HomeCategoryBar,
  11 |   HomeCommunityCta,

Import map: aliased to relative './src/components/home/home-hero-section' inside of [project]/

https://nextjs.org/docs/messages/module-not-found @ http://127.0.0.1:3000/_next/static/chunks/node_modules_next_dist_f3530cac._.js:3127
[  422105ms] [ERROR] ./src/app/page.tsx:8:1
Module not found: Can't resolve '@/components/home/home-hero-section'
   6 | import { ActiveJamBanner } from "@/components/jams/active-jam-banner"
   7 | import { HomeGameLane } from "@/components/home/home-game-lane"
>  8 | import { HomeHeroSection } from "@/components/home/home-hero-section"
     | ^^^^^^^^^^^^^^^^^^^^^^^^^^^^^^^^^^^^^^^^^^^^^^^^^^^^^^^^^^^^^^^^^^^^^
   9 | import {
  10 |   HomeCategoryBar,
  11 |   HomeCommunityCta,

Import map: aliased to relative './src/components/home/home-hero-section' inside of [project]/

https://nextjs.org/docs/messages/module-not-found @ http://127.0.0.1:3000/_next/static/chunks/node_modules_next_dist_f3530cac._.js:3127
[  422185ms] [ERROR] ./src/app/page.tsx:8:1
Module not found: Can't resolve '@/components/home/home-hero-section'
   6 | import { ActiveJamBanner } from "@/components/jams/active-jam-banner"
   7 | import { HomeGameLane } from "@/components/home/home-game-lane"
>  8 | import { HomeHeroSection } from "@/components/home/home-hero-section"
     | ^^^^^^^^^^^^^^^^^^^^^^^^^^^^^^^^^^^^^^^^^^^^^^^^^^^^^^^^^^^^^^^^^^^^^
   9 | import {
  10 |   HomeCategoryBar,
  11 |   HomeCommunityCta,

Import map: aliased to relative './src/components/home/home-hero-section' inside of [project]/

https://nextjs.org/docs/messages/module-not-found @ http://127.0.0.1:3000/_next/static/chunks/node_modules_next_dist_f3530cac._.js:3127
[  422251ms] [ERROR] ./src/app/page.tsx:8:1
Module not found: Can't resolve '@/components/home/home-hero-section'
   6 | import { ActiveJamBanner } from "@/components/jams/active-jam-banner"
   7 | import { HomeGameLane } from "@/components/home/home-game-lane"
>  8 | import { HomeHeroSection } from "@/components/home/home-hero-section"
     | ^^^^^^^^^^^^^^^^^^^^^^^^^^^^^^^^^^^^^^^^^^^^^^^^^^^^^^^^^^^^^^^^^^^^^
   9 | import {
  10 |   HomeCategoryBar,
  11 |   HomeCommunityCta,

Import map: aliased to relative './src/components/home/home-hero-section' inside of [project]/

https://nextjs.org/docs/messages/module-not-found @ http://127.0.0.1:3000/_next/static/chunks/node_modules_next_dist_f3530cac._.js:3127
[  422307ms] [ERROR] ./src/app/page.tsx:8:1
Module not found: Can't resolve '@/components/home/home-hero-section'
   6 | import { ActiveJamBanner } from "@/components/jams/active-jam-banner"
   7 | import { HomeGameLane } from "@/components/home/home-game-lane"
>  8 | import { HomeHeroSection } from "@/components/home/home-hero-section"
     | ^^^^^^^^^^^^^^^^^^^^^^^^^^^^^^^^^^^^^^^^^^^^^^^^^^^^^^^^^^^^^^^^^^^^^
   9 | import {
  10 |   HomeCategoryBar,
  11 |   HomeCommunityCta,

Import map: aliased to relative './src/components/home/home-hero-section' inside of [project]/

https://nextjs.org/docs/messages/module-not-found @ http://127.0.0.1:3000/_next/static/chunks/node_modules_next_dist_f3530cac._.js:3127
[  422372ms] [ERROR] ./src/app/page.tsx:8:1
Module not found: Can't resolve '@/components/home/home-hero-section'
   6 | import { ActiveJamBanner } from "@/components/jams/active-jam-banner"
   7 | import { HomeGameLane } from "@/components/home/home-game-lane"
>  8 | import { HomeHeroSection } from "@/components/home/home-hero-section"
     | ^^^^^^^^^^^^^^^^^^^^^^^^^^^^^^^^^^^^^^^^^^^^^^^^^^^^^^^^^^^^^^^^^^^^^
   9 | import {
  10 |   HomeCategoryBar,
  11 |   HomeCommunityCta,

Import map: aliased to relative './src/components/home/home-hero-section' inside of [project]/

https://nextjs.org/docs/messages/module-not-found @ http://127.0.0.1:3000/_next/static/chunks/node_modules_next_dist_f3530cac._.js:3127
[  422435ms] [ERROR] ./src/app/page.tsx:8:1
Module not found: Can't resolve '@/components/home/home-hero-section'
   6 | import { ActiveJamBanner } from "@/components/jams/active-jam-banner"
   7 | import { HomeGameLane } from "@/components/home/home-game-lane"
>  8 | import { HomeHeroSection } from "@/components/home/home-hero-section"
     | ^^^^^^^^^^^^^^^^^^^^^^^^^^^^^^^^^^^^^^^^^^^^^^^^^^^^^^^^^^^^^^^^^^^^^
   9 | import {
  10 |   HomeCategoryBar,
  11 |   HomeCommunityCta,

Import map: aliased to relative './src/components/home/home-hero-section' inside of [project]/

https://nextjs.org/docs/messages/module-not-found @ http://127.0.0.1:3000/_next/static/chunks/node_modules_next_dist_f3530cac._.js:3127
[  422490ms] [ERROR] ./src/app/page.tsx:8:1
Module not found: Can't resolve '@/components/home/home-hero-section'
   6 | import { ActiveJamBanner } from "@/components/jams/active-jam-banner"
   7 | import { HomeGameLane } from "@/components/home/home-game-lane"
>  8 | import { HomeHeroSection } from "@/components/home/home-hero-section"
     | ^^^^^^^^^^^^^^^^^^^^^^^^^^^^^^^^^^^^^^^^^^^^^^^^^^^^^^^^^^^^^^^^^^^^^
   9 | import {
  10 |   HomeCategoryBar,
  11 |   HomeCommunityCta,

Import map: aliased to relative './src/components/home/home-hero-section' inside of [project]/

https://nextjs.org/docs/messages/module-not-found @ http://127.0.0.1:3000/_next/static/chunks/node_modules_next_dist_f3530cac._.js:3127
[  422556ms] [ERROR] ./src/app/page.tsx:8:1
Module not found: Can't resolve '@/components/home/home-hero-section'
   6 | import { ActiveJamBanner } from "@/components/jams/active-jam-banner"
   7 | import { HomeGameLane } from "@/components/home/home-game-lane"
>  8 | import { HomeHeroSection } from "@/components/home/home-hero-section"
     | ^^^^^^^^^^^^^^^^^^^^^^^^^^^^^^^^^^^^^^^^^^^^^^^^^^^^^^^^^^^^^^^^^^^^^
   9 | import {
  10 |   HomeCategoryBar,
  11 |   HomeCommunityCta,

Import map: aliased to relative './src/components/home/home-hero-section' inside of [project]/

https://nextjs.org/docs/messages/module-not-found @ http://127.0.0.1:3000/_next/static/chunks/node_modules_next_dist_f3530cac._.js:3127
[  422624ms] [ERROR] ./src/app/page.tsx:8:1
Module not found: Can't resolve '@/components/home/home-hero-section'
   6 | import { ActiveJamBanner } from "@/components/jams/active-jam-banner"
   7 | import { HomeGameLane } from "@/components/home/home-game-lane"
>  8 | import { HomeHeroSection } from "@/components/home/home-hero-section"
     | ^^^^^^^^^^^^^^^^^^^^^^^^^^^^^^^^^^^^^^^^^^^^^^^^^^^^^^^^^^^^^^^^^^^^^
   9 | import {
  10 |   HomeCategoryBar,
  11 |   HomeCommunityCta,

Import map: aliased to relative './src/components/home/home-hero-section' inside of [project]/

https://nextjs.org/docs/messages/module-not-found @ http://127.0.0.1:3000/_next/static/chunks/node_modules_next_dist_f3530cac._.js:3127
[  422693ms] [ERROR] ./src/app/page.tsx:8:1
Module not found: Can't resolve '@/components/home/home-hero-section'
   6 | import { ActiveJamBanner } from "@/components/jams/active-jam-banner"
   7 | import { HomeGameLane } from "@/components/home/home-game-lane"
>  8 | import { HomeHeroSection } from "@/components/home/home-hero-section"
     | ^^^^^^^^^^^^^^^^^^^^^^^^^^^^^^^^^^^^^^^^^^^^^^^^^^^^^^^^^^^^^^^^^^^^^
   9 | import {
  10 |   HomeCategoryBar,
  11 |   HomeCommunityCta,

Import map: aliased to relative './src/components/home/home-hero-section' inside of [project]/

https://nextjs.org/docs/messages/module-not-found @ http://127.0.0.1:3000/_next/static/chunks/node_modules_next_dist_f3530cac._.js:3127
[  422758ms] [ERROR] ./src/app/page.tsx:8:1
Module not found: Can't resolve '@/components/home/home-hero-section'
   6 | import { ActiveJamBanner } from "@/components/jams/active-jam-banner"
   7 | import { HomeGameLane } from "@/components/home/home-game-lane"
>  8 | import { HomeHeroSection } from "@/components/home/home-hero-section"
     | ^^^^^^^^^^^^^^^^^^^^^^^^^^^^^^^^^^^^^^^^^^^^^^^^^^^^^^^^^^^^^^^^^^^^^
   9 | import {
  10 |   HomeCategoryBar,
  11 |   HomeCommunityCta,

Import map: aliased to relative './src/components/home/home-hero-section' inside of [project]/

https://nextjs.org/docs/messages/module-not-found @ http://127.0.0.1:3000/_next/static/chunks/node_modules_next_dist_f3530cac._.js:3127
[  422824ms] [ERROR] ./src/app/page.tsx:8:1
Module not found: Can't resolve '@/components/home/home-hero-section'
   6 | import { ActiveJamBanner } from "@/components/jams/active-jam-banner"
   7 | import { HomeGameLane } from "@/components/home/home-game-lane"
>  8 | import { HomeHeroSection } from "@/components/home/home-hero-section"
     | ^^^^^^^^^^^^^^^^^^^^^^^^^^^^^^^^^^^^^^^^^^^^^^^^^^^^^^^^^^^^^^^^^^^^^
   9 | import {
  10 |   HomeCategoryBar,
  11 |   HomeCommunityCta,

Import map: aliased to relative './src/components/home/home-hero-section' inside of [project]/

https://nextjs.org/docs/messages/module-not-found @ http://127.0.0.1:3000/_next/static/chunks/node_modules_next_dist_f3530cac._.js:3127
[  422889ms] [ERROR] ./src/app/page.tsx:8:1
Module not found: Can't resolve '@/components/home/home-hero-section'
   6 | import { ActiveJamBanner } from "@/components/jams/active-jam-banner"
   7 | import { HomeGameLane } from "@/components/home/home-game-lane"
>  8 | import { HomeHeroSection } from "@/components/home/home-hero-section"
     | ^^^^^^^^^^^^^^^^^^^^^^^^^^^^^^^^^^^^^^^^^^^^^^^^^^^^^^^^^^^^^^^^^^^^^
   9 | import {
  10 |   HomeCategoryBar,
  11 |   HomeCommunityCta,

Import map: aliased to relative './src/components/home/home-hero-section' inside of [project]/

https://nextjs.org/docs/messages/module-not-found @ http://127.0.0.1:3000/_next/static/chunks/node_modules_next_dist_f3530cac._.js:3127
[  422966ms] [ERROR] ./src/app/page.tsx:8:1
Module not found: Can't resolve '@/components/home/home-hero-section'
   6 | import { ActiveJamBanner } from "@/components/jams/active-jam-banner"
   7 | import { HomeGameLane } from "@/components/home/home-game-lane"
>  8 | import { HomeHeroSection } from "@/components/home/home-hero-section"
     | ^^^^^^^^^^^^^^^^^^^^^^^^^^^^^^^^^^^^^^^^^^^^^^^^^^^^^^^^^^^^^^^^^^^^^
   9 | import {
  10 |   HomeCategoryBar,
  11 |   HomeCommunityCta,

Import map: aliased to relative './src/components/home/home-hero-section' inside of [project]/

https://nextjs.org/docs/messages/module-not-found @ http://127.0.0.1:3000/_next/static/chunks/node_modules_next_dist_f3530cac._.js:3127
[  423046ms] [ERROR] ./src/app/page.tsx:8:1
Module not found: Can't resolve '@/components/home/home-hero-section'
   6 | import { ActiveJamBanner } from "@/components/jams/active-jam-banner"
   7 | import { HomeGameLane } from "@/components/home/home-game-lane"
>  8 | import { HomeHeroSection } from "@/components/home/home-hero-section"
     | ^^^^^^^^^^^^^^^^^^^^^^^^^^^^^^^^^^^^^^^^^^^^^^^^^^^^^^^^^^^^^^^^^^^^^
   9 | import {
  10 |   HomeCategoryBar,
  11 |   HomeCommunityCta,

Import map: aliased to relative './src/components/home/home-hero-section' inside of [project]/

https://nextjs.org/docs/messages/module-not-found @ http://127.0.0.1:3000/_next/static/chunks/node_modules_next_dist_f3530cac._.js:3127
[  423137ms] [ERROR] ./src/app/page.tsx:8:1
Module not found: Can't resolve '@/components/home/home-hero-section'
   6 | import { ActiveJamBanner } from "@/components/jams/active-jam-banner"
   7 | import { HomeGameLane } from "@/components/home/home-game-lane"
>  8 | import { HomeHeroSection } from "@/components/home/home-hero-section"
     | ^^^^^^^^^^^^^^^^^^^^^^^^^^^^^^^^^^^^^^^^^^^^^^^^^^^^^^^^^^^^^^^^^^^^^
   9 | import {
  10 |   HomeCategoryBar,
  11 |   HomeCommunityCta,

Import map: aliased to relative './src/components/home/home-hero-section' inside of [project]/

https://nextjs.org/docs/messages/module-not-found @ http://127.0.0.1:3000/_next/static/chunks/node_modules_next_dist_f3530cac._.js:3127
[  423239ms] [ERROR] ./src/app/page.tsx:8:1
Module not found: Can't resolve '@/components/home/home-hero-section'
   6 | import { ActiveJamBanner } from "@/components/jams/active-jam-banner"
   7 | import { HomeGameLane } from "@/components/home/home-game-lane"
>  8 | import { HomeHeroSection } from "@/components/home/home-hero-section"
     | ^^^^^^^^^^^^^^^^^^^^^^^^^^^^^^^^^^^^^^^^^^^^^^^^^^^^^^^^^^^^^^^^^^^^^
   9 | import {
  10 |   HomeCategoryBar,
  11 |   HomeCommunityCta,

Import map: aliased to relative './src/components/home/home-hero-section' inside of [project]/

https://nextjs.org/docs/messages/module-not-found @ http://127.0.0.1:3000/_next/static/chunks/node_modules_next_dist_f3530cac._.js:3127
[  423371ms] [ERROR] ./src/app/page.tsx:8:1
Module not found: Can't resolve '@/components/home/home-hero-section'
   6 | import { ActiveJamBanner } from "@/components/jams/active-jam-banner"
   7 | import { HomeGameLane } from "@/components/home/home-game-lane"
>  8 | import { HomeHeroSection } from "@/components/home/home-hero-section"
     | ^^^^^^^^^^^^^^^^^^^^^^^^^^^^^^^^^^^^^^^^^^^^^^^^^^^^^^^^^^^^^^^^^^^^^
   9 | import {
  10 |   HomeCategoryBar,
  11 |   HomeCommunityCta,

Import map: aliased to relative './src/components/home/home-hero-section' inside of [project]/

https://nextjs.org/docs/messages/module-not-found @ http://127.0.0.1:3000/_next/static/chunks/node_modules_next_dist_f3530cac._.js:3127
[  423452ms] [ERROR] ./src/app/page.tsx:8:1
Module not found: Can't resolve '@/components/home/home-hero-section'
   6 | import { ActiveJamBanner } from "@/components/jams/active-jam-banner"
   7 | import { HomeGameLane } from "@/components/home/home-game-lane"
>  8 | import { HomeHeroSection } from "@/components/home/home-hero-section"
     | ^^^^^^^^^^^^^^^^^^^^^^^^^^^^^^^^^^^^^^^^^^^^^^^^^^^^^^^^^^^^^^^^^^^^^
   9 | import {
  10 |   HomeCategoryBar,
  11 |   HomeCommunityCta,

Import map: aliased to relative './src/components/home/home-hero-section' inside of [project]/

https://nextjs.org/docs/messages/module-not-found @ http://127.0.0.1:3000/_next/static/chunks/node_modules_next_dist_f3530cac._.js:3127
[  423542ms] [ERROR] ./src/app/page.tsx:8:1
Module not found: Can't resolve '@/components/home/home-hero-section'
   6 | import { ActiveJamBanner } from "@/components/jams/active-jam-banner"
   7 | import { HomeGameLane } from "@/components/home/home-game-lane"
>  8 | import { HomeHeroSection } from "@/components/home/home-hero-section"
     | ^^^^^^^^^^^^^^^^^^^^^^^^^^^^^^^^^^^^^^^^^^^^^^^^^^^^^^^^^^^^^^^^^^^^^
   9 | import {
  10 |   HomeCategoryBar,
  11 |   HomeCommunityCta,

Import map: aliased to relative './src/components/home/home-hero-section' inside of [project]/

https://nextjs.org/docs/messages/module-not-found @ http://127.0.0.1:3000/_next/static/chunks/node_modules_next_dist_f3530cac._.js:3127
[  423607ms] [ERROR] ./src/app/page.tsx:8:1
Module not found: Can't resolve '@/components/home/home-hero-section'
   6 | import { ActiveJamBanner } from "@/components/jams/active-jam-banner"
   7 | import { HomeGameLane } from "@/components/home/home-game-lane"
>  8 | import { HomeHeroSection } from "@/components/home/home-hero-section"
     | ^^^^^^^^^^^^^^^^^^^^^^^^^^^^^^^^^^^^^^^^^^^^^^^^^^^^^^^^^^^^^^^^^^^^^
   9 | import {
  10 |   HomeCategoryBar,
  11 |   HomeCommunityCta,

Import map: aliased to relative './src/components/home/home-hero-section' inside of [project]/

https://nextjs.org/docs/messages/module-not-found @ http://127.0.0.1:3000/_next/static/chunks/node_modules_next_dist_f3530cac._.js:3127
[  423675ms] [ERROR] ./src/app/page.tsx:8:1
Module not found: Can't resolve '@/components/home/home-hero-section'
   6 | import { ActiveJamBanner } from "@/components/jams/active-jam-banner"
   7 | import { HomeGameLane } from "@/components/home/home-game-lane"
>  8 | import { HomeHeroSection } from "@/components/home/home-hero-section"
     | ^^^^^^^^^^^^^^^^^^^^^^^^^^^^^^^^^^^^^^^^^^^^^^^^^^^^^^^^^^^^^^^^^^^^^
   9 | import {
  10 |   HomeCategoryBar,
  11 |   HomeCommunityCta,

Import map: aliased to relative './src/components/home/home-hero-section' inside of [project]/

https://nextjs.org/docs/messages/module-not-found @ http://127.0.0.1:3000/_next/static/chunks/node_modules_next_dist_f3530cac._.js:3127
[  423739ms] [ERROR] ./src/app/page.tsx:8:1
Module not found: Can't resolve '@/components/home/home-hero-section'
   6 | import { ActiveJamBanner } from "@/components/jams/active-jam-banner"
   7 | import { HomeGameLane } from "@/components/home/home-game-lane"
>  8 | import { HomeHeroSection } from "@/components/home/home-hero-section"
     | ^^^^^^^^^^^^^^^^^^^^^^^^^^^^^^^^^^^^^^^^^^^^^^^^^^^^^^^^^^^^^^^^^^^^^
   9 | import {
  10 |   HomeCategoryBar,
  11 |   HomeCommunityCta,

Import map: aliased to relative './src/components/home/home-hero-section' inside of [project]/

https://nextjs.org/docs/messages/module-not-found @ http://127.0.0.1:3000/_next/static/chunks/node_modules_next_dist_f3530cac._.js:3127
[  423813ms] [ERROR] ./src/app/page.tsx:8:1
Module not found: Can't resolve '@/components/home/home-hero-section'
   6 | import { ActiveJamBanner } from "@/components/jams/active-jam-banner"
   7 | import { HomeGameLane } from "@/components/home/home-game-lane"
>  8 | import { HomeHeroSection } from "@/components/home/home-hero-section"
     | ^^^^^^^^^^^^^^^^^^^^^^^^^^^^^^^^^^^^^^^^^^^^^^^^^^^^^^^^^^^^^^^^^^^^^
   9 | import {
  10 |   HomeCategoryBar,
  11 |   HomeCommunityCta,

Import map: aliased to relative './src/components/home/home-hero-section' inside of [project]/

https://nextjs.org/docs/messages/module-not-found @ http://127.0.0.1:3000/_next/static/chunks/node_modules_next_dist_f3530cac._.js:3127
[  423892ms] [ERROR] ./src/app/page.tsx:8:1
Module not found: Can't resolve '@/components/home/home-hero-section'
   6 | import { ActiveJamBanner } from "@/components/jams/active-jam-banner"
   7 | import { HomeGameLane } from "@/components/home/home-game-lane"
>  8 | import { HomeHeroSection } from "@/components/home/home-hero-section"
     | ^^^^^^^^^^^^^^^^^^^^^^^^^^^^^^^^^^^^^^^^^^^^^^^^^^^^^^^^^^^^^^^^^^^^^
   9 | import {
  10 |   HomeCategoryBar,
  11 |   HomeCommunityCta,

Import map: aliased to relative './src/components/home/home-hero-section' inside of [project]/

https://nextjs.org/docs/messages/module-not-found @ http://127.0.0.1:3000/_next/static/chunks/node_modules_next_dist_f3530cac._.js:3127
[  423953ms] [ERROR] ./src/app/page.tsx:8:1
Module not found: Can't resolve '@/components/home/home-hero-section'
   6 | import { ActiveJamBanner } from "@/components/jams/active-jam-banner"
   7 | import { HomeGameLane } from "@/components/home/home-game-lane"
>  8 | import { HomeHeroSection } from "@/components/home/home-hero-section"
     | ^^^^^^^^^^^^^^^^^^^^^^^^^^^^^^^^^^^^^^^^^^^^^^^^^^^^^^^^^^^^^^^^^^^^^
   9 | import {
  10 |   HomeCategoryBar,
  11 |   HomeCommunityCta,

Import map: aliased to relative './src/components/home/home-hero-section' inside of [project]/

https://nextjs.org/docs/messages/module-not-found @ http://127.0.0.1:3000/_next/static/chunks/node_modules_next_dist_f3530cac._.js:3127
[  424013ms] [ERROR] ./src/app/page.tsx:8:1
Module not found: Can't resolve '@/components/home/home-hero-section'
   6 | import { ActiveJamBanner } from "@/components/jams/active-jam-banner"
   7 | import { HomeGameLane } from "@/components/home/home-game-lane"
>  8 | import { HomeHeroSection } from "@/components/home/home-hero-section"
     | ^^^^^^^^^^^^^^^^^^^^^^^^^^^^^^^^^^^^^^^^^^^^^^^^^^^^^^^^^^^^^^^^^^^^^
   9 | import {
  10 |   HomeCategoryBar,
  11 |   HomeCommunityCta,

Import map: aliased to relative './src/components/home/home-hero-section' inside of [project]/

https://nextjs.org/docs/messages/module-not-found @ http://127.0.0.1:3000/_next/static/chunks/node_modules_next_dist_f3530cac._.js:3127
[  424074ms] [ERROR] ./src/app/page.tsx:8:1
Module not found: Can't resolve '@/components/home/home-hero-section'
   6 | import { ActiveJamBanner } from "@/components/jams/active-jam-banner"
   7 | import { HomeGameLane } from "@/components/home/home-game-lane"
>  8 | import { HomeHeroSection } from "@/components/home/home-hero-section"
     | ^^^^^^^^^^^^^^^^^^^^^^^^^^^^^^^^^^^^^^^^^^^^^^^^^^^^^^^^^^^^^^^^^^^^^
   9 | import {
  10 |   HomeCategoryBar,
  11 |   HomeCommunityCta,

Import map: aliased to relative './src/components/home/home-hero-section' inside of [project]/

https://nextjs.org/docs/messages/module-not-found @ http://127.0.0.1:3000/_next/static/chunks/node_modules_next_dist_f3530cac._.js:3127
[  424137ms] [ERROR] ./src/app/page.tsx:8:1
Module not found: Can't resolve '@/components/home/home-hero-section'
   6 | import { ActiveJamBanner } from "@/components/jams/active-jam-banner"
   7 | import { HomeGameLane } from "@/components/home/home-game-lane"
>  8 | import { HomeHeroSection } from "@/components/home/home-hero-section"
     | ^^^^^^^^^^^^^^^^^^^^^^^^^^^^^^^^^^^^^^^^^^^^^^^^^^^^^^^^^^^^^^^^^^^^^
   9 | import {
  10 |   HomeCategoryBar,
  11 |   HomeCommunityCta,

Import map: aliased to relative './src/components/home/home-hero-section' inside of [project]/

https://nextjs.org/docs/messages/module-not-found @ http://127.0.0.1:3000/_next/static/chunks/node_modules_next_dist_f3530cac._.js:3127
[  424209ms] [ERROR] ./src/app/page.tsx:8:1
Module not found: Can't resolve '@/components/home/home-hero-section'
   6 | import { ActiveJamBanner } from "@/components/jams/active-jam-banner"
   7 | import { HomeGameLane } from "@/components/home/home-game-lane"
>  8 | import { HomeHeroSection } from "@/components/home/home-hero-section"
     | ^^^^^^^^^^^^^^^^^^^^^^^^^^^^^^^^^^^^^^^^^^^^^^^^^^^^^^^^^^^^^^^^^^^^^
   9 | import {
  10 |   HomeCategoryBar,
  11 |   HomeCommunityCta,

Import map: aliased to relative './src/components/home/home-hero-section' inside of [project]/

https://nextjs.org/docs/messages/module-not-found @ http://127.0.0.1:3000/_next/static/chunks/node_modules_next_dist_f3530cac._.js:3127
[  424278ms] [ERROR] ./src/app/page.tsx:8:1
Module not found: Can't resolve '@/components/home/home-hero-section'
   6 | import { ActiveJamBanner } from "@/components/jams/active-jam-banner"
   7 | import { HomeGameLane } from "@/components/home/home-game-lane"
>  8 | import { HomeHeroSection } from "@/components/home/home-hero-section"
     | ^^^^^^^^^^^^^^^^^^^^^^^^^^^^^^^^^^^^^^^^^^^^^^^^^^^^^^^^^^^^^^^^^^^^^
   9 | import {
  10 |   HomeCategoryBar,
  11 |   HomeCommunityCta,

Import map: aliased to relative './src/components/home/home-hero-section' inside of [project]/

https://nextjs.org/docs/messages/module-not-found @ http://127.0.0.1:3000/_next/static/chunks/node_modules_next_dist_f3530cac._.js:3127
[  424335ms] [ERROR] ./src/app/page.tsx:8:1
Module not found: Can't resolve '@/components/home/home-hero-section'
   6 | import { ActiveJamBanner } from "@/components/jams/active-jam-banner"
   7 | import { HomeGameLane } from "@/components/home/home-game-lane"
>  8 | import { HomeHeroSection } from "@/components/home/home-hero-section"
     | ^^^^^^^^^^^^^^^^^^^^^^^^^^^^^^^^^^^^^^^^^^^^^^^^^^^^^^^^^^^^^^^^^^^^^
   9 | import {
  10 |   HomeCategoryBar,
  11 |   HomeCommunityCta,

Import map: aliased to relative './src/components/home/home-hero-section' inside of [project]/

https://nextjs.org/docs/messages/module-not-found @ http://127.0.0.1:3000/_next/static/chunks/node_modules_next_dist_f3530cac._.js:3127
[  424406ms] [ERROR] ./src/app/page.tsx:8:1
Module not found: Can't resolve '@/components/home/home-hero-section'
   6 | import { ActiveJamBanner } from "@/components/jams/active-jam-banner"
   7 | import { HomeGameLane } from "@/components/home/home-game-lane"
>  8 | import { HomeHeroSection } from "@/components/home/home-hero-section"
     | ^^^^^^^^^^^^^^^^^^^^^^^^^^^^^^^^^^^^^^^^^^^^^^^^^^^^^^^^^^^^^^^^^^^^^
   9 | import {
  10 |   HomeCategoryBar,
  11 |   HomeCommunityCta,

Import map: aliased to relative './src/components/home/home-hero-section' inside of [project]/

https://nextjs.org/docs/messages/module-not-found @ http://127.0.0.1:3000/_next/static/chunks/node_modules_next_dist_f3530cac._.js:3127
[  424559ms] [LOG] [Fast Refresh] rebuilding @ http://127.0.0.1:3000/_next/static/chunks/node_modules_next_dist_f3530cac._.js:2297
[  424560ms] [ERROR] ./src/app/page.tsx:8:1
Module not found: Can't resolve '@/components/home/home-hero-section'
   6 | import { ActiveJamBanner } from "@/components/jams/active-jam-banner"
   7 | import { HomeGameLane } from "@/components/home/home-game-lane"
>  8 | import { HomeHeroSection } from "@/components/home/home-hero-section"
     | ^^^^^^^^^^^^^^^^^^^^^^^^^^^^^^^^^^^^^^^^^^^^^^^^^^^^^^^^^^^^^^^^^^^^^
   9 | import {
  10 |   HomeCategoryBar,
  11 |   HomeCommunityCta,

Import map: aliased to relative './src/components/home/home-hero-section' inside of [project]/

https://nextjs.org/docs/messages/module-not-found @ http://127.0.0.1:3000/_next/static/chunks/node_modules_next_dist_f3530cac._.js:3127
[  424621ms] [ERROR] ./src/app/page.tsx:8:1
Module not found: Can't resolve '@/components/home/home-hero-section'
   6 | import { ActiveJamBanner } from "@/components/jams/active-jam-banner"
   7 | import { HomeGameLane } from "@/components/home/home-game-lane"
>  8 | import { HomeHeroSection } from "@/components/home/home-hero-section"
     | ^^^^^^^^^^^^^^^^^^^^^^^^^^^^^^^^^^^^^^^^^^^^^^^^^^^^^^^^^^^^^^^^^^^^^
   9 | import {
  10 |   HomeCategoryBar,
  11 |   HomeCommunityCta,

Import map: aliased to relative './src/components/home/home-hero-section' inside of [project]/

https://nextjs.org/docs/messages/module-not-found @ http://127.0.0.1:3000/_next/static/chunks/node_modules_next_dist_f3530cac._.js:3127
[  424689ms] [ERROR] ./src/app/page.tsx:8:1
Module not found: Can't resolve '@/components/home/home-hero-section'
   6 | import { ActiveJamBanner } from "@/components/jams/active-jam-banner"
   7 | import { HomeGameLane } from "@/components/home/home-game-lane"
>  8 | import { HomeHeroSection } from "@/components/home/home-hero-section"
     | ^^^^^^^^^^^^^^^^^^^^^^^^^^^^^^^^^^^^^^^^^^^^^^^^^^^^^^^^^^^^^^^^^^^^^
   9 | import {
  10 |   HomeCategoryBar,
  11 |   HomeCommunityCta,

Import map: aliased to relative './src/components/home/home-hero-section' inside of [project]/

https://nextjs.org/docs/messages/module-not-found @ http://127.0.0.1:3000/_next/static/chunks/node_modules_next_dist_f3530cac._.js:3127
[  424755ms] [ERROR] ./src/app/page.tsx:8:1
Module not found: Can't resolve '@/components/home/home-hero-section'
   6 | import { ActiveJamBanner } from "@/components/jams/active-jam-banner"
   7 | import { HomeGameLane } from "@/components/home/home-game-lane"
>  8 | import { HomeHeroSection } from "@/components/home/home-hero-section"
     | ^^^^^^^^^^^^^^^^^^^^^^^^^^^^^^^^^^^^^^^^^^^^^^^^^^^^^^^^^^^^^^^^^^^^^
   9 | import {
  10 |   HomeCategoryBar,
  11 |   HomeCommunityCta,

Import map: aliased to relative './src/components/home/home-hero-section' inside of [project]/

https://nextjs.org/docs/messages/module-not-found @ http://127.0.0.1:3000/_next/static/chunks/node_modules_next_dist_f3530cac._.js:3127
[  424820ms] [ERROR] ./src/app/page.tsx:8:1
Module not found: Can't resolve '@/components/home/home-hero-section'
   6 | import { ActiveJamBanner } from "@/components/jams/active-jam-banner"
   7 | import { HomeGameLane } from "@/components/home/home-game-lane"
>  8 | import { HomeHeroSection } from "@/components/home/home-hero-section"
     | ^^^^^^^^^^^^^^^^^^^^^^^^^^^^^^^^^^^^^^^^^^^^^^^^^^^^^^^^^^^^^^^^^^^^^
   9 | import {
  10 |   HomeCategoryBar,
  11 |   HomeCommunityCta,

Import map: aliased to relative './src/components/home/home-hero-section' inside of [project]/

https://nextjs.org/docs/messages/module-not-found @ http://127.0.0.1:3000/_next/static/chunks/node_modules_next_dist_f3530cac._.js:3127
[  424884ms] [ERROR] ./src/app/page.tsx:8:1
Module not found: Can't resolve '@/components/home/home-hero-section'
   6 | import { ActiveJamBanner } from "@/components/jams/active-jam-banner"
   7 | import { HomeGameLane } from "@/components/home/home-game-lane"
>  8 | import { HomeHeroSection } from "@/components/home/home-hero-section"
     | ^^^^^^^^^^^^^^^^^^^^^^^^^^^^^^^^^^^^^^^^^^^^^^^^^^^^^^^^^^^^^^^^^^^^^
   9 | import {
  10 |   HomeCategoryBar,
  11 |   HomeCommunityCta,

Import map: aliased to relative './src/components/home/home-hero-section' inside of [project]/

https://nextjs.org/docs/messages/module-not-found @ http://127.0.0.1:3000/_next/static/chunks/node_modules_next_dist_f3530cac._.js:3127
[  424949ms] [ERROR] ./src/app/page.tsx:8:1
Module not found: Can't resolve '@/components/home/home-hero-section'
   6 | import { ActiveJamBanner } from "@/components/jams/active-jam-banner"
   7 | import { HomeGameLane } from "@/components/home/home-game-lane"
>  8 | import { HomeHeroSection } from "@/components/home/home-hero-section"
     | ^^^^^^^^^^^^^^^^^^^^^^^^^^^^^^^^^^^^^^^^^^^^^^^^^^^^^^^^^^^^^^^^^^^^^
   9 | import {
  10 |   HomeCategoryBar,
  11 |   HomeCommunityCta,

Import map: aliased to relative './src/components/home/home-hero-section' inside of [project]/

https://nextjs.org/docs/messages/module-not-found @ http://127.0.0.1:3000/_next/static/chunks/node_modules_next_dist_f3530cac._.js:3127
[  425020ms] [ERROR] ./src/app/page.tsx:8:1
Module not found: Can't resolve '@/components/home/home-hero-section'
   6 | import { ActiveJamBanner } from "@/components/jams/active-jam-banner"
   7 | import { HomeGameLane } from "@/components/home/home-game-lane"
>  8 | import { HomeHeroSection } from "@/components/home/home-hero-section"
     | ^^^^^^^^^^^^^^^^^^^^^^^^^^^^^^^^^^^^^^^^^^^^^^^^^^^^^^^^^^^^^^^^^^^^^
   9 | import {
  10 |   HomeCategoryBar,
  11 |   HomeCommunityCta,

Import map: aliased to relative './src/components/home/home-hero-section' inside of [project]/

https://nextjs.org/docs/messages/module-not-found @ http://127.0.0.1:3000/_next/static/chunks/node_modules_next_dist_f3530cac._.js:3127
[  425084ms] [ERROR] ./src/app/page.tsx:8:1
Module not found: Can't resolve '@/components/home/home-hero-section'
   6 | import { ActiveJamBanner } from "@/components/jams/active-jam-banner"
   7 | import { HomeGameLane } from "@/components/home/home-game-lane"
>  8 | import { HomeHeroSection } from "@/components/home/home-hero-section"
     | ^^^^^^^^^^^^^^^^^^^^^^^^^^^^^^^^^^^^^^^^^^^^^^^^^^^^^^^^^^^^^^^^^^^^^
   9 | import {
  10 |   HomeCategoryBar,
  11 |   HomeCommunityCta,

Import map: aliased to relative './src/components/home/home-hero-section' inside of [project]/

https://nextjs.org/docs/messages/module-not-found @ http://127.0.0.1:3000/_next/static/chunks/node_modules_next_dist_f3530cac._.js:3127
[  425150ms] [ERROR] ./src/app/page.tsx:8:1
Module not found: Can't resolve '@/components/home/home-hero-section'
   6 | import { ActiveJamBanner } from "@/components/jams/active-jam-banner"
   7 | import { HomeGameLane } from "@/components/home/home-game-lane"
>  8 | import { HomeHeroSection } from "@/components/home/home-hero-section"
     | ^^^^^^^^^^^^^^^^^^^^^^^^^^^^^^^^^^^^^^^^^^^^^^^^^^^^^^^^^^^^^^^^^^^^^
   9 | import {
  10 |   HomeCategoryBar,
  11 |   HomeCommunityCta,

Import map: aliased to relative './src/components/home/home-hero-section' inside of [project]/

https://nextjs.org/docs/messages/module-not-found @ http://127.0.0.1:3000/_next/static/chunks/node_modules_next_dist_f3530cac._.js:3127
[  425221ms] [ERROR] ./src/app/page.tsx:8:1
Module not found: Can't resolve '@/components/home/home-hero-section'
   6 | import { ActiveJamBanner } from "@/components/jams/active-jam-banner"
   7 | import { HomeGameLane } from "@/components/home/home-game-lane"
>  8 | import { HomeHeroSection } from "@/components/home/home-hero-section"
     | ^^^^^^^^^^^^^^^^^^^^^^^^^^^^^^^^^^^^^^^^^^^^^^^^^^^^^^^^^^^^^^^^^^^^^
   9 | import {
  10 |   HomeCategoryBar,
  11 |   HomeCommunityCta,

Import map: aliased to relative './src/components/home/home-hero-section' inside of [project]/

https://nextjs.org/docs/messages/module-not-found @ http://127.0.0.1:3000/_next/static/chunks/node_modules_next_dist_f3530cac._.js:3127
[  425283ms] [ERROR] ./src/app/page.tsx:8:1
Module not found: Can't resolve '@/components/home/home-hero-section'
   6 | import { ActiveJamBanner } from "@/components/jams/active-jam-banner"
   7 | import { HomeGameLane } from "@/components/home/home-game-lane"
>  8 | import { HomeHeroSection } from "@/components/home/home-hero-section"
     | ^^^^^^^^^^^^^^^^^^^^^^^^^^^^^^^^^^^^^^^^^^^^^^^^^^^^^^^^^^^^^^^^^^^^^
   9 | import {
  10 |   HomeCategoryBar,
  11 |   HomeCommunityCta,

Import map: aliased to relative './src/components/home/home-hero-section' inside of [project]/

https://nextjs.org/docs/messages/module-not-found @ http://127.0.0.1:3000/_next/static/chunks/node_modules_next_dist_f3530cac._.js:3127
[  425371ms] [ERROR] ./src/app/page.tsx:8:1
Module not found: Can't resolve '@/components/home/home-hero-section'
   6 | import { ActiveJamBanner } from "@/components/jams/active-jam-banner"
   7 | import { HomeGameLane } from "@/components/home/home-game-lane"
>  8 | import { HomeHeroSection } from "@/components/home/home-hero-section"
     | ^^^^^^^^^^^^^^^^^^^^^^^^^^^^^^^^^^^^^^^^^^^^^^^^^^^^^^^^^^^^^^^^^^^^^
   9 | import {
  10 |   HomeCategoryBar,
  11 |   HomeCommunityCta,

Import map: aliased to relative './src/components/home/home-hero-section' inside of [project]/

https://nextjs.org/docs/messages/module-not-found @ http://127.0.0.1:3000/_next/static/chunks/node_modules_next_dist_f3530cac._.js:3127
[  425431ms] [ERROR] ./src/app/page.tsx:8:1
Module not found: Can't resolve '@/components/home/home-hero-section'
   6 | import { ActiveJamBanner } from "@/components/jams/active-jam-banner"
   7 | import { HomeGameLane } from "@/components/home/home-game-lane"
>  8 | import { HomeHeroSection } from "@/components/home/home-hero-section"
     | ^^^^^^^^^^^^^^^^^^^^^^^^^^^^^^^^^^^^^^^^^^^^^^^^^^^^^^^^^^^^^^^^^^^^^
   9 | import {
  10 |   HomeCategoryBar,
  11 |   HomeCommunityCta,

Import map: aliased to relative './src/components/home/home-hero-section' inside of [project]/

https://nextjs.org/docs/messages/module-not-found @ http://127.0.0.1:3000/_next/static/chunks/node_modules_next_dist_f3530cac._.js:3127
[  425491ms] [ERROR] ./src/app/page.tsx:8:1
Module not found: Can't resolve '@/components/home/home-hero-section'
   6 | import { ActiveJamBanner } from "@/components/jams/active-jam-banner"
   7 | import { HomeGameLane } from "@/components/home/home-game-lane"
>  8 | import { HomeHeroSection } from "@/components/home/home-hero-section"
     | ^^^^^^^^^^^^^^^^^^^^^^^^^^^^^^^^^^^^^^^^^^^^^^^^^^^^^^^^^^^^^^^^^^^^^
   9 | import {
  10 |   HomeCategoryBar,
  11 |   HomeCommunityCta,

Import map: aliased to relative './src/components/home/home-hero-section' inside of [project]/

https://nextjs.org/docs/messages/module-not-found @ http://127.0.0.1:3000/_next/static/chunks/node_modules_next_dist_f3530cac._.js:3127
[  425552ms] [ERROR] ./src/app/page.tsx:8:1
Module not found: Can't resolve '@/components/home/home-hero-section'
   6 | import { ActiveJamBanner } from "@/components/jams/active-jam-banner"
   7 | import { HomeGameLane } from "@/components/home/home-game-lane"
>  8 | import { HomeHeroSection } from "@/components/home/home-hero-section"
     | ^^^^^^^^^^^^^^^^^^^^^^^^^^^^^^^^^^^^^^^^^^^^^^^^^^^^^^^^^^^^^^^^^^^^^
   9 | import {
  10 |   HomeCategoryBar,
  11 |   HomeCommunityCta,

Import map: aliased to relative './src/components/home/home-hero-section' inside of [project]/

https://nextjs.org/docs/messages/module-not-found @ http://127.0.0.1:3000/_next/static/chunks/node_modules_next_dist_f3530cac._.js:3127
[  425621ms] [ERROR] ./src/app/page.tsx:8:1
Module not found: Can't resolve '@/components/home/home-hero-section'
   6 | import { ActiveJamBanner } from "@/components/jams/active-jam-banner"
   7 | import { HomeGameLane } from "@/components/home/home-game-lane"
>  8 | import { HomeHeroSection } from "@/components/home/home-hero-section"
     | ^^^^^^^^^^^^^^^^^^^^^^^^^^^^^^^^^^^^^^^^^^^^^^^^^^^^^^^^^^^^^^^^^^^^^
   9 | import {
  10 |   HomeCategoryBar,
  11 |   HomeCommunityCta,

Import map: aliased to relative './src/components/home/home-hero-section' inside of [project]/

https://nextjs.org/docs/messages/module-not-found @ http://127.0.0.1:3000/_next/static/chunks/node_modules_next_dist_f3530cac._.js:3127
[  425836ms] [LOG] [Fast Refresh] rebuilding @ http://127.0.0.1:3000/_next/static/chunks/node_modules_next_dist_f3530cac._.js:2297
[  425836ms] [ERROR] ./src/app/page.tsx:8:1
Module not found: Can't resolve '@/components/home/home-hero-section'
   6 | import { ActiveJamBanner } from "@/components/jams/active-jam-banner"
   7 | import { HomeGameLane } from "@/components/home/home-game-lane"
>  8 | import { HomeHeroSection } from "@/components/home/home-hero-section"
     | ^^^^^^^^^^^^^^^^^^^^^^^^^^^^^^^^^^^^^^^^^^^^^^^^^^^^^^^^^^^^^^^^^^^^^
   9 | import {
  10 |   HomeCategoryBar,
  11 |   HomeCommunityCta,

Import map: aliased to relative './src/components/home/home-hero-section' inside of [project]/

https://nextjs.org/docs/messages/module-not-found @ http://127.0.0.1:3000/_next/static/chunks/node_modules_next_dist_f3530cac._.js:3127
[  425902ms] [ERROR] ./src/app/page.tsx:8:1
Module not found: Can't resolve '@/components/home/home-hero-section'
   6 | import { ActiveJamBanner } from "@/components/jams/active-jam-banner"
   7 | import { HomeGameLane } from "@/components/home/home-game-lane"
>  8 | import { HomeHeroSection } from "@/components/home/home-hero-section"
     | ^^^^^^^^^^^^^^^^^^^^^^^^^^^^^^^^^^^^^^^^^^^^^^^^^^^^^^^^^^^^^^^^^^^^^
   9 | import {
  10 |   HomeCategoryBar,
  11 |   HomeCommunityCta,

Import map: aliased to relative './src/components/home/home-hero-section' inside of [project]/

https://nextjs.org/docs/messages/module-not-found @ http://127.0.0.1:3000/_next/static/chunks/node_modules_next_dist_f3530cac._.js:3127
[  425968ms] [ERROR] ./src/app/page.tsx:8:1
Module not found: Can't resolve '@/components/home/home-hero-section'
   6 | import { ActiveJamBanner } from "@/components/jams/active-jam-banner"
   7 | import { HomeGameLane } from "@/components/home/home-game-lane"
>  8 | import { HomeHeroSection } from "@/components/home/home-hero-section"
     | ^^^^^^^^^^^^^^^^^^^^^^^^^^^^^^^^^^^^^^^^^^^^^^^^^^^^^^^^^^^^^^^^^^^^^
   9 | import {
  10 |   HomeCategoryBar,
  11 |   HomeCommunityCta,

Import map: aliased to relative './src/components/home/home-hero-section' inside of [project]/

https://nextjs.org/docs/messages/module-not-found @ http://127.0.0.1:3000/_next/static/chunks/node_modules_next_dist_f3530cac._.js:3127
[  426016ms] [ERROR] ./src/app/page.tsx:8:1
Module not found: Can't resolve '@/components/home/home-hero-section'
   6 | import { ActiveJamBanner } from "@/components/jams/active-jam-banner"
   7 | import { HomeGameLane } from "@/components/home/home-game-lane"
>  8 | import { HomeHeroSection } from "@/components/home/home-hero-section"
     | ^^^^^^^^^^^^^^^^^^^^^^^^^^^^^^^^^^^^^^^^^^^^^^^^^^^^^^^^^^^^^^^^^^^^^
   9 | import {
  10 |   HomeCategoryBar,
  11 |   HomeCommunityCta,

Import map: aliased to relative './src/components/home/home-hero-section' inside of [project]/

https://nextjs.org/docs/messages/module-not-found @ http://127.0.0.1:3000/_next/static/chunks/node_modules_next_dist_f3530cac._.js:3127
[  426083ms] [ERROR] ./src/app/page.tsx:8:1
Module not found: Can't resolve '@/components/home/home-hero-section'
   6 | import { ActiveJamBanner } from "@/components/jams/active-jam-banner"
   7 | import { HomeGameLane } from "@/components/home/home-game-lane"
>  8 | import { HomeHeroSection } from "@/components/home/home-hero-section"
     | ^^^^^^^^^^^^^^^^^^^^^^^^^^^^^^^^^^^^^^^^^^^^^^^^^^^^^^^^^^^^^^^^^^^^^
   9 | import {
  10 |   HomeCategoryBar,
  11 |   HomeCommunityCta,

Import map: aliased to relative './src/components/home/home-hero-section' inside of [project]/

https://nextjs.org/docs/messages/module-not-found @ http://127.0.0.1:3000/_next/static/chunks/node_modules_next_dist_f3530cac._.js:3127
[  426147ms] [ERROR] ./src/app/page.tsx:8:1
Module not found: Can't resolve '@/components/home/home-hero-section'
   6 | import { ActiveJamBanner } from "@/components/jams/active-jam-banner"
   7 | import { HomeGameLane } from "@/components/home/home-game-lane"
>  8 | import { HomeHeroSection } from "@/components/home/home-hero-section"
     | ^^^^^^^^^^^^^^^^^^^^^^^^^^^^^^^^^^^^^^^^^^^^^^^^^^^^^^^^^^^^^^^^^^^^^
   9 | import {
  10 |   HomeCategoryBar,
  11 |   HomeCommunityCta,

Import map: aliased to relative './src/components/home/home-hero-section' inside of [project]/

https://nextjs.org/docs/messages/module-not-found @ http://127.0.0.1:3000/_next/static/chunks/node_modules_next_dist_f3530cac._.js:3127
[  426217ms] [ERROR] ./src/app/page.tsx:8:1
Module not found: Can't resolve '@/components/home/home-hero-section'
   6 | import { ActiveJamBanner } from "@/components/jams/active-jam-banner"
   7 | import { HomeGameLane } from "@/components/home/home-game-lane"
>  8 | import { HomeHeroSection } from "@/components/home/home-hero-section"
     | ^^^^^^^^^^^^^^^^^^^^^^^^^^^^^^^^^^^^^^^^^^^^^^^^^^^^^^^^^^^^^^^^^^^^^
   9 | import {
  10 |   HomeCategoryBar,
  11 |   HomeCommunityCta,

Import map: aliased to relative './src/components/home/home-hero-section' inside of [project]/

https://nextjs.org/docs/messages/module-not-found @ http://127.0.0.1:3000/_next/static/chunks/node_modules_next_dist_f3530cac._.js:3127
[  426285ms] [ERROR] ./src/app/page.tsx:8:1
Module not found: Can't resolve '@/components/home/home-hero-section'
   6 | import { ActiveJamBanner } from "@/components/jams/active-jam-banner"
   7 | import { HomeGameLane } from "@/components/home/home-game-lane"
>  8 | import { HomeHeroSection } from "@/components/home/home-hero-section"
     | ^^^^^^^^^^^^^^^^^^^^^^^^^^^^^^^^^^^^^^^^^^^^^^^^^^^^^^^^^^^^^^^^^^^^^
   9 | import {
  10 |   HomeCategoryBar,
  11 |   HomeCommunityCta,

Import map: aliased to relative './src/components/home/home-hero-section' inside of [project]/

https://nextjs.org/docs/messages/module-not-found @ http://127.0.0.1:3000/_next/static/chunks/node_modules_next_dist_f3530cac._.js:3127
[  426349ms] [ERROR] ./src/app/page.tsx:8:1
Module not found: Can't resolve '@/components/home/home-hero-section'
   6 | import { ActiveJamBanner } from "@/components/jams/active-jam-banner"
   7 | import { HomeGameLane } from "@/components/home/home-game-lane"
>  8 | import { HomeHeroSection } from "@/components/home/home-hero-section"
     | ^^^^^^^^^^^^^^^^^^^^^^^^^^^^^^^^^^^^^^^^^^^^^^^^^^^^^^^^^^^^^^^^^^^^^
   9 | import {
  10 |   HomeCategoryBar,
  11 |   HomeCommunityCta,

Import map: aliased to relative './src/components/home/home-hero-section' inside of [project]/

https://nextjs.org/docs/messages/module-not-found @ http://127.0.0.1:3000/_next/static/chunks/node_modules_next_dist_f3530cac._.js:3127
[  426418ms] [ERROR] ./src/app/page.tsx:8:1
Module not found: Can't resolve '@/components/home/home-hero-section'
   6 | import { ActiveJamBanner } from "@/components/jams/active-jam-banner"
   7 | import { HomeGameLane } from "@/components/home/home-game-lane"
>  8 | import { HomeHeroSection } from "@/components/home/home-hero-section"
     | ^^^^^^^^^^^^^^^^^^^^^^^^^^^^^^^^^^^^^^^^^^^^^^^^^^^^^^^^^^^^^^^^^^^^^
   9 | import {
  10 |   HomeCategoryBar,
  11 |   HomeCommunityCta,

Import map: aliased to relative './src/components/home/home-hero-section' inside of [project]/

https://nextjs.org/docs/messages/module-not-found @ http://127.0.0.1:3000/_next/static/chunks/node_modules_next_dist_f3530cac._.js:3127
[  426481ms] [ERROR] ./src/app/page.tsx:8:1
Module not found: Can't resolve '@/components/home/home-hero-section'
   6 | import { ActiveJamBanner } from "@/components/jams/active-jam-banner"
   7 | import { HomeGameLane } from "@/components/home/home-game-lane"
>  8 | import { HomeHeroSection } from "@/components/home/home-hero-section"
     | ^^^^^^^^^^^^^^^^^^^^^^^^^^^^^^^^^^^^^^^^^^^^^^^^^^^^^^^^^^^^^^^^^^^^^
   9 | import {
  10 |   HomeCategoryBar,
  11 |   HomeCommunityCta,

Import map: aliased to relative './src/components/home/home-hero-section' inside of [project]/

https://nextjs.org/docs/messages/module-not-found @ http://127.0.0.1:3000/_next/static/chunks/node_modules_next_dist_f3530cac._.js:3127
[  426556ms] [ERROR] ./src/app/page.tsx:8:1
Module not found: Can't resolve '@/components/home/home-hero-section'
   6 | import { ActiveJamBanner } from "@/components/jams/active-jam-banner"
   7 | import { HomeGameLane } from "@/components/home/home-game-lane"
>  8 | import { HomeHeroSection } from "@/components/home/home-hero-section"
     | ^^^^^^^^^^^^^^^^^^^^^^^^^^^^^^^^^^^^^^^^^^^^^^^^^^^^^^^^^^^^^^^^^^^^^
   9 | import {
  10 |   HomeCategoryBar,
  11 |   HomeCommunityCta,

Import map: aliased to relative './src/components/home/home-hero-section' inside of [project]/

https://nextjs.org/docs/messages/module-not-found @ http://127.0.0.1:3000/_next/static/chunks/node_modules_next_dist_f3530cac._.js:3127
[  426617ms] [ERROR] ./src/app/page.tsx:8:1
Module not found: Can't resolve '@/components/home/home-hero-section'
   6 | import { ActiveJamBanner } from "@/components/jams/active-jam-banner"
   7 | import { HomeGameLane } from "@/components/home/home-game-lane"
>  8 | import { HomeHeroSection } from "@/components/home/home-hero-section"
     | ^^^^^^^^^^^^^^^^^^^^^^^^^^^^^^^^^^^^^^^^^^^^^^^^^^^^^^^^^^^^^^^^^^^^^
   9 | import {
  10 |   HomeCategoryBar,
  11 |   HomeCommunityCta,

Import map: aliased to relative './src/components/home/home-hero-section' inside of [project]/

https://nextjs.org/docs/messages/module-not-found @ http://127.0.0.1:3000/_next/static/chunks/node_modules_next_dist_f3530cac._.js:3127
[  426685ms] [ERROR] ./src/app/page.tsx:8:1
Module not found: Can't resolve '@/components/home/home-hero-section'
   6 | import { ActiveJamBanner } from "@/components/jams/active-jam-banner"
   7 | import { HomeGameLane } from "@/components/home/home-game-lane"
>  8 | import { HomeHeroSection } from "@/components/home/home-hero-section"
     | ^^^^^^^^^^^^^^^^^^^^^^^^^^^^^^^^^^^^^^^^^^^^^^^^^^^^^^^^^^^^^^^^^^^^^
   9 | import {
  10 |   HomeCategoryBar,
  11 |   HomeCommunityCta,

Import map: aliased to relative './src/components/home/home-hero-section' inside of [project]/

https://nextjs.org/docs/messages/module-not-found @ http://127.0.0.1:3000/_next/static/chunks/node_modules_next_dist_f3530cac._.js:3127
[  426747ms] [ERROR] ./src/app/page.tsx:8:1
Module not found: Can't resolve '@/components/home/home-hero-section'
   6 | import { ActiveJamBanner } from "@/components/jams/active-jam-banner"
   7 | import { HomeGameLane } from "@/components/home/home-game-lane"
>  8 | import { HomeHeroSection } from "@/components/home/home-hero-section"
     | ^^^^^^^^^^^^^^^^^^^^^^^^^^^^^^^^^^^^^^^^^^^^^^^^^^^^^^^^^^^^^^^^^^^^^
   9 | import {
  10 |   HomeCategoryBar,
  11 |   HomeCommunityCta,

Import map: aliased to relative './src/components/home/home-hero-section' inside of [project]/

https://nextjs.org/docs/messages/module-not-found @ http://127.0.0.1:3000/_next/static/chunks/node_modules_next_dist_f3530cac._.js:3127
[  426816ms] [ERROR] ./src/app/page.tsx:8:1
Module not found: Can't resolve '@/components/home/home-hero-section'
   6 | import { ActiveJamBanner } from "@/components/jams/active-jam-banner"
   7 | import { HomeGameLane } from "@/components/home/home-game-lane"
>  8 | import { HomeHeroSection } from "@/components/home/home-hero-section"
     | ^^^^^^^^^^^^^^^^^^^^^^^^^^^^^^^^^^^^^^^^^^^^^^^^^^^^^^^^^^^^^^^^^^^^^
   9 | import {
  10 |   HomeCategoryBar,
  11 |   HomeCommunityCta,

Import map: aliased to relative './src/components/home/home-hero-section' inside of [project]/

https://nextjs.org/docs/messages/module-not-found @ http://127.0.0.1:3000/_next/static/chunks/node_modules_next_dist_f3530cac._.js:3127
[  426872ms] [ERROR] ./src/app/page.tsx:8:1
Module not found: Can't resolve '@/components/home/home-hero-section'
   6 | import { ActiveJamBanner } from "@/components/jams/active-jam-banner"
   7 | import { HomeGameLane } from "@/components/home/home-game-lane"
>  8 | import { HomeHeroSection } from "@/components/home/home-hero-section"
     | ^^^^^^^^^^^^^^^^^^^^^^^^^^^^^^^^^^^^^^^^^^^^^^^^^^^^^^^^^^^^^^^^^^^^^
   9 | import {
  10 |   HomeCategoryBar,
  11 |   HomeCommunityCta,

Import map: aliased to relative './src/components/home/home-hero-section' inside of [project]/

https://nextjs.org/docs/messages/module-not-found @ http://127.0.0.1:3000/_next/static/chunks/node_modules_next_dist_f3530cac._.js:3127
[  426942ms] [ERROR] ./src/app/page.tsx:8:1
Module not found: Can't resolve '@/components/home/home-hero-section'
   6 | import { ActiveJamBanner } from "@/components/jams/active-jam-banner"
   7 | import { HomeGameLane } from "@/components/home/home-game-lane"
>  8 | import { HomeHeroSection } from "@/components/home/home-hero-section"
     | ^^^^^^^^^^^^^^^^^^^^^^^^^^^^^^^^^^^^^^^^^^^^^^^^^^^^^^^^^^^^^^^^^^^^^
   9 | import {
  10 |   HomeCategoryBar,
  11 |   HomeCommunityCta,

Import map: aliased to relative './src/components/home/home-hero-section' inside of [project]/

https://nextjs.org/docs/messages/module-not-found @ http://127.0.0.1:3000/_next/static/chunks/node_modules_next_dist_f3530cac._.js:3127
[  427001ms] [ERROR] ./src/app/page.tsx:8:1
Module not found: Can't resolve '@/components/home/home-hero-section'
   6 | import { ActiveJamBanner } from "@/components/jams/active-jam-banner"
   7 | import { HomeGameLane } from "@/components/home/home-game-lane"
>  8 | import { HomeHeroSection } from "@/components/home/home-hero-section"
     | ^^^^^^^^^^^^^^^^^^^^^^^^^^^^^^^^^^^^^^^^^^^^^^^^^^^^^^^^^^^^^^^^^^^^^
   9 | import {
  10 |   HomeCategoryBar,
  11 |   HomeCommunityCta,

Import map: aliased to relative './src/components/home/home-hero-section' inside of [project]/

https://nextjs.org/docs/messages/module-not-found @ http://127.0.0.1:3000/_next/static/chunks/node_modules_next_dist_f3530cac._.js:3127
[  427063ms] [ERROR] ./src/app/page.tsx:8:1
Module not found: Can't resolve '@/components/home/home-hero-section'
   6 | import { ActiveJamBanner } from "@/components/jams/active-jam-banner"
   7 | import { HomeGameLane } from "@/components/home/home-game-lane"
>  8 | import { HomeHeroSection } from "@/components/home/home-hero-section"
     | ^^^^^^^^^^^^^^^^^^^^^^^^^^^^^^^^^^^^^^^^^^^^^^^^^^^^^^^^^^^^^^^^^^^^^
   9 | import {
  10 |   HomeCategoryBar,
  11 |   HomeCommunityCta,

Import map: aliased to relative './src/components/home/home-hero-section' inside of [project]/

https://nextjs.org/docs/messages/module-not-found @ http://127.0.0.1:3000/_next/static/chunks/node_modules_next_dist_f3530cac._.js:3127
[  427134ms] [ERROR] ./src/app/page.tsx:8:1
Module not found: Can't resolve '@/components/home/home-hero-section'
   6 | import { ActiveJamBanner } from "@/components/jams/active-jam-banner"
   7 | import { HomeGameLane } from "@/components/home/home-game-lane"
>  8 | import { HomeHeroSection } from "@/components/home/home-hero-section"
     | ^^^^^^^^^^^^^^^^^^^^^^^^^^^^^^^^^^^^^^^^^^^^^^^^^^^^^^^^^^^^^^^^^^^^^
   9 | import {
  10 |   HomeCategoryBar,
  11 |   HomeCommunityCta,

Import map: aliased to relative './src/components/home/home-hero-section' inside of [project]/

https://nextjs.org/docs/messages/module-not-found @ http://127.0.0.1:3000/_next/static/chunks/node_modules_next_dist_f3530cac._.js:3127
[  427181ms] [ERROR] ./src/app/page.tsx:8:1
Module not found: Can't resolve '@/components/home/home-hero-section'
   6 | import { ActiveJamBanner } from "@/components/jams/active-jam-banner"
   7 | import { HomeGameLane } from "@/components/home/home-game-lane"
>  8 | import { HomeHeroSection } from "@/components/home/home-hero-section"
     | ^^^^^^^^^^^^^^^^^^^^^^^^^^^^^^^^^^^^^^^^^^^^^^^^^^^^^^^^^^^^^^^^^^^^^
   9 | import {
  10 |   HomeCategoryBar,
  11 |   HomeCommunityCta,

Import map: aliased to relative './src/components/home/home-hero-section' inside of [project]/

https://nextjs.org/docs/messages/module-not-found @ http://127.0.0.1:3000/_next/static/chunks/node_modules_next_dist_f3530cac._.js:3127
[  427250ms] [ERROR] ./src/app/page.tsx:8:1
Module not found: Can't resolve '@/components/home/home-hero-section'
   6 | import { ActiveJamBanner } from "@/components/jams/active-jam-banner"
   7 | import { HomeGameLane } from "@/components/home/home-game-lane"
>  8 | import { HomeHeroSection } from "@/components/home/home-hero-section"
     | ^^^^^^^^^^^^^^^^^^^^^^^^^^^^^^^^^^^^^^^^^^^^^^^^^^^^^^^^^^^^^^^^^^^^^
   9 | import {
  10 |   HomeCategoryBar,
  11 |   HomeCommunityCta,

Import map: aliased to relative './src/components/home/home-hero-section' inside of [project]/

https://nextjs.org/docs/messages/module-not-found @ http://127.0.0.1:3000/_next/static/chunks/node_modules_next_dist_f3530cac._.js:3127
[  427312ms] [ERROR] ./src/app/page.tsx:8:1
Module not found: Can't resolve '@/components/home/home-hero-section'
   6 | import { ActiveJamBanner } from "@/components/jams/active-jam-banner"
   7 | import { HomeGameLane } from "@/components/home/home-game-lane"
>  8 | import { HomeHeroSection } from "@/components/home/home-hero-section"
     | ^^^^^^^^^^^^^^^^^^^^^^^^^^^^^^^^^^^^^^^^^^^^^^^^^^^^^^^^^^^^^^^^^^^^^
   9 | import {
  10 |   HomeCategoryBar,
  11 |   HomeCommunityCta,

Import map: aliased to relative './src/components/home/home-hero-section' inside of [project]/

https://nextjs.org/docs/messages/module-not-found @ http://127.0.0.1:3000/_next/static/chunks/node_modules_next_dist_f3530cac._.js:3127
[  427428ms] [ERROR] ./src/app/page.tsx:8:1
Module not found: Can't resolve '@/components/home/home-hero-section'
   6 | import { ActiveJamBanner } from "@/components/jams/active-jam-banner"
   7 | import { HomeGameLane } from "@/components/home/home-game-lane"
>  8 | import { HomeHeroSection } from "@/components/home/home-hero-section"
     | ^^^^^^^^^^^^^^^^^^^^^^^^^^^^^^^^^^^^^^^^^^^^^^^^^^^^^^^^^^^^^^^^^^^^^
   9 | import {
  10 |   HomeCategoryBar,
  11 |   HomeCommunityCta,

Import map: aliased to relative './src/components/home/home-hero-section' inside of [project]/

https://nextjs.org/docs/messages/module-not-found @ http://127.0.0.1:3000/_next/static/chunks/node_modules_next_dist_f3530cac._.js:3127
[  427535ms] [LOG] [Fast Refresh] rebuilding @ http://127.0.0.1:3000/_next/static/chunks/node_modules_next_dist_f3530cac._.js:2297
[  429346ms] [LOG] [Fast Refresh] done in 681ms @ http://127.0.0.1:3000/_next/static/chunks/node_modules_next_dist_f3530cac._.js:2297
[  429474ms] [LOG] [Fast Refresh] rebuilding @ http://127.0.0.1:3000/_next/static/chunks/node_modules_next_dist_f3530cac._.js:2297
[  429533ms] [LOG] [Fast Refresh] done in 164ms @ http://127.0.0.1:3000/_next/static/chunks/node_modules_next_dist_f3530cac._.js:2297
[  429640ms] [LOG] [Fast Refresh] rebuilding @ http://127.0.0.1:3000/_next/static/chunks/node_modules_next_dist_f3530cac._.js:2297
[  430065ms] [LOG] [Fast Refresh] done in 530ms @ http://127.0.0.1:3000/_next/static/chunks/node_modules_next_dist_f3530cac._.js:2297
[  431255ms] [INFO] %cDownload the React DevTools for a better development experience: https://react.dev/link/react-devtools font-weight:bold @ http://127.0.0.1:3000/_next/static/chunks/node_modules_next_dist_f3530cac._.js:2297
[  431427ms] [LOG] [HMR] connected @ http://127.0.0.1:3000/_next/static/chunks/node_modules_next_dist_f3530cac._.js:2297
[  441639ms] [LOG] [Fast Refresh] rebuilding @ http://127.0.0.1:3000/_next/static/chunks/node_modules_next_dist_f3530cac._.js:2297
[  441652ms] [LOG] [Fast Refresh] done in 121ms @ http://127.0.0.1:3000/_next/static/chunks/node_modules_next_dist_f3530cac._.js:2297
[  549162ms] [LOG] [Fast Refresh] rebuilding @ http://127.0.0.1:3000/_next/static/chunks/node_modules_next_dist_f3530cac._.js:2297
[  549297ms] [LOG] [Fast Refresh] done in 248ms @ http://127.0.0.1:3000/_next/static/chunks/node_modules_next_dist_f3530cac._.js:2297
[  582647ms] [LOG] [Fast Refresh] rebuilding @ http://127.0.0.1:3000/_next/static/chunks/node_modules_next_dist_f3530cac._.js:2297
[  582801ms] [LOG] [Fast Refresh] done in 261ms @ http://127.0.0.1:3000/_next/static/chunks/node_modules_next_dist_f3530cac._.js:2297
[  613321ms] [LOG] [Fast Refresh] rebuilding @ http://127.0.0.1:3000/_next/static/chunks/node_modules_next_dist_f3530cac._.js:2297
[  613418ms] [LOG] [Fast Refresh] done in 206ms @ http://127.0.0.1:3000/_next/static/chunks/node_modules_next_dist_f3530cac._.js:2297
